c0,c1,rmse,kfold rmse
10.074480980251307,-8.762714926964275e-10,13.936655837102474,13.90803331111959
