train set,c0,c1,rmse,kfold rmse
gov,1.6806013569468268,-2.992865928568622,14.541848734973795,14.572548321162184
bible,1.5046068328057722,-2.4661517594471816,12.061884191613986,12.058490196760644
