model,log likelihood,R2 coefficient,normality pearson p-value,normality shapiro p-value,homocedasticity levene p-value,homocedasticity bartlett p-value
linear,-401.23376878960346,-0.032949372551627,0.0013818423052452385,1.3542122978549287e-09,8.729030308987015e-17,1.2808495770251337e-37
poly2,-401.4190507542196,-0.03682301949468303,0.0014046379455808992,1.6519097201239674e-09,1.1483085032912143e-16,3.0162569574081764e-36
poly3,-401.6231568905212,-0.04110703640689284,0.0014326416542798995,2.095782880573438e-09,1.689689820228523e-16,9.46377341004425e-35
exp,-400.9682892911093,-0.02742426498724715,0.0017458410622494217,1.3178446778283615e-08,1.9550437944335816e-14,1.0891008497845502e-25
log,-401.2495982465655,-0.03327974916452692,0.001381842305013817,1.3542122978549287e-09,8.729030292359e-17,1.2808495340718773e-37
power,-401.19914356330844,-0.03222707761212784,0.0013818423036850486,1.3542122978549287e-09,8.729030195309307e-17,1.280849287440632e-37
hmult,-401.2496742523652,-0.033281335736527584,0.0013818423051940255,1.3542122978549287e-09,8.729030305521315e-17,1.2808495675207628e-37
