train set,c0,c1,rmse,kfold rmse
gov,23.566912369517524,-1.1525486221984294,14.46091881037335,14.477820592560088
bible,9.774420618575395,-0.06389310710077048,12.018135472993565,12.03407848679428
