train set,c0,c1,rmse,kfold rmse
gov,14.129172561739457,-4.487339865012024e-09,14.476783295863635,14.489613056896413
bible,8.441190264361879,-4.5313856221363156e-05,12.018566547350261,12.028566268784598
