c0,c1,c2,c3,c4,rmse,kfold rmse
2.5847097124973724,-6.141600612670078e-09,-0.01168278022399254,-0.02198114836385021,-0.5553759065185386,13.708032643510261,13.712138496768521
