model,normality p-value,AIC of centered model,BIC of centered model,log likelihood,R2 coefficient,homocedasticity levene p-value,homocedasticity bartlett p-value
linear,,105.028252589434,108.44435299163843,-51.514126294717,-0.1125520653016503,0.266305511622309,0.5075821182137696
poly2,,104.85339307458095,108.26949347678537,-51.426696537290475,-0.0996580119565127,0.23525735711493306,0.3823240291840959
poly3,,105.37594110625183,108.79204150845625,-51.687970553125915,-0.1386413674033833,0.2649955259030082,0.5038584407998525
exp,,103.68489499192643,107.10099539413085,-50.842447495963214,-0.017246391991008858,0.020247954325563724,0.32832378612039975
log,,105.20058518256613,108.61668558477055,-51.600292591283065,-0.1254077042440076,0.2663055116464809,0.5075821182982432
power,,109.75086726577379,113.16696766797821,-53.875433632886896,-0.5242424196967459,0.9822492974494945,0.7656656169701805
hmult,,105.17520808828516,108.59130849048958,-51.58760404414258,-0.12350534208420716,0.2663055117681274,0.5075821187100026
