c0,c1,rmse,kfold rmse
10.118650311674267,0.0005268179649150156,13.928631132665899,13.899371067554863
