,pareto,rawlsian,mean,min,25%,50%,75%,max
linear,False,False,13.91420826324888,13.91420826324888,13.91420826324888,13.91420826324888,13.91420826324888,13.91420826324888
poly2,False,False,14.013452933749736,14.013452933749736,14.013452933749736,14.013452933749736,14.013452933749736,14.013452933749736
poly3,False,False,13.882576298218352,13.882576298218352,13.882576298218352,13.882576298218352,13.882576298218352,13.882576298218352
exp,True,True,13.708528192677988,13.708528192677988,13.708528192677988,13.708528192677988,13.708528192677988,13.708528192677988
log,False,False,13.901319507109516,13.901319507109516,13.901319507109516,13.901319507109516,13.901319507109516,13.901319507109516
power,False,False,13.761950946902008,13.761950946902008,13.761950946902008,13.761950946902008,13.761950946902008,13.761950946902008
hybrid_mult,False,False,13.785225389868698,13.785225389868698,13.785225389868698,13.785225389868698,13.785225389868698,13.785225389868698
