train set,c0,c1,rmse,kfold rmse
gov,12.80845744532519,2.9126498507731713e-09,14.667256194373342,14.801814359885617
bible,6.8706183690273,-4.468199211526477e-09,12.311042851058554,12.236456699986165
