train set size,c0,c1,rmse,kfold rmse
1,-1.922590934079744e-09,-6.3207296899110785,5.061527812609275,4.989471528461123
10,-7.561887403085963e-09,-11.507271991919021,6.7232493945531715,6.622473663331148
25,-6.84861811448777e-09,-13.044075385364584,7.213180554775122,7.132924500504685
50,-5.990245009486927e-09,-16.397853365115136,6.066070628680536,6.159605528971015
