c0,c1,rmse,kfold rmse
7.209726595886232,0.9948766647745635,13.691018670284253,13.700358677741221
