c0,c1,rmse,kfold rmse
2.1788861981505803,3.02398692002401,13.74861453222029,13.744810525962277
