c0,c1,rmse,kfold rmse
10.053694147381298,-1.5191612828976562e-09,13.940449743400938,13.900617194659729
