train set,c0,c1,rmse,kfold rmse
gov,11.064669079453884,-5.966176592126898e-09,14.804961593721998,15.207256140551081
bible,6.040154040997449,-1.9500645366095415e-09,12.275398469821527,12.236462126823135
