c0,c1,c2,rmse,kfold rmse
1.2203126599834284,0.39306076904792914,-1.3963057615389454,6.780829079011134,6.810467971458982
