c0,c1,rmse,kfold rmse
10.06418395917563,7.404522243532709e-09,13.938531450252501,13.908415259890512
