train set,c0,c1,rmse,kfold rmse
gov,12.054531284886092,0.5794046380044583,14.075914181985029,14.084408239291168
bible,7.212632876011008,1.075733248280554,11.825157498155285,11.836893396299018
