c0,c1,c2,c3,c4,rmse,kfold rmse
1.679538164994503,-2.7261021071072244,-4.307328628546537e-09,0.005691546876496379,-0.06501860883930365,13.758017565827712,13.76192791918303
