c0,c1,rmse,kfold rmse
10.07240774797072,-4.255079024875307e-09,13.937032887646932,13.900958260818298
