c0,rmse,kfold rmse
10.10808501868884,13.930586017064448,13.901320734599953
