c0,c1,rmse,kfold rmse
10.00398772104345,3.869837282097756e-09,13.949643315464678,13.901272033280046
