,pareto,rawlsian,mean,min,25%,50%,75%,max
linear,True,False,4.897260199454089,1.3576941236277535,2.245978316995754,4.031791682233527,7.1000726669048175,10.188743518251318
poly2,True,False,4.868465851144719,1.3576941236277535,2.245978316995754,3.9999398305525053,7.122221492698893,10.02891479624436
poly3,False,False,5.03457063269697,1.3576941236277535,2.245978316995754,4.039635416756477,7.581271148303746,10.360549829812769
exp,True,True,4.702939568233217,1.3576941236277535,2.245978316995754,4.060015414182889,6.829263358977418,9.346267165563471
log,True,False,4.905690064978862,1.3576941236277535,2.245978316995754,4.027109378058125,7.126548882033007,10.210264163462906
power,True,False,5.193366234960602,1.3576941236277535,2.245978316995754,3.6717917339048713,7.868173180925393,11.42124564370117
hybrid_mult,True,False,4.5357647693022605,0.7505553499465134,1.4508677945528736,3.7532499454276973,7.165362342469379,9.971393155933782
