c0,"c1,1","c1,2","c1,3",rmse,kfold rmse
6.194953629367064,53.43520044307372,-101.61041423411254,61.54681523575735,13.131352848072423,13.170580030006136
