c0,c1,c2,c3,c4,rmse,kfold rmse
1.5314497670813316,-9.755109058347051e-09,-0.7001554353602523,-0.3487485749156816,-1.2753004705159265,13.800962400181168,13.781940617403153
