c0,c1,c2,rmse,kfold rmse
2.627928147697632,-1.1616290861265356e-09,-1.3115819234441546,13.772981658487412,13.76137791615864
