c0,c1,rmse,kfold rmse
54.0440274781623,-4.98285480893084,5.82577312269828,5.844333454829057
