c0,c1,c2,c3,c4,rmse,kfold rmse
5.657731722701821,-3.922812089124698e-09,0.006667772640297619,4.651206053905908,0.1027622354933786,13.960965182451123,14.002749074842342
