train set,train set size,c0,c1,rmse,kfold rmse
gov,1,5.183333217153801,-13.929492222810609,8.13766505777873,8.205749030569226
gov,10,13.449999491232004,-13.011503039329776,13.967686252893122,14.085964157994912
gov,25,15.449986398722674,-13.929530802035657,15.340629906428678,15.46972289278238
gov,50,16.899971143311284,-11.890354444920739,17.191535384869624,17.50387026531682
bible,1,4.08325618816812,-10.303686116343371,7.763549684694976,7.817229103177356
bible,10,8.29998689748898,-9.921895201639412,12.348501183609839,12.434191007398198
bible,25,9.91667613942055,-9.524199072173412,14.16900503578582,14.26651227862401
