model,mean,min,25%,50%,75%,max
linear,13.1779565380957,10.512665232601028,11.98955323435024,12.428129173312817,14.393182549413215,18.449885347085257
poly2,13.467673566740919,10.314892463195342,12.0359376376654,12.784498913714021,14.804705594076507,19.332549291353764
poly3,13.529188258874782,10.571105510956585,12.274053533470045,12.868086774540785,14.963526819639428,19.01855379258159
exp,13.142187086671488,10.313072410752593,11.860716046012987,12.529173447963704,14.338188278265383,18.553123171990407
log,12.948561199562382,10.275896619656637,11.819611989774927,12.259871817225406,14.280254263680092,18.133305540531747
power,12.9126936542284,10.192291400977352,11.745749237910921,12.22360065378826,14.255209048931722,18.06175720685976
hmult,13.09720153300177,10.406239026403115,11.927882941991058,12.363968074854249,14.332337064477176,18.315799630512373
scaling,12.888338879547387,10.187530071069803,11.648941120664123,12.22696440394865,14.282294733798686,17.966451599763175
