train set,c0,c1,rmse,kfold rmse
gov,15.78674108679222,0.11241897576033907,14.473155827039847,14.487707613401478
bible,10.481863347417862,0.2551966159985242,12.01089107632397,12.025293690250988
