train set size,c0,c1,rmse,kfold rmse
1,4.725355173877599,-5.437439317913226e-09,8.497902708211445,8.453314508827663
10,10.810116714154065,-1.8154541006366e-08,13.780940332028072,13.714221251144968
25,12.703294649337762,-5.972029959395807e-09,15.38039387145348,15.317428194382218
50,17.06657920230517,-7.641951856511207e-09,17.41230068381708,17.970604851934098
