c0,c1,c2,rmse,kfold rmse
1.172222979686426,1.9571637421891457,-1.4937696700903669,6.821772178108721,6.849397843324931
