init,rmse of each slice
-1.0,6.661338147750939e-15,1.2639000486876124e-15,3.28025345777039e-14,8.21745054666705e-15,2.9324416816155283e-13,4.4938668397781774e-15,9.499773026619307e-15,2.426288215610792e-15,6.355287432313019e-15,6.879800455918813e-15,1.0953200263044687e-15,9.173067274558417e-15,1.2237659599594665e-15,6.685964250766227e-15,6.907365958811877e-16,1.0523524451033293e-14,1.239213149070908e-14,2.124948694034914e-15,1.5511369252661372e-15,7.944109290391274e-15,2.010920089853413e-14
-0.5,4.296434007659337e-15,1.1341133338690501e-15,2.742731775472689e-14,5.209300830207717e-15,3.567237281462928e-13,1.0173423748423966e-14,2.8165200625776653e-14,1.5319468636452473e-15,1.0048591735576161e-14,3.076740298213702e-15,3.6259732146947156e-16,1.0048591735576161e-14,2.0341889497243833e-15,5.2794966917130546e-15,8.632534350630958e-16,1.0454190766266624e-15,7.810585338954537e-15,2.604887018675687e-15,3.100821703715783e-13,8.101433657963767e-15,5.145737004726244e-15
0.0,6.928360995408551e-15,3.6389718532636063e-13,1.1007680729470101e-14,4.5807968825171585e-15,3.796248498485888e-15,1.5888218580782547e-15,7.983731028902324e-15,6.153480596427404e-15,4.4938668397781774e-15,4.699798436761765e-15,8.694778322860238e-16,0.0,1.5637009488370961e-15,1.8980160169264346e-14,8.832904492084395e-13,6.661338147750939e-16,3.552713678800501e-15,1.5427326063709052e-12,8.7136595140917915e-16,4.766465574234764e-15,4.141890811963564e-15
0.5,8.479662228585242e-15,3.2116098759336216e-14,1.653062060445882e-14,1.2255574909161978e-14,8.26381888044816e-15,1.1995341975630064e-14,1.3713658877363445e-14,1.7735791100395788e-15,1.2710574864626037e-14,1.4503892858778862e-15,5.285718846720614e-16,1.3605857528721374e-14,1.056971289263319e-14,1.864469644610479e-14,2.5465646091824767e-15,5.68205737443658e-15,2.242247422254864e-14,6.918509874568664e-16,2.421121263272667e-14,1.0296742478167743e-14,2.5438405243138005e-15
1.0,2.589462819655575e-15,2.1476195339566255e-13,6.153480596427404e-15,7.588599744428075e-15,9.440421641396311e-15,8.987733679556355e-15,2.2441229954997874e-14,3.425024607500223e-13,1.4561792860887976e-14,1.0255800994045674e-15,1.005363602702101e-13,7.105427357601002e-15,1.0735345726716592e-15,8.3633526130133e-15,8.012344526598183e-16,4.1540741810552243e-16,1.085371957040555e-14,5.062963783084128e-13,1.873614428913671e-15,1.3941855222546866e-14,5.832634613762132e-16
