c0,c1,rmse,kfold rmse
10.100446749056832,9.385798402791892e-10,13.931958814303773,13.912121393158701
