train set,c0,c1,rmse,kfold rmse
gov,8.38447770799247,3.0792004530309796,13.776960099464723,13.77979119555847
bible,6.1810425903195485,1.797869988368022,11.775520840887951,11.787533504659368
