train set,c0,c1,rmse,kfold rmse
gov,15.113640955716507,1.677487141796444e-07,14.476829866387277,14.488310711469513
bible,9.4982088163262,3.99066154048676e-09,12.01823299327365,12.027583703805174
