c0,c1,rmse,kfold rmse
10.648592218781484,-0.17419182919117435,13.702187376315566,13.715799335844531
