language to,c0,c1,c2,rmse,kfold rmse
ka,3.3430622973556816,0.15428445903144838,-0.9707288423741659,5.9890153127793555,6.021871386912067
gu,6.521841329589419,0.039477711728729624,-0.6695774757295514,7.25750349784366,7.293506124968405
hi,4.699018951513846,0.026372081322069238,-0.8537689857653948,6.22254673198691,6.257119140888738
si,2.184385913438041,-0.07964813909115045,-1.3018360927721966,3.3306243036088072,3.3475859520400317
ta,1.3222506472461046,-0.39712672796436577,-1.2657642953505956,4.17848719460171,4.216934802338153
