c0,c1,rmse,kfold rmse
16.571604258807014,6.802588496874725,13.69101867028138,13.700358627570463
