c0,c1,rmse,kfold rmse
12.567141905985821,-8.583289311165454e-09,13.704485536681558,13.711527979426796
