c0,c1,rmse,kfold rmse
9.960374040258914,-6.337142623317387e-10,13.957850800234018,13.926467589044528
