c0,c1,rmse,kfold rmse
9.578927862103113,0.796580658932376,13.272912984722417,13.2906405107175
