,pareto,rawlsian,mean,min,25%,50%,75%,max
linear,True,False,13.848743380890042,8.440940396023723,12.393851618217045,14.513922259220056,15.968814021893053,17.926188609096332
poly2,False,False,13.89034342825874,8.463451487000627,12.416242495330623,14.536258288647959,16.010359221576074,18.025405648738413
poly3,False,False,13.91606253695523,8.531706574286146,12.433425979358738,14.529247704378648,16.01188426197514,18.07404816477748
exp,True,True,13.782550951571462,8.247058034505157,12.37894685124784,14.582573589551831,15.986177689875454,17.717998592677024
log,False,False,13.863892201572236,8.453314508827663,12.398994565565642,14.515824722763593,15.980722358770189,17.970604851934098
power,True,False,13.897125199663208,8.453884005873208,12.39789163854727,14.494159463036402,15.99339302415234,18.146297866706817
hybrid_mult,False,False,13.867520279974515,8.453349550736894,12.398289194664201,14.515321578107148,15.984552663417464,17.986088412946877
