model,pareto,rawlsian,gov,bible
linear,False,False,14.029698920234091,11.824266554069933
poly2,False,False,13.837913611301497,11.798655100249636
poly3,False,False,13.78421267379891,11.798659218249815
exp,False,False,14.084408250275931,11.836893285160969
log,True,False,13.779692795428474,11.787332040260647
power,False,False,13.809104511388965,11.788599375606571
hmult,False,False,13.920360293783949,11.801185060934795
scaling,True,True,13.77369930029007,11.791957198395597
