,best min inits,best min rmse,best mean inits,best mean rmse,best max inits,best max rmse
simple,"[-0.5, 0.5]",0.0,[0.0],1.4605753718727361,[0.0],3.0503105292614117
kfold,[0.0],0.0033262864060815216,[-1.0],1.8217125181631832,[1.0],5.34867468300879
