c0,"c1,1","c1,2",rmse,kfold rmse
23.75752693593954,2.965161075578565,-15.748345191940723,13.640981169350018,13.648472724163748
