c0,c1,c2,rmse,kfold rmse
10.434744879545091,-1.7623200108644902e-09,-2.4486061919711603e-09,13.8756850967267,13.95195970221046
