train set,c0,c1,rmse,kfold rmse
gov,11.981420922710555,0.5863684297132982,14.076031530812655,14.084400425473643
bible,7.145261653703524,1.0929674727897971,11.825263213779865,11.836979714432607
