c0,c1,rmse,kfold rmse
10.105079415343544,-1.2958713889445835e-09,13.931125719318473,13.907992882366216
