c0,c1,c2,rmse,kfold rmse
9.743225127193442,0.03454231243686043,-2.2446377693487638e-10,13.99749368702625,13.90452060773014
