train set,train set size,test set,c0,c1,rmse,kfold rmse
gov,1,flores,19.799999999980702,-39.99999999994917,1.5388307249337074,1.5798734126505838
gov,1,bible,7.849999999999994,-18.499999999999986,0.2863564212655271,0.2898275349237889
gov,1,gov,35.57499999999538,-43.24999999998834,3.321671266094825,3.348731102970052
gov,10,flores,34.44999999996385,-59.49999999990501,2.483948469674844,2.700041151949831
gov,10,bible,11.349999999999925,-24.49999999999978,0.7861297602813418,0.8173126696681039
gov,10,gov,32.09999997462724,7.000000066782104,3.745397175200517,3.7455158374974364
gov,25,flores,40.97499999897882,-70.24999999730504,2.6932322588295277,2.9305668772832862
gov,25,bible,13.424999999999944,-28.749999999999954,0.8303613671167511,0.851012468899385
gov,25,gov,35.349999966283505,8.500000089150877,4.443647150708526,4.4466716641989565
gov,50,flores,10.142847638505245,10.142880903736378,3.4185767018843767,3.7133767202731067
gov,50,bible,1.5476209693367722,1.5476142433246893,0.8730533902472529,0.917877987534291
gov,50,gov,34.85179352050068,18.70384953208162,5.336873824836242,5.391660226683421
bible,1,flores,5.2999999802987325,-10.999999948226668,0.3286335345030996,0.3299831646223624
bible,1,bible,13.600000000000447,8.999999999999249,3.037762334350731,3.0495901363953815
bible,1,gov,3.2999999994637754,-6.9999999985832,0.2607680962081059,0.2674987019740358
bible,10,flores,9.500000000000002,-19.0,0.31622776601683794,0.328633534503099
bible,10,bible,15.100000003465023,32.99999999090593,3.325657829663179,3.3517491287216683
bible,10,gov,6.5249999999999995,-13.749999999999998,0.4018706259482024,0.4133870938806529
bible,25,flores,10.125000000000018,-19.750000000000057,0.31224989991991986,0.31937438845342564
bible,25,bible,16.27500000000003,40.749999999999915,3.3641492238008706,3.382339754854197
bible,25,gov,8.224999999999993,-17.74999999999998,0.354259791678367,0.36727222722238184
