model,normality p-value,AIC of centered model,BIC of centered model,log likelihood,R2 coefficient,homocedasticity levene p-value,homocedasticity bartlett p-value
linear,0.0013818423052330499,804.7002596642894,811.8904993645587,-401.3501298321447,-0.0353804119376262,8.729030309230672e-17,1.2808495742716432e-37
poly2,0.001382629809466454,806.1530080728878,813.343247773157,-402.0765040364439,-0.0506858414830631,8.864422210787566e-17,1.3876136011335176e-37
poly3,0.001381842302505555,804.4777808927813,811.6680205930505,-401.23889044639066,-0.0330562550944109,8.729029815636415e-17,1.2808492200448522e-37
exp,0.0014753989859502034,801.3865504768526,808.5767901771218,-399.6932752384263,-0.0012979385740363725,2.680926655332799e-15,1.8696649732834294e-31
log,0.001381842305188557,803.8694116248807,811.05965132515,-400.93470581244037,-0.02672744117552539,8.729030301257188e-17,1.280849568492623e-37
power,0.001190636355924874,802.121334918837,809.3115746191062,-400.0606674594185,-0.008757284662414655,5.040539117762826e-17,3.773235199888054e-37
hmult,0.0011820324944784167,803.7058153426269,810.8960550428961,-400.85290767131346,-0.025032187786666382,5.602793729049564e-17,8.324721317619565e-37
