c0,c1,rmse,kfold rmse
10.041296402825193,-1.772685379125898e-09,13.942726778485175,13.900205394022388
