init,kfold rmse of each slice
-1.0,2.2435314082649542,0.7471116053908392,3.1163088461254076,3.52036399669856,1.2810020372293835,3.667662471906803,4.001962780017711,1.4258482305907898,4.388056098065753,1.8810996715876758,0.6001696955224101,5.43941370736067,0.5801877992338047,2.808830852830543,0.42957032713630466,0.9425850740808767,3.308606901791015,0.7767834052706363,0.8159807670323972,3.691288902388071,0.7830701254244472
-0.5,2.2435314200981296,0.7471116035852635,3.1163088389947347,3.5203639552829373,1.281002038011799,3.667662450784748,4.001962787063452,1.4258482296720092,4.388056174688166,1.881099670793567,0.6001696950560823,5.439413953966141,0.5801877961683957,2.8088309729110144,0.42957032751058855,0.9425850719000052,3.30860691593691,0.7767834069747286,0.8159807667103371,3.6912889131941005,0.783070127608439
0.0,2.243531405530522,0.7471116045262974,3.1163088586337118,3.520363930662617,1.2810020374190079,3.667662458805261,4.0019628025938365,1.4258482274926898,4.388056167952088,1.8810996664552975,0.6001696905959731,5.439414037454581,0.5801877997611452,2.8088309197906502,0.42957032745789686,0.9425850728777381,3.3086068938957243,0.7767834096965957,0.8159807674240652,3.6912888956863403,0.7830701255336783
0.5,2.2435314157736053,0.7471116041137058,3.116308839061799,3.5203639682334975,1.2810020372629438,3.667662464300645,4.001962819140817,1.425848232751073,4.388056153740955,1.8810996762494678,0.6001696926679689,5.439413754055648,0.5801877992338047,2.8088308528452077,0.42957032866551337,0.9425850710507355,3.3086068966973285,0.7767834081608398,0.8159807683827889,3.691288897047378,0.7830701266160085
1.0,2.2435314110314293,0.7471116037566112,3.1163088542832953,3.5203639237590285,1.2810020348848923,3.667662464710281,4.001962771014689,1.4258482312235194,4.388056114904246,1.88109965705955,0.6001696943810062,5.439413705733945,0.5801878002104977,2.808830989290269,0.4295703282276144,0.9425850746678657,3.3086068959857164,0.7767834069359024,0.8159807645159394,3.6912889019559456,0.7830701275285754
