c0,c1,rmse,kfold rmse
10.121502600003598,-1.1214379496221162e-09,13.928184340408743,13.904834159508708
