,models,Normality p-value,AIC of centered model,BIC of centered model,LogLikelyhood,R2 coefficient,Homocedasticity Levene p-value,Homocedasticity bartlett p-value
0,linear,0.6823503612861683,140.99107620512643,144.77181972091876,-69.49553810256322,-0.013466823102113112,0.46871225801905725,0.3889608888343774
1,poly2,0.2823231652992081,139.08971860438442,142.87046212017674,-68.54485930219221,0.08812651983494002,0.24509321351611682,0.2252210015782943
2,poly3,0.22091529693535703,139.52683299114256,143.30757650693488,-68.76341649557128,0.06571139898813139,0.4893180052427365,0.40886501973467226
3,exp,0.49381271106236513,140.31092872597787,144.0916722417702,-69.15546436298894,0.024113528642692672,0.11315217669043963,0.07586301356369242
4,log,0.29728458941601826,139.86353278119947,143.6442762969918,-68.93176639059973,0.04807054605061156,0.28043158006393754,0.26081526977259606
5,power,0.4455669063440799,139.497492057964,143.27823557375632,-68.748746028982,0.0672330972838463,0.17583256215528098,0.18123386327808044
6,mult,0.4455669063440799,139.497492057964,143.27823557375632,-68.748746028982,0.0672330972838463,0.17583256215528098,0.18123386327808044
7,hybrid_mult,0.5719243238371399,140.4319204779103,144.21266399370262,-69.21596023895515,0.017531754309748626,0.3269206313041137,0.28884949587181385
8,scaling,0.3821293563030336,139.35163892393595,143.13238243972827,-68.67581946196798,0.07476072343801476,0.21991749976783911,0.22180547505468912
