train set,train set size,c0,c1,rmse,kfold rmse
gov,1,-3.294346568934148,-11.789580263215006,8.188810115709789,8.23729929736368
gov,10,7.524505599993856,-8.92234673569779,14.004110507773772,14.066280958154234
gov,25,8.241697392288096,-10.486090916123425,15.380326538941468,15.44678719472958
gov,50,10.63643291671929,-9.746068913028253,17.231882595287697,17.365608632390103
bible,1,5.244474429665279,-1.0428187704216418,7.821849738606174,7.894390847536215
bible,10,10.434827870458804,0.02891684268589186,12.381516241740323,12.489543368420797
bible,25,12.320211152325566,0.376736645664344,14.194198736742205,14.297390476331234
