c0,c1,rmse,kfold rmse
10.053973935193989,-3.3810863131169543e-10,13.940398478913114,13.910148135632188
