model,normality p-value,AIC of centered model,BIC of centered model,log likelihood,R2 coefficient,homocedasticity levene p-value,homocedasticity bartlett p-value
linear,,60.70262674001416,62.594447038124784,-29.35131337000708,-0.028176852913993855,0.14548820200595627,0.0005953055082422567
poly2,,59.92025832954225,61.81207862765287,-28.960129164771125,0.08055010467145007,0.01590737235522838,0.03282764512095337
poly3,,59.93071010130297,61.822530399413594,-28.965355050651485,0.0791762391958909,0.0005473130606872339,0.018423202972625657
exp,,60.70512183609601,62.596942134206635,-29.352560918048006,-0.028543403956856617,0.14483121002011345,0.0005319400275400826
log,,60.779318089413295,62.67113838752392,-29.389659044706647,-0.03950339593368546,0.39127748899497733,0.18620901789242122
power,,60.8474876701423,62.73930796825292,-29.42374383507115,-0.04967606467251495,0.5006203704451592,0.2702151784848958
hmult,,60.77853304358371,62.67035334169433,-29.389266521791853,-0.039386822784067244,0.21952006691575207,0.01599730406412161
scaling,,60.822767720126606,62.71458801823723,-29.411383860063303,-0.04597575364667472,0.948206470827182,0.9087660993182346
