model,normality p-value,AIC of centered model,BIC of centered model,log likelihood,R2 coefficient,homocedasticity levene p-value,homocedasticity bartlett p-value
linear,,38.213367200137206,39.796886138593315,-18.106683600068603,0.16481535970027295,0.8865072544290569,0.845208523318311
poly2,,37.35331125531925,38.93683019377536,-17.676655627659624,0.27634832188245806,0.8121071780666974,0.848609654389014
poly3,,37.3227944830779,38.90631342153401,-17.66139724153895,0.28001956333885525,0.6724224205741322,0.5216344071363224
exp,,38.94759814073962,40.53111707919573,-18.47379907036981,0.056095826427076,0.7625057523272234,0.8096584733841218
log,,37.72232350056161,39.30584243901772,-17.861161750280804,0.23044516606292342,0.9277090695054471,0.9787689002848133
power,,37.768381996701095,39.351900935157204,-17.884190998350547,0.2245150109567553,0.9463511748391,0.9490967321950827
hmult,,37.61735264971774,39.20087158817385,-17.80867632485887,0.24379154816742077,0.976658835841458,0.9998563752842121
scaling,,37.70286166167757,39.286380600133676,-17.851430830838783,0.23293728081502574,0.9170621792249715,0.9269879133130973
