model,normality p-value,AIC of centered model,BIC of centered model,log likelihood,R2 coefficient,homocedasticity levene p-value,homocedasticity bartlett p-value
linear,,42.68952189586265,44.273040834318756,-20.344760947931324,-0.11759734999489635,0.47302644490220963,0.3460001684529548
poly2,,41.40634205435108,42.98986099280719,-19.70317102717554,0.09758623908872588,0.25284401427955083,0.03468367700514965
poly3,,41.8020452458763,43.38556418433241,-19.90102262293815,0.03606519583893786,0.3378610220143282,0.044473851017505076
exp,,42.0914611423296,43.67498008078571,-20.0457305711648,-0.011570795258048827,0.9058474563109068,0.7574977940752402
log,,41.95493296512121,43.53845190357732,-19.977466482560605,0.011187282345817118,0.22945812975429394,0.04531987944408453
power,,41.586462331246544,43.16998126970265,-19.793231165623272,0.07008500753905167,0.314773979494132,0.2349432414194827
hmult,,42.19061112227856,43.77413006073467,-20.09530556113928,-0.028425880828020444,0.38255960692664553,0.27581260943999714
scaling,,41.5229375445174,43.106456482973506,-19.7614687722587,0.07987851378520328,0.23154184932098448,0.13670284915813846
