model,normality p-value,AIC of centered model,BIC of centered model,log likelihood,R2 coefficient,homocedasticity levene p-value,homocedasticity bartlett p-value
linear,,51.92931957420898,53.51283851266509,-24.96465978710449,-0.013235223790150519,0.4918140530306297,0.4061098501987892
poly2,,51.9837582813814,53.56727721983751,-24.9918791406907,-0.02247025832260574,0.3615718480132371,0.04152677236367556
poly3,,52.06283629113406,53.64635522959017,-25.03141814556703,-0.03603527199902512,0.40619333372753647,0.06818939525382062
exp,,51.858985689840736,53.442504628296845,-24.929492844920368,-0.001427106722282634,0.7754697289173147,0.6827874383371739
log,,51.73853631354577,53.32205525200188,-24.869268156772886,0.01847599360059038,0.3506396504771984,0.176999052921908
power,,51.83604896820499,53.4195679066611,-24.918024484102496,0.0023938277795269025,0.21893781172720844,0.10069863251208307
hmult,,51.869279745844786,53.452798684300895,-24.934639872922393,-0.003146705891413193,0.4319716501063931,0.3646767379287602
scaling,,51.85146779372681,53.43498673218292,-24.925733896863406,-0.00017312167145155932,0.1980928626997104,0.03408812236089067
