train set,train set size,test set,c0,c1,c2,rmse,kfold rmse
gov,1,flores,-10.863296760870968,-4.172053027945973,0.36264049809977966,1.4910652098408699,1.733276563430062
gov,1,bible,-7.225385982705232,-3.2920706902231687,0.3773851112660684,0.2829084905243232,0.3946077959974393
gov,1,gov,15.444871208030243,-4.4605818485985775,2.502966756405685,3.1889775471990554,3.2125885729635204
gov,10,flores,-15.485294049164427,-4.804853328228339,0.23217013926546598,1.2194855614691649,1.7678082969446254
gov,10,bible,-10.44135588069991,-3.7803033504699797,0.2758679027321666,0.4502393193699177,0.5560255047992846
gov,10,gov,34.15907332622577,-0.6214463226561021,1.2036857103732927,3.7384304368323953,3.73876843537914
gov,25,flores,-15.688587719768355,-4.964462964470484,0.261331599872735,1.3896028162638663,2.0429197300319033
gov,25,bible,-10.762933156357315,-3.9210809723129714,0.3267585616122372,0.5223220695369527,0.6177491235662719
gov,25,gov,38.08171751663518,-0.006841736531189219,0.8713335530913968,4.443597968241398,4.446930457015808
gov,50,flores,-8.022549631645598,-4.2105772665409775,-0.0965555538291584,5.9801082239386945e-15,3.7133145149448987
gov,50,bible,-7.468011140073327,-3.259860551981022,0.08096235766414206,6.280369834735101e-16,1.342712160810029
gov,50,gov,41.948216033985624,1.1835649875338905,0.13120120054111553,5.325759782909534,190.52519470522162
bible,1,flores,-4.703008496641484,-2.7750323034211606,0.3123142724233822,0.31891317390410534,0.3599623329270913
bible,1,bible,16.605567673420044,2.2146705214810494,-0.8643033374078236,3.050659373079194,3.0584175116649637
bible,1,gov,-4.425925153956699,-2.4545038519358564,0.19779227060078566,0.22032641148997545,0.25229422646602156
bible,10,flores,-6.138855795548674,-3.322255125631762,0.3488104426318364,0.32978815466439976,0.4766184217348667
bible,10,bible,26.620956421649048,2.243122655281079,-1.9045207336906358,3.531894961569662,3.534799635620203
bible,10,gov,-6.306174948371152,-3.091351512936324,0.2675618384944111,0.32315358026697016,0.3912116900525046
bible,25,flores,-6.120806453048556,-3.388777631278331,0.36215980922163726,0.27016387659275504,0.39533597581038743
bible,25,bible,30.63413015355692,2.2121414338460355,-1.989318469565006,3.683535923102418,3.683786176049546
bible,25,gov,-6.881285729251381,-3.284233498455395,0.3233940271781256,0.32386970724760167,0.415344049065152
