c0,c1,rmse,kfold rmse
10.520447821113965,-2.10370839669337,13.702285901171365,13.714888868229906
