init,kfold rmse of each slice
-1.0,1.0781320348189471,0.27170314018523056,2.6434405188407144,2.2942197899098558,0.7093079058275387,3.242958181940577,2.5006887939431377,0.743277068697392,3.8619943034649866,2.735263546107882,0.7756717518813397,5.225578117937445,0.22149491617974446,1.8484225674301904,0.1810417933601454,0.24494897427831716,2.121909517335278,0.2924954910765362,0.29230881691212707,2.248110317577863,0.29230881885745696
-0.5,1.0781320339260911,0.27170314004373136,2.6434405186098666,2.2942197899095933,0.7093079058328856,3.242958182723193,2.5006887938017037,0.7432770686780509,3.861994303465025,2.735263546107882,0.7756717518813396,5.225578117937445,0.22149491614031708,1.8484225314542326,0.18104179335909057,0.2449489742783178,2.121909517391381,0.29249549107374234,0.2923088169136052,2.2481103175778543,0.29230881851808416
0.0,1.0781320339534493,0.27170314024274694,2.6434405185434264,2.2942197899186523,0.7093079057171227,3.242958183111699,2.500688792206157,0.7432770686894246,3.8619943034684434,2.735263546107882,0.7756717518813396,5.225578117937445,0.22149491613535988,1.848422747790608,0.18104179337592063,0.24494897427835935,2.1219095173963107,0.2924954910737826,0.2923088160124204,2.248110317537084,0.29230881782040885
0.5,1.0781320339197729,0.2717031402037393,2.6434405186308982,2.2942197899063763,0.7093079056647945,3.2429581831682306,2.5006887937944327,0.743277068689016,3.8619943034621897,2.735263546107882,0.7756717518813399,5.225578117937445,0.2214949161148941,1.848422550518868,0.18104179333738027,0.24494897427831697,2.1219095173891573,0.2924954910740936,0.29230881691217625,2.2481103175778614,0.2923088191097498
1.0,1.0781320338195115,0.27170314015115904,2.6434405169941138,2.29421978990748,0.7093079056960309,3.2429581825800744,2.500688793864123,0.7432770686832788,3.861994303461818,2.735263546107882,0.7756717518813396,5.225578117937445,0.2214949161555313,1.8484225677304782,0.18104179336872606,0.24494897427832038,2.1219095173748066,0.29249549107383205,0.2923088169122016,2.24811031757786,0.2923088196094378
