language to,c0,c1,rmse,kfold rmse
ka,10.21959395338627,0.3485840034339819,11.181735515976873,11.187611896924784
gu,15.315413695505944,-0.18228038301812155,10.842037792903541,10.85424321052746
hi,15.275333181375448,-0.20822666069350515,11.789693041690976,11.80262187593427
si,16.55091918156552,-0.2374433159787004,16.01099301859411,16.022517915557746
ta,13.782368740250126,-0.13912859338060438,12.87320126137287,12.882821704021413
