c0,c1,rmse,kfold rmse
10.089549496826717,9.007266156932586e-09,13.933924349291472,13.903472834811717
