c0,c1,c2,rmse,kfold rmse
1.6512090830736645,0.20043838430803781,-1.2766578345677233,6.435990663759578,6.470255069638118
