c0,c1,rmse,kfold rmse
12.130778036403827,0.6183457398134707,13.628569592337783,13.635308897367258
