train set,c0,c1,rmse,kfold rmse
gov,12.702909552814036,-6.276023253115252e-10,14.684582450491032,14.802728259941585
bible,7.040000139348671,-1.4484019143878878e-09,12.275429812595032,12.286040660294937
