model,pareto,rawlsian,gov,bible
linear,True,True,14.80391477601746,12.274705301076098
poly2,False,False,14.92183735514382,12.354798342842791
poly3,False,False,14.80822994736732,12.287891438115986
exp,True,False,14.835060488648518,12.184832273484412
log,False,False,14.879214639851824,12.236665592402062
power,False,False,15.062976270881212,12.30887179186799
hybrid_mult,False,False,15.30373380387645,12.702274019742214
