train set,train set size,test set,c0,c1,c2,c3,c4,rmse,kfold rmse
gov,1,flores,4.625215609345784,-0.04721676030014375,0.0,0.0,0.0,2.219908596334403,2.4657526807673165
gov,1,bible,-0.623257995564462,2.702509770107939,0.0,0.0,0.0,0.7814534975159481,0.8609112555283939
gov,1,gov,-4.998620640994721,45.19968629274989,0.0,0.0,0.0,2.9554990245089967,3.1421349439787445
gov,10,flores,24.35565485551227,-23.435633069468988,0.0,0.0,0.0,3.226676296899101,3.713338602279661
gov,10,bible,4.046171202417388,-3.756566996636832,0.0,0.0,0.0,1.2417067967527393,1.3591362873811026
gov,10,gov,13.451603136163381,39.90008435534679,0.0,0.0,0.0,3.159502559194897,3.3747701376340027
gov,25,flores,26.950915252910796,-23.726360868216222,0.0,0.0,0.0,3.7001354620466502,4.264030473949092
gov,25,bible,3.5035547592002247,-1.8791613956855584,0.0,0.0,0.0,1.4152220009963494,1.5325193301323707
gov,25,gov,14.561933667051848,44.97394710783313,0.0,0.0,0.0,3.8239974995690917,4.131946208982748
gov,50,flores,49.04087614470455,-64.75767513609512,0.0,0.0,0.0,0.4906141682249145,0.8514034559949901
gov,50,bible,10.727600772137581,-15.9119476312383,0.0,0.0,0.0,0.2667445811589546,0.4629039890325001
gov,50,gov,12.263473651436176,55.88992818974244,0.0,0.0,0.0,4.467317590949293,7.752506689062835
bible,1,flores,0.30469771417416736,1.5266577171108835,0.0,0.0,0.0,0.5436569565527097,0.585794537274683
bible,1,bible,9.459529469255083,14.15702628225543,0.0,0.0,0.0,2.9729140930907487,3.082697522215072
bible,1,gov,0.9222545020267683,-0.5285231770882846,0.0,0.0,0.0,0.38167552464485915,0.41649500513610777
bible,10,flores,1.3011005837709906,1.8329955517871033,0.0,0.0,0.0,0.8178572315077323,0.9198285926888753
bible,10,bible,20.894005586797125,12.631909447350816,0.0,0.0,0.0,3.5198115832889347,3.6051721470722287
bible,10,gov,1.5235682963057424,-0.41863258558273553,0.0,0.0,0.0,0.6808423136717594,0.747997423114608
bible,25,flores,1.5522723430578753,1.9993251887163417,0.0,0.0,0.0,0.8433549233416753,0.9307017199519075
bible,25,bible,25.21790536933454,12.250104895362979,0.0,0.0,0.0,3.6858810488160434,3.728797482920773
bible,25,gov,0.9533542061834971,0.9861498532359771,0.0,0.0,0.0,0.7918798193465277,0.8850656637193782
