init,rmse of each slice
-1.0,1.2970295734051718,0.6691636848146423,2.2837010352497207,0.13416407864998714,0.9809616273880907,2.3971327701184673,0.11180339887498954,1.1386709044211532,2.9941259687767423,1.0255800994045674e-15,2.8665835232995054e-16,3.868506515330267,0.40650292600840143,1.7360970038846126,0.12247448713915914,0.7251578384459584,2.53517193518169,0.5346338314405231,0.7352356279257917,2.597073841191622,0.6365083336190173
-0.5,0.7155417527999326,0.17888543819998318,2.2837010334370067,0.13416407864998733,0.3130495168499707,2.3971327706196237,0.11180339887498983,0.42485291572496003,2.9941259709158095,1.0255800994045674e-15,1.538370149106851e-15,3.8685076703187797,0.20412414523193156,1.7360970058546104,0.12247448713915898,0.12247448713915898,2.535171935976029,0.18371173070873834,0.15652475842498534,2.597073845116317,0.15652475842498528
0.0,0.7155417527999328,0.17888543819998337,2.28370103162096,0.13416407864998675,0.31304951684997057,2.3971327672809033,0.11180339887498948,0.4248529157249603,2.9941259769611905,1.4503892858778862e-15,8.694778322860238e-16,3.868508951556593,0.2041241452319317,1.736097007166131,0.12247448713915887,0.12247448713915916,2.535171933990432,0.18371173070873842,0.15652475842498537,2.597073839621598,0.1565247584249853
0.5,0.715541752799933,0.17888543819998318,2.283701040832601,0.1341640786499875,0.31304951684997057,2.397132772189031,0.11180339887498955,0.4248529157249601,2.994125973407813,1.0274244851276143e-13,9.983779960271223e-15,3.868506449606391,0.2041241452319315,1.7360970039698143,0.12247448713915893,0.12247448713915901,2.535171934504051,0.1837117307087385,0.1565247584249852,2.5970738359753245,0.15652475842498526
1.0,0.8944271910006103,0.17888543819998315,2.28370103960047,0.13416407864998672,0.31304951684997046,2.3971327671021547,0.11180339887498998,0.42485291572496,2.9941259818622528,0.0,2.5639502485114184e-16,3.868507889525336,0.21984843263788198,1.7360970066105526,0.1732050807717513,0.12247448713915898,2.53517194429124,0.18371173070873836,0.15652475842498542,2.5970738350430946,0.15652475842498528
