c0,c1,rmse,kfold rmse
10.10769249315254,-1.5091388237569867e-09,13.930656465557083,13.901165813114307
