c0,c1,rmse,kfold rmse
10.109762912032002,-2.896926065464473e-10,13.93028499860996,13.901101498673789
