c0,c1,rmse,kfold rmse
10.109904038665833,-1.3654959458508515e-09,13.930259689159481,13.898860888137191
