c0,c1,rmse,kfold rmse
10.036669951531252,-3.2218127849808205e-09,13.943579226052915,13.912960638307789
