init,kfold rmse of each slice
-1.0,1.0923724658027054,0.6523418927415722,1.387513990766743,1.2857680085429215,0.8594295966879159,1.6935549946261652,1.5953732522772603,0.994264492500371,2.2181208050106864,9.751846059334609e-09,0.7756719067298211,1.3401159813920847,0.4047665586956316,2.5973131086818726,0.21197428221086548,0.028099564917077345,2.7848431673006955,0.4360354733582737,0.03133242345636405,2.243436162484564,0.5311465791432709
-0.5,0.41125517728507954,0.052085351221754936,1.387581289662293,1.820224107610997e-15,6.986470390014554e-16,1.693555305792101,2.383232787117382e-15,0.0833736947222184,2.2181226368620863,1.5347987036971147e-08,3.2457017739063654e-15,1.340106642284268,0.19978435728447957,2.597287776750641,0.05798463580758212,0.029414493871439597,2.784771621809334,0.07647801934269433,0.0313324392380341,2.2434359345856607,0.02506380758554977
0.0,0.41125590171146065,0.052085399339065,1.3875313963654128,1.1234667099445444e-15,4.915166856007381e-16,1.6935554005323885,2.8642893384395585e-15,0.08337372928595219,2.21812501412155,2.0950187150354865e-08,1.182402941377344e-10,1.3401560801012784,0.19977601524487318,2.5973071440744575,0.05798366036571519,0.027978302770636766,2.7848269587944445,0.07596379902276722,0.031332479728580824,2.243441485858954,0.0250638000805203
0.5,0.4112560985057045,0.05208533536416228,1.387577379661975,5.209300830207717e-15,4.496060575246782e-16,1.693555346534252,1.423304185551198e-14,0.08337354415398943,2.2181228458367532,2.7281903816841417e-09,1.2979973330115962e-09,1.3401184367368246,0.19977889024864764,2.597288034576525,0.05798177681549757,0.028403829067420727,2.78483738097092,0.07592771602309928,0.03133245345027293,2.2434359934536925,0.025063775575201137
1.0,0.41125580166894476,0.6523418643750057,1.3875800261352635,1.5888218580782547e-15,7.595094054341032e-16,1.6935553028482826,2.5121479338940403e-15,0.08337371815044974,2.218122590920564,1.0783743945896923e-09,1.5898380031795265e-09,1.3401142043399228,0.387585985068027,2.5972744919749164,0.23701482746942534,0.6832835353935657,2.7848004033870497,0.48354586477089423,0.6520554031522665,2.2434497370155473,0.5846392148611373
