c0,c1,c2,rmse,kfold rmse
-0.018651896026619617,0.16037776600062056,-1.4934992834449956,6.761916544213753,6.789338755338082
