c0,c1,c2,c3,rmse,kfold rmse
1.6096534472749429,-2.023519350991781e-09,-2.7846219174958025,-8.399803375114864e-08,13.764088164281615,13.761540323566464
