c0,c1,c2,rmse,kfold rmse
-0.018651140331690463,8.018903000783615,-1.4934993190902413,6.7619165442177325,6.789338946199844
