model,normality p-value,AIC of centered model,BIC of centered model,log likelihood,R2 coefficient,homocedasticity levene p-value,homocedasticity bartlett p-value
linear,,107.77255833279213,111.18865873499655,-52.886279166396065,-0.10467298736079078,0.02638094380747965,1.7554574394709347e-08
poly2,,107.86111938336823,111.27721978557265,-52.93055969168412,-0.11121434536403729,0.026340523555873758,1.7351984804724962e-08
poly3,,107.73810063190257,111.15420103410699,-52.869050315951284,-0.10213826707127738,0.026380943782159307,1.7554574265911502e-08
exp,,106.8506433274535,110.26674372965792,-52.42532166372675,-0.03882301068118599,0.024809836362866412,1.7154152901179903e-06
log,,107.7362116985578,111.15231210076222,-52.8681058492789,-0.10199948476159704,0.026380943838536244,1.7554574546947048e-08
power,,107.12470163630906,110.54080203851348,-52.56235081815453,-0.05797732969692637,0.04609903037007134,0.0001110256256864582
hmult,,107.6831108224472,111.09921122465163,-52.8415554112236,-0.09810523921588366,0.037303600169882024,0.0007228028552744916
