model,normality p-value,AIC of centered model,BIC of centered model,log likelihood,R2 coefficient,homocedasticity levene p-value,homocedasticity bartlett p-value
linear,,127.04168559028835,130.45778599249277,-62.520842795144176,-0.0262594218699832,0.2611571804034404,0.07116661327187045
poly2,,127.14734167508642,130.56344207729083,-62.57367083754321,-0.033513643800312076,0.2622141310249011,0.07133374407976917
poly3,,126.94647702274816,130.36257742495258,-62.47323851137408,-0.019766138245468357,0.2613628066128964,0.07119775063285955
exp,,127.43726441712704,130.85336481933146,-62.71863220856352,-0.05368388355030729,0.2888540402215166,0.16802281469138977
log,,127.21658753868141,130.63268794088583,-62.608293769340705,-0.03829577639113313,0.26115718032367313,0.0711666132584924
power,,127.74963798155824,131.16573838376266,-62.87481899077912,-0.07585682293515461,0.14587866852401724,0.08881864458050215
hmult,,127.70547883615079,131.1215792383552,-62.852739418075394,-0.07269421928966158,0.13416521255095215,0.07631507343538971
