model,normality p-value,AIC of centered model,BIC of centered model,log likelihood,R2 coefficient,homocedasticity levene p-value,homocedasticity bartlett p-value
linear,,124.25293275842097,127.66903316062539,-61.126466379210484,-0.02865943269770299,0.20103189483475584,0.03719386823303133
poly2,,124.60487907144615,128.02097947365056,-61.302439535723074,-0.053080333545869385,0.20103099049953577,0.03719375743279671
poly3,,124.29700872419188,127.7131091263963,-61.14850436209594,-0.03168648839617294,0.20103385770897667,0.037194103952835116
exp,,124.62384743414951,128.03994783635392,-61.311923717074755,-0.05441285654244887,0.25478111893077443,0.11177062005224794
log,,124.25850407177535,127.67460447397977,-61.129252035887674,-0.02904156926236401,0.20103189469648433,0.037193868215271805
power,,124.95442143455925,128.37052183676366,-61.477210717279625,-0.07790823606164854,0.09428656996084364,0.05417253370676773
hmult,,125.09653633929669,128.5126367415011,-61.548268169648345,-0.08816922236239111,0.0892542382909306,0.04921769366907743
