model,normality p-value,AIC of centered model,BIC of centered model,log likelihood,R2 coefficient,homocedasticity levene p-value,homocedasticity bartlett p-value
linear,,109.35988091294622,112.77598131515064,-53.67994045647311,-0.09071498886342888,0.049249894913071066,0.0004450872121625773
poly2,,109.32975671489521,112.74585711709963,-53.664878357447606,-0.08852672596495226,0.04924989058094282,0.0004450872349093958
poly3,,109.3962593337206,112.81235973592501,-53.6981296668603,-0.09336343169154859,0.04923781148199577,0.0004450374547197988
exp,,108.22553253093461,111.64163293313904,-53.11276626546731,-0.011273278662036867,0.028135808947225158,0.00618096920459198
log,,109.38215533835685,112.79825574056127,-53.691077669178426,-0.09233586201042487,0.04924989489882161,0.00044508721224427065
power,,109.63824221765037,113.0543426198548,-53.819121108825186,-0.11114482155509964,0.017978701889285645,0.0062523531834316835
hmult,,111.1679953728433,114.58409577504771,-54.58399768642165,-0.23044316135260412,0.011822753254342316,0.018188054554007935
