model,log likelihood,R2 coefficient,normality pearson p-value,normality shapiro p-value,homocedasticity levene p-value,homocedasticity bartlett p-value
linear,-38.478472371651854,-0.019560811196903893,0.40640029612949813,0.13206124305725098,0.31841984140741053,0.1371728821768844
poly2,-38.48467343688847,-0.020966749254363037,0.40640029583846016,0.13206124305725098,0.31841983931409634,0.13717288201181876
poly3,-38.48470971949601,-0.02097498113996621,0.4064002807832975,0.13206124305725098,0.31841976862681975,0.1371728770779088
exp,-38.65117158958067,-0.05944963529130298,0.4802823217911937,0.3516041338443756,0.36091037429137873,0.22748910634195335
log,-38.48602701915205,-0.02127389822075698,0.4064002961420283,0.13206124305725098,0.318419840498886,0.13717288208824402
power,-38.5967401630672,-0.0467118600785299,0.5013034951300054,0.22102978825569153,0.11470123954928638,0.17426440640237473
hmult,-38.65517858732516,-0.06039343594061841,0.505746747662011,0.23584900796413422,0.1038078679192155,0.16708811618439082
