train set,c0,c1,rmse,kfold rmse
gov,12.152389825965345,-13.828748405663688,14.38745222287789,14.409689852079893
bible,7.433333141603464,-9.921784462331496,11.984143845255016,11.996993563193957
