model,normality p-value,AIC of centered model,BIC of centered model,log likelihood,R2 coefficient,homocedasticity levene p-value,homocedasticity bartlett p-value
linear,0.02869265142510011,215.52539225806615,220.32778702139046,-106.76269612903307,-0.0945774285524803,4.649254836713908e-05,5.386564620565367e-12
poly2,0.02869265134978649,215.53007856780994,220.33247333113425,-106.76503928390497,-0.0947484262035585,4.649254873289029e-05,5.386564757775823e-12
poly3,0.028692650497222687,215.53797464465572,220.34036940798003,-106.76898732232786,-0.09503660471655895,4.649255258204047e-05,5.3865657766802875e-12
exp,0.028692651403618635,215.49856982293093,220.30096458625525,-106.74928491146547,-0.09359922484513894,4.649254846451176e-05,5.386564647800374e-12
log,0.018801660273112496,184.43641461082458,189.2388093741489,-91.21820730541229,0.6116820732799529,5.7552293658294845e-05,1.3895496664666786e-11
power,0.006336508480905035,180.17230472535806,184.97469948868238,-89.08615236267903,0.6631332651210355,0.0018994915834113074,0.00012470503656225338
hmult,0.010132120479089034,181.68016446115914,186.48255922448345,-89.84008223057957,0.6457689450303994,0.0027433379402741894,0.0004538152160099916
