language to,c0,c1,rmse,loo rmse
ka,1.7871209954236225,4.1510502939474,9.689340505584246,9.693062457683734
gu,3.8571955936481905,3.143782213837305,9.536053539839743,9.540800991777692
hi,1.2617812399039396,5.74834292329578,9.427404097097984,9.429489476300867
si,1.1673632136475298,5.554180481615849,13.659644216612664,13.663672818155208
ta,1.0579023954927282,5.577733755698505,10.514000049413571,10.517600135701741
