init,kfold rmse of each slice
-1.0,1.9431028843054963,0.7381677589770758,3.610820233725366,2.073709947823518,0.9775762923884451,3.440209394614387,2.4573088278371906,1.1825558727281449,4.168140413020981,1.1632792897595905,0.4375018679628378,5.199405759357086,0.5668712243992654,3.624258322021026,0.3494763473617923,0.9009381660606249,4.578063549664382,0.6502202380699693,0.7722171254248468,3.650080215853264,0.6987183824010014
-0.5,1.9431017352017086,0.7381680409027962,3.610803457418962,2.073709895562352,0.9775773876830884,3.4402867001433743,2.457307742043751,1.1825549118946783,4.168095904876111,1.1632619042479118,0.4375034782925325,5.199404868846819,0.5668711515777605,3.6242837124599054,0.3494801828353653,0.9009258123461499,4.577914943225402,0.6502236925761705,0.7722172399620123,3.6500598287047628,0.6987182400188683
0.0,1.9431016793002616,0.738168048322904,3.6108031160430127,2.073709650290903,0.9775769903160794,3.4402560824583004,2.457308392176878,1.1825555432054033,4.168098167895425,1.1632574567597904,0.4375033128904429,5.199330032125258,0.566873210448973,3.6245427986421603,0.3494764677781635,0.9009166542223747,4.577969558741822,0.650223966783233,0.7722171296155321,3.650035094426446,0.6987182122648037
0.5,1.9431019746206393,0.738168888070053,3.610799676219348,2.073710020025306,0.977575907096542,3.440204280041877,2.4573082998549927,1.182554821739872,4.168108514043549,1.1632816725976647,0.43750171670280735,5.199315065725799,0.5668682749821261,3.6242409942673985,0.3494739204581098,0.9009799378026004,4.5779541794446175,0.6502196857901108,0.772217057119252,3.6500885603657927,0.698719232953325
1.0,1.9431018839770238,0.7381677853756463,3.6107903062383246,2.073710827075257,0.9775764634113784,3.4402423531060577,2.4573129532030165,1.1825479381469104,4.168052047599411,1.1632555663457318,0.4375040050851812,5.199351491874557,0.5668715748395424,3.6245743053418873,0.3494755861864668,0.9010849330184323,4.577966226761167,0.650222420048789,0.7722171264336863,3.650032789113734,0.6987184014143835
