model,log likelihood,R2 coefficient,normality pearson p-value,normality shapiro p-value,homocedasticity levene p-value,homocedasticity bartlett p-value
linear,-220.94035007294673,-1.2495493539654845e-05,0.028342061031263112,1.9023846107302234e-05,1.5689983236062635e-07,1.4349029212058125e-09
poly2,-220.94040683987842,-1.459800097225461e-05,0.02834201082022227,1.902412077470217e-05,1.5689625575959194e-07,1.434903391562429e-09
poly3,-220.9400599933932,-1.7517298356306554e-06,0.02833695230855044,1.904002965602558e-05,1.5653162950945137e-07,1.4349500675933294e-09
exp,-220.96070261137572,-0.0007665868126593978,0.026423593180399656,2.6054094632854685e-05,8.682221137019497e-08,1.8248178833048312e-09
log,-220.94624842490606,-0.00023097956711892742,0.028342061067408213,1.9023846107302234e-05,1.56899834884651e-07,1.4349029197924305e-09
power,-220.97021986833275,-0.001119410205896676,0.029639111662042663,1.7687560102785937e-05,3.0979273917512174e-07,1.4146679979666255e-09
hmult,-220.95581324487148,-0.0005853767528964937,0.02932659791076878,1.7571372154634446e-05,2.629343226092303e-07,1.4925717633467435e-09
