c0,"c1,1","c1,2","c1,3",rmse,kfold rmse
10.108249999412772,-6.487894552356768e-07,-3.5657196041524366e-09,-0.0005722141539862525,13.930531464962083,13.903098089079766
