init,kfold rmse of each slice
-1.0,1.151961315124764,0.5522452269912947,3.678580801188419,1.1365667374979902,0.6064255872616697,3.6893011457883653,1.3878483939526027,0.7819496746639646,4.397128886878069,1.4103919715245974,0.4948732643633275,5.319847732233627,0.5757772734252459,2.800481464755066,0.3080707914826048,0.7396831634285351,3.7895791912955903,0.5671509754957967,0.5751747104712842,3.706625927024637,0.47149926288036653
-0.5,1.1519583708546564,0.55224709411359,3.678592234362032,1.1365623095390203,0.6064250757446938,3.68931042908453,1.387845337626734,0.7819500655817476,4.397092204762897,1.4103890267397141,0.49488751596488345,5.31993751380147,0.575824061649232,2.8004645261168486,0.30807055120394644,0.7396875264698007,3.7899932701060064,0.5671591264598793,0.57517624745854,3.7066266496669424,0.47147279772383327
0.0,1.1519608263363321,0.5522431854817531,3.6785758766324754,1.136560140690291,0.6064196420371217,3.689304651125549,1.3878501867101,0.7819547078019071,4.3971042211066536,1.4103987729032919,0.4948739610120774,5.319858044376296,0.5758263775121967,2.800487170806501,0.30807109628264295,0.7396964375493266,3.78954791906405,0.5671490480259952,0.5751769344000605,3.706624154516959,0.4714984132582035
0.5,1.151966314638005,0.5522444022442852,3.6785522535092143,1.136568429267387,0.6064140461281913,3.689311604689657,1.387839859085153,0.78195615127637,4.3971016837856665,1.4103754994892408,0.49486514700426326,5.319835226859664,0.5758138462049137,2.800471766625071,0.30807490465112825,0.7396837323890942,3.789488642163701,0.5671480115768174,0.5751753691826021,3.7066376211938374,0.4714951018676176
1.0,1.1519597271132944,0.5522457817317241,3.6785796957601775,1.136564268290389,0.606414684067328,3.6893027754452445,1.3878419052596986,0.7819483077710105,4.397118258547338,1.4103927746587828,0.49486866912969996,5.319853749382911,0.5758163272845818,2.8004755687323097,0.3080680914152449,0.7396811499860505,3.7893372912194936,0.5671544543192891,0.5751744714502347,3.706640503029416,0.47149163612870204
