init,kfold rmse of each slice
-1.0,2.254145427416763,0.7940061830598882,3.0833625938664375,3.2860134290084626,1.257864595637912,3.3040175850579963,3.7715644732994846,1.4320190208432886,3.9949451244185052,0.7721904693683486,0.3442999279429226,4.941884016829313,0.6274099168346604,2.80605749757836,0.4446367152691208,1.0188997982084564,3.413625465238483,0.8146961687213604,0.8567565652236335,3.7178714112078812,0.8061492968712102
-0.5,2.2541571323367116,0.7940065834843842,3.083355948809376,3.286031720962719,1.2578657951390035,3.3040181737187932,3.771558011729043,1.4320045203711114,3.994974581132428,0.7721965918683271,0.34430525315444716,4.941915620107511,0.627415716151584,2.8060324521995694,0.4446360592295314,1.0189912276057485,3.4136268889923143,0.8146958041779017,0.8567597941267421,3.717892560133388,0.8061478804006262
0.0,2.254167498099189,0.7940013418924209,3.0833943717355226,3.2859891426184986,1.2578633257880896,3.3039993849744436,3.7715779380149685,1.4320074591070213,3.9949363600592935,0.772182773879647,0.3443041546838973,4.941909150038024,0.627419853260386,2.8060387562455444,0.4446322240067689,1.01900916617169,3.413621453755853,0.8147025862594799,0.8567565385512697,3.717896220044839,0.8061495767737288
0.5,2.2541620619510194,0.7940075582899427,3.0833533085867213,3.2859937469430953,1.2578582235747489,3.304012317941851,3.771583722437878,1.4320158105060046,3.994967761811426,0.7721907856679227,0.3443051794424694,4.941869437683751,0.6274096156853075,2.806074997359447,0.4446289254797798,1.0189875831550725,3.413613441946079,0.8147137620839439,0.85676354333893,3.7178903624018953,0.8061511356724234
1.0,2.2541505625221303,0.7940062329956884,3.0833529600627387,3.2860081115235307,1.2578653830644948,3.3040110267037313,3.771644202684544,1.4320185589430159,3.9949541912600286,0.7721869011875047,0.344304340999094,4.941887090920257,0.6274145697954704,2.806040423908226,0.44463478245207405,1.0189917831207291,3.4136150487939596,0.8146952974499555,0.8567522376661888,3.717892113588443,0.8061536243502602
