model,normality p-value,AIC of centered model,BIC of centered model,log likelihood,R2 coefficient,homocedasticity levene p-value,homocedasticity bartlett p-value
linear,,96.39255167425188,99.8086520764563,-47.19627583712594,0.3744079890862879,0.47507680584185674,0.7070738229574925
poly2,,95.81137760020565,99.22747800241007,-46.90568880010282,0.39818295894603606,0.9739286112559618,0.29189933249097344
poly3,,96.10693156767357,99.52303196987799,-47.053465783836785,0.3862074046870628,0.8561340629158699,0.2943302565301627
exp,,95.84450784476078,99.2606082469652,-46.92225392238039,0.39685226689872355,0.7525033039267998,0.8055150906354189
log,,90.02296098660045,93.43906138880487,-44.011480493300226,0.5908593274004583,0.12070272139955723,0.2369250340990485
power,,93.33432568573299,96.75042608793741,-45.667162842866496,0.489792918071111,0.9949126982062132,0.9557786711048666
hmult,,94.87399495454387,98.2900953567483,-46.43699747727194,0.43464078707036935,0.6252706603901583,0.8928046573436482
scaling,,93.78351360625443,97.19961400845885,-45.891756803127215,0.4742832615266228,0.7746821867490719,0.6706894359741351
