model,log likelihood,R2 coefficient,normality pearson p-value,normality shapiro p-value,homocedasticity levene p-value,homocedasticity bartlett p-value
linear,-18.530261835699584,-0.2739481529801462,0.7963835189029626,0.33766794204711914,0.6357719150620067,0.4837462700078228
poly2,-20.623589252534952,-0.6840998077410978,0.99362906284062,0.602799654006958,0.9106767996105765,0.9634796036339961
poly3,-16.76316509721991,-0.006529184406204536,0.21352505573094588,0.11925529688596725,0.4764819639423309,0.7214370845094505
exp,-25.870894449566098,-2.3901422265816583,0.10382465746194733,0.03836112841963768,0.046359407891605295,0.013260703038849854
log,-25.870894449566098,-2.3901422265816583,0.10382465746194733,0.03836112841963768,0.046359407891605295,0.013260703038849854
power,-25.870894449566098,-2.3901422265816583,0.10382465746194733,0.03836112841963768,0.046359407891605295,0.013260703038849854
hmult,-16.979949800071633,-0.03604708190289374,0.10382465746194712,0.03836112841963768,0.04635940789160523,0.013260703038849832
scaling,-25.870894449566098,-2.3901422265816583,0.10382465746194733,0.03836112841963768,0.046359407891605295,0.013260703038849854
