model,normality p-value,AIC of centered model,BIC of centered model,log likelihood,R2 coefficient,homocedasticity levene p-value,homocedasticity bartlett p-value
linear,,125.32779174781207,129.1085352636044,-61.663895873906036,0.4198319873839723,0.9708838265768455,0.748469080449238
poly2,,121.23513635921627,125.0158798750086,-59.617568179608135,0.5378229722179892,0.24915907374032167,0.20395727757264948
poly3,,127.84477176391536,131.62551527970768,-62.92238588195768,0.3327598930098016,0.014651991013448268,0.006375178856311697
exp,,125.94600027961893,129.72674379541127,-61.973000139809464,0.39956003773277105,0.6968773894943375,0.767152439441891
log,,113.78453985751455,117.56528337330687,-55.89226992875727,0.694476723611636,0.7315702823828498,0.8551177969636622
power,,116.70513582588717,120.48587934167949,-57.352567912943584,0.6406555862338009,0.3780187216071236,0.3768853018370514
hmult,,122.7850484283783,126.56579194417063,-60.39252421418915,0.49626304317339076,0.9701662530119602,0.8540166644491809
scaling,,116.95150852497166,120.73225204076398,-57.47575426248583,0.635703290865035,0.8650405715306678,0.7139813320453041
