c0,c1,rmse,kfold rmse
10.959625554491156,3.121743339365238,13.703996701384495,13.714451959234927
