c0,c1,rmse,kfold rmse
10.060585642929372,3.2967367592711153e-09,13.9391886219905,13.900604756165555
