c0,c1,rmse,kfold rmse
10.107631677987095,6.163304591667057e-13,13.930667381142898,13.899288060332532
