model,mean,min,25%,50%,75%,max
linear,13.870656406869134,8.46515157132182,12.41251825439776,14.515767023813499,15.973905176284875,17.985940008527724
poly2,13.915071283056163,8.533005018121072,12.42004311873694,14.56535989084827,16.060388055167493,17.996560332407036
poly3,13.879009385731926,8.522287124146999,12.410186227317313,14.503761054082212,15.972584212496823,17.98622831061628
exp,13.880244868348758,8.192546594605306,12.439774765532889,14.684827783126766,16.125297885942633,17.95877731253619
log,13.936346264350009,8.452837481951635,12.382287759963878,14.496569961300633,16.050628465686763,18.29940765284713
power,14.121749643315871,8.459036721992529,12.58456691154941,14.786371508538892,16.323554240305352,18.455218834193168
hmult,14.46730528834053,8.729508302409156,12.80374316438968,14.934606236318011,16.59816836026886,19.270500378316942
