model,pareto,rawlsian,1,10,25,50
linear,True,False,8.46515157132182,13.728307148756407,15.303226898870593,17.985940008527724
poly2,False,False,8.533005018121072,13.715722485608897,15.414997296087645,17.996560332407036
poly3,True,False,8.522287124146999,13.70615259504075,15.30136951312367,17.98622831061628
exp,True,True,8.192546594605306,13.855517489175416,15.514138077078115,17.95877731253619
log,True,False,8.452837481951635,13.692104519301292,15.301035403299974,18.29940765284713
power,False,False,8.459036721992529,13.959743641401705,15.61299937567608,18.455218834193168
hmult,False,False,8.729508302409156,14.16182145171652,15.707391020919502,19.270500378316942
