init,rmse of each slice
-1.0,1.703638475842875,0.14919398608532755,3.0284832203379297,2.663702152691012,0.6465373793515429,1.5417480196862121,3.0646584100524694,0.7167371228949674,1.6344674302188709,9.230220894641107e-15,1.4478290153535498e-13,9.173067274558417e-15,0.3187785799510087,2.336322811959164,0.17787205541976947,0.6080553642392529,1.947457054138845,0.37458104851326546,0.5925032828764326,2.2319079634546197,0.499454051768097
-0.5,1.703638474751519,0.14919398608542705,3.0284832203376357,2.66370215277759,0.6465373799998541,1.5417480196869822,3.064658410059604,0.716737122762194,1.6344674302188968,5.6220127121748136e-14,1.9357399876532506e-15,4.1023203976182695e-15,0.3187785801550348,2.336322811959102,0.1778720554595278,0.608055364412549,1.9474570541579028,0.374581048667812,0.5925032827720869,2.231907963454934,0.4994540513773088
0.0,1.7036384764246837,0.149193986086846,3.028483220368824,2.6637021527350835,0.6465373796382041,1.541748019683156,3.0646584100689105,0.7167371229411127,1.6344674302195528,2.0511601988091347e-15,6.280369834735101e-16,5.801557143511545e-15,0.31877858007700854,2.3363228119729156,0.17787205538929046,0.6080553643087718,1.947457054140006,0.3745810484283771,0.5925032828256068,2.2319079634543932,0.49945405127364284
0.5,1.7036384756876304,0.14919398608499337,3.0284832204895022,2.6637021526895546,0.646537379583487,1.5417480196861841,3.064658410038978,0.7167371226018043,1.6344674302188733,2.0511601988091347e-15,1.8129866073473578e-16,1.2306961192854808e-14,0.3187785802584329,2.3363228119780817,0.1778720554232367,0.6080553640584287,1.9474570541388472,0.37458104856361835,0.5925032827831431,2.2319079634547734,0.4994540520681812
1.0,1.7036384721218678,0.14919398608497747,3.028483220332042,2.663702152942038,0.6465373802850488,1.5417480196845434,3.0646584100438017,0.7167371227320847,1.634467430218887,1.0255800994045674e-15,0.0,5.801557143511545e-15,0.3187785803620752,2.3363228120620305,0.17787205545369789,0.6080553640500586,1.947457054139006,0.3745810486840015,0.5925032827748856,2.231907963455165,0.4994540512289004
