c0,"c1,1","c1,2",rmse,kfold rmse
15.438149522571479,5.941394014451104e-08,-3.2553834941033877,13.678778651782688,13.683117910852847
