c0,c1,rmse,kfold rmse
10.09350075209318,-6.042872937263639e-10,13.933210710083411,13.901347560443522
