model,none,train,size,test,train+size,train+test,size+test,train+size+test
linear,13.715799230497854,13.255948444358722,13.55844131594467,12.042640415670014,12.828185307013797,4.038606325946206,9.025037582694429,2.179902208044999
poly2,13.715802476916505,13.255948332090934,13.558441211781453,12.042640012048613,12.828185679151943,4.038606453111671,9.02503803518765,2.1808941619872257
poly3,13.715798860934896,13.255948308307687,13.558440436439,12.042640480171166,12.828185057977029,4.038606477994276,9.025037961574398,2.181128602842076
exp,13.715799066497128,13.255949539677184,13.55844065985297,12.04264003463868,12.816973621024767,4.038604722131894,8.990777868232689,2.186201732450544
log,13.71579904510762,13.25594844322643,13.558440815086183,12.042640623201349,12.828185824989406,4.038606611641389,9.025037986003513,2.1967288891744103
power,13.715799335844531,13.255947544700824,13.558440689581413,12.042640358589566,12.828147820418211,4.038606492859657,9.024472335662647,2.2085659143177963
hmult,13.715267648677628,13.254537422210383,13.553208051262231,12.038897619205594,12.809225463127122,4.046442955626923,8.963190296965367,3.1257815855320605
