model,pareto,rawlsian,gov-1,gov-10,gov-25,gov-50,bible-1,bible-10,bible-25
linear,False,False,8.94115161079335,14.493670320533932,15.930564568156369,18.030588702514255,8.133346532546668,12.517077334508322,14.298349871177502
poly2,False,False,8.936190668246908,14.502015109633517,15.915965245808264,18.050209184095124,8.092053984955845,12.591127559127171,14.364918987735898
poly3,False,False,9.29160915816321,14.546245504850464,15.73905188588715,18.005672653483664,8.17292893839901,12.536740432729244,14.295717898943892
exp,True,True,8.38511126121161,14.257231353361115,15.647744376318236,17.701290868412674,7.815102568863325,12.420800312585488,14.257870275595234
log,False,False,8.940663125514876,14.563610038472948,15.84663433358473,17.9862014155438,8.093107866570609,12.477838062402787,14.296630456227929
power,False,False,8.70679753941731,14.654361844934185,16.12382749220236,18.052226644982536,7.948299005533406,12.56798659271435,14.398914858705057
hmult,False,False,8.983092199313312,15.472148294786848,16.84172163654342,19.02174310624712,8.091107586217166,12.93464211202242,14.74573482331282
