c0,c1,c2,rmse,kfold rmse
1.8898852270524567,1.192288237112134e-05,2.6810157713424743,13.79242628735341,13.78653566967704
