model,log likelihood,R2 coefficient,normality pearson p-value,normality shapiro p-value,homocedasticity levene p-value,homocedasticity bartlett p-value
linear,-399.57259696254823,0.0011401974676609195,0.0014074448440276918,1.8169080684415917e-09,4.1027041569815155e-16,1.4956750647414231e-35
poly2,-399.573598021808,0.0011199969027022583,0.0014069442364975976,1.7986404587944094e-09,3.9003207327322797e-16,1.2722817836842756e-35
poly3,-399.55616195987585,0.00147178410522808,0.0014139585113056947,2.256689723978411e-09,1.1962632986604807e-15,3.8419430639178236e-34
exp,-399.5638682569636,0.0013163183658509992,0.0014084022236290077,4.149927512742124e-09,7.601912198520449e-15,1.530298782275449e-30
log,-399.62917168026246,-2.0756050194137288e-06,0.0013818423054209835,1.3542122978549287e-09,8.729030368654976e-17,1.2808496000926891e-37
power,-399.5828518395036,0.0009332430135159386,0.001404821357252873,1.7193562129591555e-09,3.1396042736485984e-16,6.461119452703568e-36
hmult,-399.62981726998146,-1.5117933684472007e-05,0.0013818423059923555,1.3542122978549287e-09,8.729030545610462e-17,1.2808496784012658e-37
