c0,c1,c2,rmse,kfold rmse
18.51753662899393,0.0,-0.23322245615197384,13.143156466848799,13.150982617594682
