init,kfold rmse of each slice
-1.0,2.1077183312743966,0.7238584012807748,3.328994550162833,2.875674990598163,1.0659716439293994,0.7270803437673548,3.314758278370046,1.2274408155029843,0.7291871937787944,2.8101643312326905e-13,1.416690008509008e-12,2.311904143333252e-13,0.5812830815231916,1.4386125800050282,0.3931074354311462,0.8909022130363323,0.4743051605478853,0.7104618625363339,0.7573169038930813,0.6485203798121194,0.7337954466591755
-0.5,2.1077184656426238,0.7238584146468053,3.328994490763666,2.8756748504698972,1.0659716309809344,0.727080339582694,3.3147581939510258,1.227440890666617,0.7291871811457814,2.310629915528622e-13,7.602483018339778e-13,1.951945949754618e-13,0.5812830078579233,1.438612540561675,0.3931074263101281,0.8909019767132961,0.4743050901208977,0.7104618515699572,0.7573169973975281,0.6485203448630195,0.7337954620138296
0.0,2.10771843949499,0.723858432085802,3.3289945019815996,2.875674889609049,1.065971585740103,0.7270803442721765,3.3147583127871667,1.2274409459912443,0.7291871732653544,4.112563410810646e-14,2.8307019816506593e-12,1.1775874871636966e-13,0.5812830751046417,1.4386125605237607,0.39310745843408873,0.8909021324874169,0.47430516193138145,0.71046175989815,0.7573170115898383,0.6485203577048172,0.7337954832805161
0.5,2.1077183429376896,0.7238584746296952,3.3289945186500636,2.875675037904463,1.0659716077668602,0.7270803641508904,3.3147578138486358,1.2274410330783574,0.7291871849734818,2.832829718961644e-13,1.967571912563069e-12,2.204591714534387e-13,0.5812831454043924,1.4386125471619886,0.39310743780986274,0.8909019736743694,0.47430509466233356,0.7104618610727481,0.7573169017144833,0.648520324421522,0.7337954511604087
1.0,2.107718391512536,0.7238584815092004,3.328994584709271,2.8756747947424417,1.0659715912505332,0.7270803750577773,3.3147583822673106,1.2274409612188746,0.7291871682641986,3.247965380563584e-13,2.329192686671641e-12,1.938102186753931e-13,0.5812830117243515,1.4386125687441724,0.39310745219546794,0.890901896818625,0.4743051941785822,0.7104619469756718,0.7573169779033231,0.6485203484344573,0.7337955207120296
