c0,c1,c2,rmse,kfold rmse
1.6841189538761165,1.208056728962661e-06,2.083570816361975,13.893112346140832,13.88712383119946
