train set,test set,c0,c1,rmse,kfold rmse
gov,flores,5.208128420718076,0.023754416140012453,5.1466138790529525,5.218856970669659
gov,bible,0.0,0.0,2.271685619876913,2.271685619876913
gov,gov,22.371685461915586,0.014988860476275066,7.568583418850696,7.666700585521552
bible,flores,0.0,0.0,2.2374092160353682,2.2374092160353682
bible,bible,14.884737531949924,0.032464130942116545,5.524604871011352,5.67024329542911
bible,gov,0.0,0.0,1.3576941236277535,1.3576941236277535
