model,mean,min,25%,50%,75%,max
linear,13.904599909053182,13.904599909053182,13.904599909053182,13.904599909053182,13.904599909053182,13.904599909053182
poly2,13.96925742834761,13.96925742834761,13.96925742834761,13.96925742834761,13.96925742834761,13.96925742834761
poly3,13.90322378913491,13.90322378913491,13.90322378913491,13.90322378913491,13.90322378913491,13.90322378913491
exp,13.744810525962276,13.744810525962276,13.744810525962276,13.744810525962276,13.744810525962276,13.744810525962276
log,13.85864038972348,13.85864038972348,13.85864038972348,13.85864038972348,13.85864038972348,13.85864038972348
power,13.992813443992723,13.992813443992723,13.992813443992723,13.992813443992723,13.992813443992723,13.992813443992723
hmult,14.486281827177852,14.486281827177852,14.486281827177852,14.486281827177852,14.486281827177852,14.486281827177852
