init,kfold rmse of each slice
-1.0,1.0717062705412916,0.264425138405384,1.6341485465175505,1.0672918463289387,0.5891531958425973,1.025219455666637,1.0832064862204704,0.6238734593666689,1.5465106549485275,3.837369354665453e-15,1.799337831493733e-15,9.173067274558417e-15,0.20780441884740605,0.8230812307739157,0.16429142292553897,0.10356410274817145,0.9430390225626109,0.24397724137229848,0.15037464116393925,0.48774942378374947,0.22193282686326588
-0.5,1.0717062712473215,0.264425122728799,1.6341465486172049,1.0672918521070793,0.5891531879348517,1.0252195005533977,1.0832064813403706,0.6238734574464503,1.5465101688377227,8.999428848693152e-15,9.332919779905611e-16,9.173067274558417e-15,0.2078044177087418,0.8230812307739201,0.16429142240541156,0.1035641029926761,0.9430390225626138,0.24397724212162214,0.15037464866848363,0.4877494740731695,0.2219328279199033
0.0,1.0717062767453807,0.2644251367170984,1.6341491629647316,1.067291847703766,0.5891531983812648,1.025219523134874,1.0832064848874448,0.6238734594104921,1.5465109091915143,6.442406519308461e-14,1.066265036351889e-13,5.801557143511545e-15,0.20780442103511043,0.8230812307739179,0.16429142736296326,0.10356410251508816,0.9430390225626153,0.2439772416223723,0.1503745469419571,0.4877494303434154,0.22193282869954314
0.5,1.0717062725445075,0.26442513781679006,1.6341465877335142,1.067291852036228,0.5891531905152886,1.0252191064269274,1.0832064902257934,0.6238734595085622,1.54651045724565,8.07542577814138e-15,7.167467774622732e-14,9.173067274558417e-15,0.2078044184833213,0.8230812307739136,0.16429142236113786,0.10356410269661238,0.9430390225626167,0.2439772422610129,0.15037465028590455,0.48774942618703554,0.22193282699881897
1.0,1.0717062711212395,0.26442513704749715,1.6341463320949257,1.0672918504789353,0.5891531846851104,1.0252193671112246,1.0832064860735577,0.62387345876048,1.5465104602004134,7.251946429389432e-15,4.360600272469927e-15,1.0048591735576161e-14,0.20780441834481544,0.823081230773915,0.16429142247541023,0.1035641025848423,0.9430390225626124,0.24397724193464385,0.15037463434795392,0.4877495061939368,0.22193282728948605
