train set,test set,c0,"c1,1","c1,2","c1,3",rmse,kfold rmse
gov,flores,8.38157101629765,9.652191937872154e-07,-5.233558817761802e-10,-0.0007476753461747167,5.780483311578005,5.94772759391869
gov,bible,0.0,0.0,0.0,0.0,2.271685619876913,2.271685619876913
gov,gov,29.60951216038681,-5.482743312890825e-10,0.26988521427747597,-0.15494159713655153,10.243602037379047,10.329716090810782
bible,flores,0.0,0.0,0.0,0.0,2.2374092160353682,2.2374092160353682
bible,bible,23.67845548100418,-1.8556313063293368e-09,-0.37047479250745147,0.19373770126514478,7.3534178167813655,7.607075104992764
bible,gov,0.0,0.0,0.0,0.0,1.3576941236277535,1.3576941236277535
