c0,c1,c2,c3,c4,rmse,kfold rmse
-2.76956386395845e-09,-0.0010723560537087846,-0.7710866132659195,-4.346517579213726e-07,-1.885044045675662,13.849257305559231,13.848153509635036
