c0,c1,c2,rmse,kfold rmse
2.478329526155763,1.602590886525081,-1.1274644609369093,6.603255176797681,6.626762564737064
