c0,c1,c2,rmse,kfold rmse
2.1125214814340456,3.6115878316886403,2.0874465310758327e-09,13.71336616186686,13.707896731524796
