model,log likelihood,R2 coefficient,normality pearson p-value,normality shapiro p-value,homocedasticity levene p-value,homocedasticity bartlett p-value
linear,-32.016498623625594,-0.21474392446164736,0.3908569637595341,0.10070119053125381,0.03811433093060613,0.01759014668052488
poly2,-31.989136560246664,-0.20811450042808288,0.390852817236854,0.10070247203111649,0.03811306169531124,0.017589711449256206
poly3,-32.016440378602006,-0.2147297739863594,0.39085697744348347,0.10070119053125381,0.038114335119393064,0.017590148116933248
exp,-31.3356467563302,-0.060099656594627904,0.3371754666924871,0.10056739300489426,0.044264604008824156,0.023349898069958946
log,-32.016069748218555,-0.21463973417116522,0.39085696384723795,0.10070119053125381,0.03811433095745312,0.01759014668973117
power,-31.207303509140257,-0.033234600052948426,0.6411002413766183,0.4458438456058502,0.3477939058548746,0.15158574042217687
hmult,-31.445149400707386,-0.08357249533756361,0.7401637279141582,0.6672578454017639,0.55747465526067,0.3059079706561191
