model,normality p-value,AIC of centered model,BIC of centered model,log likelihood,R2 coefficient,homocedasticity levene p-value,homocedasticity bartlett p-value
linear,,73.83545525986654,76.44062544585462,-35.91772762993327,-0.09262966219515412,0.15697191523984952,0.023516526410045133
poly2,,74.14244490082865,76.74761508681674,-36.071222450414325,-0.12669243173921596,0.15690711030923196,0.023504444295831747
poly3,,73.79798705661662,76.4031572426047,-35.89899352830831,-0.08854343512889229,0.15697191371861222,0.023516526123621036
exp,,72.94573218914478,75.55090237513286,-35.47286609457239,0.000384908099321013,0.3058874631101345,0.13197726420013023
log,,73.63191007101068,76.23708025699877,-35.81595503550534,-0.07061452494370557,0.15697191525565193,0.023516526413785252
power,,73.62123474048904,76.22640492647713,-35.81061737024452,-0.06947221838568929,0.4814996085649112,0.1315050990225797
hmult,,74.40214092916088,77.00731111514897,-36.20107046458044,-0.15633542917396204,0.5518457687034277,0.26478025798943516
