model,normality p-value,AIC of centered model,BIC of centered model,log likelihood,R2 coefficient,homocedasticity levene p-value,homocedasticity bartlett p-value
linear,,89.23563923999134,91.84080942597943,-43.61781961999567,-0.015526395462647447,0.17895532710784068,0.00595217186194766
poly2,,89.2652316604284,91.87040184641648,-43.6326158302142,-0.018536034797910883,0.17895451930883474,0.005952166658763523
poly3,,89.15743428286115,91.76260446884923,-43.57871714143057,-0.00761544971862671,0.17896063304909637,0.005952206058673517
exp,,89.10001712637907,91.70518731236716,-43.550008563189536,-0.0018465857604759162,0.8765066614748371,0.9517399484890291
log,,89.21489869371942,91.8200688797075,-43.60744934685971,-0.013422320980068125,0.1789553270432079,0.005952171861531306
power,,89.62166070770783,92.22683089369592,-43.810830353853916,-0.05549435598596553,0.27626722335554044,0.1532105195126853
hmult,,89.67720975000617,92.28237993599426,-43.838604875003085,-0.06137384091787612,0.2592509153608388,0.13683107192866983
