model,log likelihood,R2 coefficient,normality pearson p-value,normality shapiro p-value,homocedasticity levene p-value,homocedasticity bartlett p-value
linear,-33.54695500596972,-0.14527359172893273,0.371521075343997,0.09322959929704666,0.03665853705171554,0.012589648478005174
poly2,-33.75865729021627,-0.19480621619540694,0.371304626176223,0.0933019295334816,0.03659780714513628,0.01257456725588382
poly3,-33.57241014038189,-0.15111907750924947,0.3715239032805206,0.09322908520698547,0.03665933237706694,0.012589846459206655
exp,-33.12471726534189,-0.0525291741307532,0.30932961769898965,0.10142093151807785,0.05546543644471953,0.025852814415838008
log,-33.563682240043065,-0.14911145973049122,0.3715210754022342,0.09322959929704666,0.03665853706809358,0.01258964848208204
power,-33.05039447634637,-0.03699950020015508,0.6730762733527383,0.4254271388053894,0.46133628381503367,0.17954412197280745
hmult,-33.33690893383311,-0.0981581186517897,0.8113595500115958,0.6582528352737427,0.8021406143998935,0.4719390391616082
