c0,c1,c2,c3,c4,rmse,kfold rmse
1.904075494748788,-9.491485746893737e-09,-1.1344682454018185,-0.0009740913322499702,-1.0432806250269824,13.801068121909848,13.802726762863196
