c0,c1,rmse,kfold rmse
8.76826277761875,12.422943647155305,13.226658662214763,13.238804123989723
