init,kfold rmse of each slice
-1.0,1.3901066289527755,0.08107578457642473,2.9671186626031227,0.8209457954441726,0.2746843497419889,1.5516627240034306,0.8726590699408873,0.35627531942763263,1.6193420561926595,2.2932668186396043e-15,3.1401849173675503e-16,7.105427357601002e-15,0.7456285194992908,3.087158841237562,0.505591933864492,1.3454358537263928,2.894117410784697,0.9452495304329013,0.16885158674718315,2.088884630939846,0.22463218643540775
-0.5,1.3901067049106504,0.0810757836757121,2.9671186671357566,0.8209442919816522,0.2746854636131827,1.551662817898209,0.8726592852433758,0.3562753586382109,1.619341907112518,8.457150154752983e-15,2.8665835232995054e-16,1.5349477418661813e-14,0.7456284284734903,3.0871588434225004,0.5055906099884495,1.345435853642059,2.894117396229276,0.9452495295600793,0.16885158892800212,2.088884688146054,0.22463244690479248
0.0,1.3901054868130729,0.08107578529849618,2.96711864823527,0.8209449715820073,0.2746847827083124,1.5516627262627087,0.8726582117345361,0.3562753196371743,1.619342005363782,2.5121479338940403e-15,2.4307884577081775e-14,7.105427357601002e-15,0.7456284287432463,3.0871588287604976,0.5055919142642795,1.345435853805618,2.8941174348735745,0.9452496282424027,0.16885154607668537,2.088884148433043,0.22463197476987967
0.5,1.3901049985086764,0.08107578378620856,2.967118878168995,0.8209446725794611,0.27468452752525835,1.5516628031096653,0.8726582141432391,0.3562760324155189,1.6193421763857112,6.486338074120659e-15,5.438959822042073e-16,1.0048591735576161e-14,0.7456285205234413,3.0871588492488207,0.5055915959885287,1.3454358537365794,2.894117391762899,0.945249529665444,0.16885156337540902,2.0888843290320365,0.224632173329875
1.0,1.390105105916545,0.08107578339462877,2.9671188455533986,0.8209448967058164,0.27468460118732657,1.5516628946820339,0.8726581742445482,0.3562756923841703,1.619342000446057,1.4503892858778862e-15,1.2819751242557092e-16,1.2306961192854808e-14,0.7456284291017724,3.0871588509481067,0.5055923440766894,1.3454358536730215,2.8941174083159993,0.9452496408143107,0.16885155856485573,2.08888454446925,0.2246316324152697
