train set,c0,c1,rmse,kfold rmse
gov,9.094489276519761,-0.525622683508878,14.462640801915194,14.478815131107527
bible,7.339254597909864,-0.2637478968245056,12.021265352485473,12.034827979220552
