c0,"c1,1","c1,2","c1,3",rmse,kfold rmse
734.1580555924841,-2366.6875590930294,521.018341485826,2654.893258161853,13.698352883350037,13.71239859423178
