init,kfold rmse of each slice
-1.0,2.2384280198254065,0.7873753869223472,2.6219000743734453,3.324027677380183,1.256200620862489,2.7097675177032046,3.801662794094177,1.426940783634696,3.320542124412819,0.4303314829119355,0.04303314829110055,3.7438839013338328,0.5916079783099616,2.6360569599868797,0.42284311073528946,0.9517527632445323,3.3214649824481963,0.7711223182022607,0.8507408536093719,3.521227058548091,0.7988992427086373
-0.5,2.23842801777656,0.7873753869660888,2.6219000743734324,3.3240276773806423,1.2562006209324978,2.709767517703208,3.8016627940941814,1.4269407832086538,3.320542124412817,0.43033148293375273,0.0430331482868912,3.7438839013338328,0.5916079783099306,2.6360569599868797,0.422843110813614,0.9517527690176664,3.3214649824481977,0.7711223170084106,0.8507408536093685,3.5212270585526273,0.7988992427083652
0.0,2.2384280198389224,0.7873753869660897,2.621900074373543,3.324027677381764,1.2562006209200822,2.7097675165671764,3.8016627940945162,1.426940783634696,3.320542123367266,0.4303314829119355,0.04303314829091112,3.743883901326577,0.5916079748241426,2.636056959987057,0.4228431107352893,0.9517527690164721,3.3214649824453493,0.7711223182004182,0.8507408536093694,3.5212270588474266,0.7988992427090756
0.5,2.238428019834275,0.7873753772920165,2.621900074373544,3.324027677381446,1.2562006209326748,2.7097675176761036,3.801662794094184,1.4269407836348125,3.320542124411277,0.43033148288707057,0.043033148289722926,3.7438839013132923,0.5916079782781148,2.6360569599814374,0.422843110735291,0.9517527690126342,3.321464981949637,0.7711223182022672,0.8507408537010464,3.521227058853054,0.798899242421565
1.0,2.2384280194598034,0.7873753870493501,2.6219000743735443,3.3240276773377317,1.2562006209202359,2.709767517618068,3.8016627938366225,1.426940783634454,3.32054212402851,0.4303314829119548,0.04303314828424334,3.7438839013338328,0.5916079782964767,2.6360569599870045,0.422843110729734,0.951752768949442,3.3214649823695184,0.7711223182022585,0.8507408534233238,3.5212270588532055,0.7988992427083963
