model,log likelihood,R2 coefficient,normality pearson p-value,normality shapiro p-value,homocedasticity levene p-value,homocedasticity bartlett p-value
linear,-399.58618892382106,0.0008658878137084436,0.0013899546408388333,1.435797702953323e-09,1.3472366981295783e-16,2.8515095193759136e-37
poly2,-399.58794858985937,0.0008303691548114944,0.0013895335022704157,1.4300676198786277e-09,1.3147020945658112e-16,2.688349068259615e-37
poly3,-399.58659359161834,0.0008577197520299729,0.0013898454384707153,1.4343077836542761e-09,1.3387294595054796e-16,2.8078867502750176e-37
exp,-399.54289319896105,0.001739409490186583,0.001443084946216976,2.8230147108843084e-09,2.769980455234573e-15,1.0934936871551743e-32
log,-399.629069221315,-5.725136364986838e-09,0.0013818423056128823,1.3542122978549287e-09,8.729030454220722e-17,1.2808495938104847e-37
power,-399.57698777942875,0.0010515913059234716,0.001392378054441072,1.4676148074599382e-09,1.549494251739066e-16,4.1072921507940284e-37
hmult,-399.6299156098522,-1.7104629747022315e-05,0.0013818423051271001,1.3542122978549287e-09,8.729030267718908e-17,1.280849567961067e-37
