c0,c1,c2,rmse,kfold rmse
1.8553630741659877,-2.360453485463427,-4.267884351821017e-09,13.742786535559063,13.739854723398144
