c0,c1,rmse,kfold rmse
10.122176575316287,-2.4505116461269405e-10,13.928064032275005,13.898920769168624
