c0,"c1,1","c1,2",rmse,kfold rmse
7.956174008698392,2.8508399419658352,-3.6317622886719317e-09,14.03520410980366,13.96925742834761
