c0,c1,c2,rmse,kfold rmse
42.08057680448815,0.5969295454370787,-4.769918362535509,4.844498432882757,4.872123588446438
