c0,c1,rmse,kfold rmse
16.880641825154033,-17.502873355983994,13.287997809107543,13.317628330800025
