language to,c0,c1,rmse,kfold rmse
ka,8.207384260823035,0.023434762394256375,10.851459525432364,10.857550155199899
gu,11.593252360015965,0.019101955114978707,10.435343401638425,10.446100500907098
hi,11.399771858187764,0.013607940164461289,11.232006460017898,11.237844033524022
si,12.140125727787007,0.014372407132613094,15.46487776591825,15.469791388201019
ta,10.147705388668657,0.014782719117942161,12.35488428697914,12.358940725736437
