c0,c1,c2,rmse,kfold rmse
43.65995598913291,0.5683210217521215,-4.894088106218283,4.836003631409237,4.864112391974694
