model,log likelihood,R2 coefficient,normality pearson p-value,normality shapiro p-value,homocedasticity levene p-value,homocedasticity bartlett p-value
linear,-105.40051945470124,0.00044330121345437234,0.027698662138820218,2.4235025193775073e-05,4.8619976786312814e-05,9.17872678276308e-12
poly2,-105.39321766320494,0.0009297531117230529,0.02631810092182448,2.6795949452207424e-05,5.303635952727715e-05,2.323784668695856e-11
poly3,-105.39407749925442,0.0008724823626743428,0.02668622120195427,2.6024670660262927e-05,5.1714391009234946e-05,1.7692202389762196e-11
exp,-105.39013546543886,0.0011350208273521734,0.02231613702023248,4.327905844547786e-05,8.272494118592523e-05,1.0103690404402503e-09
log,-105.40773930584423,-3.7924628167873564e-05,0.02869265123788846,2.2922155039850622e-05,4.649254870868736e-05,5.386565095073758e-12
power,-105.40750601064704,-2.237114613179436e-05,0.02866098287108733,2.2961272406973876e-05,4.654386089678468e-05,5.470994850888665e-12
hmult,-105.40773373184805,-3.755301439789527e-05,0.028692651866099532,2.2922202333575115e-05,4.6492546656690795e-05,5.386563439480725e-12
