c0,c1,rmse,kfold rmse
1.6061280100052495,-2.786968741205518,13.764300359695756,13.761950946902008
