c0,c1,rmse,kfold rmse
12.55686212827995,1.648054056937485e-08,13.704520100488182,13.711480265218228
