language to,c0,c1,c2,rmse,kfold rmse
ka,37.81344265000634,-8.474909863928247,-65.39293099454746,4.2709893156625665,4.283727743274208
gu,45.14808433863596,-16.84591423375222,-65.10461214510764,5.18650399086749,5.2075878004262774
hi,47.59389028739322,-17.878686148275808,-73.83129725953927,4.27934552968916,4.296268339612926
si,60.37702177628405,-24.695971296053287,-89.9470728988367,5.477306140204206,5.496850401530105
ta,49.23431429513633,-23.0584988232891,-71.30154190492055,4.9165064830607275,4.934996310974462
