language to,c0,c1,rmse,kfold rmse
ka,-3.601969357977314,36.359561826424354,9.733491271382706,9.748501869066734
gu,1.6720723869146354,33.105945471319615,9.733743917271264,9.751068612067193
hi,-1.4752563661074105,42.97358766988672,10.103388175997182,10.12622263193575
si,-1.6778119257813358,43.63901081259934,14.366543505302927,14.385185764088398
ta,-1.2546516300753314,37.681008080071635,11.337075825756163,11.350541525917807
