model,normality p-value,AIC of centered model,BIC of centered model,log likelihood,R2 coefficient,homocedasticity levene p-value,homocedasticity bartlett p-value
linear,,21.373069756796838,22.591945581665037,-9.686534878398419,-3.479034307496824,0.0015131537122237265,0.05760419811025913
poly2,,21.373069756796838,22.591945581665037,-9.686534878398419,-3.479034307496824,0.0015131537122237265,0.05760419811025913
poly3,,21.373069756796838,22.591945581665037,-9.686534878398419,-3.479034307496824,0.0015131537122237265,0.05760419811025913
exp,,21.373069756796838,22.591945581665037,-9.686534878398419,-3.479034307496824,0.0015131537122237265,0.05760419811025913
log,,21.373069756796838,22.591945581665037,-9.686534878398419,-3.479034307496824,0.0015131537122237265,0.05760419811025913
power,,21.373069756796838,22.591945581665037,-9.686534878398419,-3.479034307496824,0.0015131537122237265,0.05760419811025913
hmult,,15.435270883373807,16.654146708242006,-6.7176354416869035,-0.3659466327827192,0.0015131537122237265,0.05760419811025913
