model,normality p-value,AIC of centered model,BIC of centered model,log likelihood,R2 coefficient,homocedasticity levene p-value,homocedasticity bartlett p-value
linear,,31.166638131091663,32.385513955959865,-14.583319065545831,-0.43078533022181587,0.18589937757584235,0.3657806706010738
poly2,,31.682609131942563,32.90148495681076,-14.841304565971281,-0.5863212807344502,0.07423246030604007,0.32465142913759415
poly3,,32.11862993568634,33.33750576055454,-15.059314967843171,-0.7308659569392355,0.06700977531149711,0.32220170391465275
exp,,34.07318290789687,35.29205873276507,-16.036591453948436,-1.5587847298105668,0.646704296067363,0.8216856075799376
log,,31.22452677021674,32.44340259508494,-14.61226338510837,-0.44744683844092603,0.1862984523778741,0.36594528116474834
power,,30.76437102521811,31.98324685008631,-14.382185512609055,-0.32018259202706445,0.40589707311164924,0.28133708814303515
hmult,,31.222865352129915,32.441741176998114,-14.611432676064958,-0.4469659554686962,0.18629845116937022,0.36594528066601906
