model,log likelihood,R2 coefficient,normality pearson p-value,normality shapiro p-value,homocedasticity levene p-value,homocedasticity bartlett p-value
linear,-14.472207933727718,-0.49387505755480765,,0.333570659160614,0.06046935398537657,0.27857747608113503
poly2,-14.698249035526347,-0.6352405100052001,,0.43868258595466614,0.055424391962297405,0.27651256622121956
poly3,-14.961834441943411,-0.8170677164988953,,0.4678051173686981,0.14614466680212512,0.31470024869471314
exp,-15.714546226879763,-1.4554468745940237,,0.9269158244132996,0.6270250087725282,0.806745576472298
log,-14.462620358996825,-0.48815697357333754,,0.333570659160614,0.060469354537196915,0.2785774763066401
power,-14.00255617672197,-0.2380192840644253,,0.9087660312652588,0.5297355112132367,0.48689063281766765
hmult,-15.298244481410405,-1.0787943220836582,,0.333570659160614,0.06046935449471271,0.27857747628927865
