model,normality p-value,AIC of centered model,BIC of centered model,log likelihood,R2 coefficient,homocedasticity levene p-value,homocedasticity bartlett p-value
linear,,31.26965438467843,32.48853020954663,-14.634827192339214,-0.4469027182268299,0.056387453632755234,0.29998787423468976
poly2,,31.71803951172632,32.936915336594524,-14.85901975586316,-0.5826525062078158,0.1031711578869769,0.34472303533982973
poly3,,32.40445033191667,33.62332615678487,-15.202225165958335,-0.8155426520246414,0.22322597657315266,0.38993555933071944
exp,,34.46666471532154,35.68554054018974,-16.23333235766077,-1.742383085263711,0.705697977279066,0.8579091222786388
log,,31.25437218484071,32.47324800970891,-14.627186092420356,-0.4424870984056404,0.056387453615413384,0.2999878741923504
power,,30.95081116918301,32.16968699405121,-14.475405584591504,-0.3575160179018031,0.3149337783961055,0.1717330363733016
hmult,,33.54981727872054,34.76869310358874,-15.77490863936027,-1.28292563631137,0.056387453621276326,0.2999878742066646
