model,normality p-value,AIC of centered model,BIC of centered model,log likelihood,R2 coefficient,homocedasticity levene p-value,homocedasticity bartlett p-value
linear,,31.86934648339226,33.08822230826046,-14.93467324169613,-0.15859030402902063,0.03734705249649979,0.2218081769754021
poly2,,32.98568824258699,34.20456406745519,-15.492844121293492,-0.44841863216239153,0.03634484194388711,0.23477413212081366
poly3,,33.624780485491506,34.843656310359705,-15.812390242745753,-0.645905701903734,0.10885129833945857,0.2693529666824623
exp,,35.69161833976713,36.91049416463533,-16.845809169883566,-1.4884459078345857,0.48023928991872916,0.7127771024644374
log,,32.500527410163194,33.71940323503139,-15.250263705081597,-0.31447874617372285,0.037347052505953666,0.2218081768927349
power,,32.19456364246854,33.41343946733674,-15.097281821234269,-0.23645379877539763,0.4334406945199746,0.3889873896528959
hmult,,32.50133512573742,33.72021095060562,-15.25066756286871,-0.31469110831713665,0.03734705257839153,0.22180817625932006
