c0,c1,c2,c3,rmse,kfold rmse
5.558214935658916,-9.334211522186596e-09,-2.6591582657677337e-06,-4.656860474100345,13.938081889943781,13.905593748386517
