c0,c1,rmse,kfold rmse
10.021042899577909,-1.0885176142495515e-09,13.946469552346953,13.915853057956557
