c0,c1,rmse,kfold rmse
10.09194745142552,1.2147391895644727e-08,13.93349112263986,13.90405198726608
