train set,train set size,c0,c1,rmse,kfold rmse
gov,1,9.043458933793808,2.1963015475001355,8.297849251007362,8.403261033397225
gov,10,17.031447347218634,2.0971603161309424,14.040301494615903,14.216861823229532
gov,25,19.89894820471569,3.7056889369992434,15.423634337780106,15.616037463508354
gov,50,20.670806497672864,2.9612605624453088,17.22845986362211,17.584526534050486
bible,1,7.744050962810291,3.8042148236859115,7.814548289303586,7.890119901745001
bible,10,12.6819396360408,5.832430726783039,12.369307113004387,12.479100389473865
bible,25,14.305523345214382,6.029600576956103,14.182882875617572,14.305846999034426
