c0,c1,c2,c3,c4,rmse,kfold rmse
1.5684529578787014,5.203627816613736e-05,1.2200416303861692,1.287967286077406,-4.407503731571705e-09,13.796988857279581,13.803157847991427
