model,log likelihood,R2 coefficient,normality pearson p-value,normality shapiro p-value,homocedasticity levene p-value,homocedasticity bartlett p-value
linear,-2.4314169453831997,0.9983997773976979,,0.25718480348587036,,
poly2,-2.481066898920604,0.9983459237183565,,0.2327045053243637,,
poly3,-1.947135640855717,0.9988413117538301,,0.24112042784690857,,
exp,-7.340051602926647,0.957793853966725,,0.9162234663963318,,
log,-6.350894870676824,0.9781734301190711,,0.5488996505737305,,
power,-8.506743383225395,0.9081313011499937,,0.8984267711639404,,
hmult,-9.000888583683842,0.8722863683400247,,0.823173999786377,,
