model,log likelihood,R2 coefficient,normality pearson p-value,normality shapiro p-value,homocedasticity levene p-value,homocedasticity bartlett p-value
linear,-51.596538582924396,-0.12484453987352895,0.8747000242800766,0.9466938376426697,0.26630551160797494,0.5075821181667036
poly2,-51.819904376674344,-0.15884862223886342,0.8728351797834604,0.9471727013587952,0.2641422902674493,0.49282358903925993
poly3,-51.38532451077343,-0.09360870138793542,0.874735763812104,0.9465035796165466,0.26648939503984054,0.5082472177329184
exp,-53.4805824916542,-0.4460716801257931,0.8316996463027261,0.7415754199028015,0.8570541011138089,0.8762210617981876
log,-51.70049958063208,-0.14054509962312656,0.8747000243674418,0.9466938376426697,0.26630551145276415,0.5075821175315227
power,-53.44338099064307,-0.4389166350807523,0.7642714565829457,0.6099831461906433,0.6576374521582526,0.3146127201426376
hmult,-52.86429801852859,-0.3319971476906469,0.8337604968956409,0.9313509464263916,0.7240138390657018,0.38237547709880226
