model,log likelihood,R2 coefficient,normality pearson p-value,normality shapiro p-value,homocedasticity levene p-value,homocedasticity bartlett p-value
linear,-16.905178101495405,-0.025769465336287656,0.10382465740492196,0.03836112841963768,0.04635940789028067,0.013260703038155186
poly2,-16.71712249720962,-0.00036901634505737135,0.10382410155581244,0.0383613295853138,0.04635939497950338,0.013260696267453263
poly3,-16.740982016522484,-0.003556527003669707,0.10386257131271444,0.038379162549972534,0.04635381654814389,0.013261165671622633
exp,-16.77592542971962,-0.00824312830085061,0.10382465740802518,0.03836112841963768,0.04635940789035275,0.01326070303819296
log,-16.748911992588543,-0.004618178728292177,0.10382465685763785,0.03836112841963768,0.0463594078775684,0.013260703031488599
power,-16.74537659158101,-0.0041447265771055175,0.10382465689813214,0.03836112841963768,0.04635940787850886,0.013260703031981848
hmult,-16.747948002988796,-0.004489061496179669,0.10382465698215095,0.03836112841963768,0.04635940788046052,0.013260703033005361
