model,log likelihood,R2 coefficient,normality pearson p-value,normality shapiro p-value,homocedasticity levene p-value,homocedasticity bartlett p-value
linear,-30.51970432773107,-0.0004342949520348416,0.3125116713117726,0.09150834381580353,0.016854631633900292,0.019976085648387994
poly2,-30.551959357109464,-0.004026176184348529,0.31102204001602096,0.09157660603523254,0.016946050448535633,0.01984069238342549
poly3,-30.52874118552211,-0.001439330827139873,0.31251167218384174,0.09150834381580353,0.016854631495217858,0.019976085602702608
exp,-30.532531803553628,-0.0018612056618012573,0.3125116712899022,0.09150834381580353,0.016854631635170116,0.019976085646334754
log,-30.52872972056732,-0.001438055110546399,0.31251167041909134,0.09150834381580353,0.016854631685729485,0.019976085564581917
power,-30.4057757275774,0.012150116620038842,0.2668999482929049,0.105572909116745,0.022280816359673425,0.01842203983499195
hmult,-30.385341249884988,0.014390482996141984,0.2294334792410468,0.14803259074687958,0.03796001587119253,0.01989718215958763
