train set,c0,"c1,1","c1,2","c1,3",rmse,kfold rmse
gov,20.566691862191455,-9.705232728510705,-9.262680745462001,-5.318367972667381,14.460918810437539,14.477819806356468
bible,9.601283840459395,0.30303395143982365,-0.9405505242196829,-0.6910863841939444,12.018135472980811,12.034076810258906
