,models,Normality p-value,AIC of centered model,BIC of centered model,LogLikelyhood,R2 coefficient,Homocedasticity Levene p-value,Homocedasticity bartlett p-value
0,linear,,4.253591286562045,4.450815863898265,-1.1267956432810227,-1.6592527815839793,0.0,
1,poly2,,5.575700801397748,5.772925378733967,-1.7878504006988736,-3.131945435262324,0.0,
2,poly3,,1.854030196729236,2.0512547740654554,0.07298490163538196,-0.1950541253543705,0.0,
3,exp,,8.646496870212822,8.843721447549042,-3.323248435106411,-10.500000000000002,3.060490169192143e-16,
4,log,,8.646496870212822,8.843721447549042,-3.323248435106411,-10.500000000000002,3.060490169192143e-16,
5,power,,8.646496870212822,8.843721447549042,-3.323248435106411,-10.500000000000002,3.060490169192143e-16,
6,mult,,8.646496870212822,8.843721447549042,-3.323248435106411,-10.500000000000002,3.060490169192143e-16,
7,hybrid_mult,,4.542999975372355,4.740224552708575,-1.271499987686178,-1.928571428571428,0.0,
8,scaling,,8.646496870212822,8.843721447549042,-3.323248435106411,-10.500000000000002,3.060490169192143e-16,
