,models,Normality p-value,AIC of centered model,BIC of centered model,LogLikelyhood,R2 coefficient,Homocedasticity Levene p-value,Homocedasticity bartlett p-value
0,linear,,19.679427767676046,19.876652345012264,-8.839713883838023,0.526351492894551,0.0,
1,poly2,,19.25216908730758,19.449393664643797,-8.62608454365379,0.5892248681568354,0.0,
2,poly3,,19.279841087220525,19.477065664556743,-8.639920543610263,0.5854183496783341,0.0,
3,exp,,19.509615843169044,19.706840420505262,-8.754807921584522,0.5524172102699294,0.0,
4,log,,17.000475385283618,17.197699962619836,-7.500237692641809,0.8060730827351882,0.0,
5,power,,18.00167113837251,18.19889571570873,-8.000835569186256,0.7292452876165068,0.0,
6,mult,,18.00167113837251,18.19889571570873,-8.000835569186256,0.7292452876165068,0.0,
7,hybrid_mult,,19.18883143690601,19.38605601424223,-8.594415718453005,0.5978064702087621,0.0,
8,scaling,,18.143833093950683,18.3410576712869,-8.071916546975341,0.7161060908098791,0.0,
