,models,Normality p-value,AIC of centered model,BIC of centered model,LogLikelyhood,R2 coefficient,Homocedasticity Levene p-value,Homocedasticity bartlett p-value
0,linear,,19.71059645601329,19.907821033349506,-8.855298228006644,0.49511803119813025,0.0,
1,poly2,,19.25216776695858,19.449392344294797,-8.62608388347929,0.5666632610810656,0.0,
2,poly3,,19.320897873169766,19.518122450505984,-8.660448936584883,0.5566209049233557,0.0,
3,exp,,19.646265533717852,19.84349011105407,-8.823132766858926,0.5058292841923397,0.0,
4,log,,17.020015099885665,17.217239677221883,-7.5100075499428325,0.7940848429915467,0.0,
5,power,,18.666450085285383,18.8636746626216,-8.333225042642692,0.6435208023389463,0.0,
6,mult,,18.666450085285383,18.8636746626216,-8.333225042642692,0.6435208023389463,0.0,
7,hybrid_mult,,19.213719270029717,19.410943847365935,-8.606859635014859,0.5721815393886868,0.0,
8,scaling,,18.74837228889793,18.945596866234148,-8.374186144448965,0.6336521515056333,0.0,
