c0,c1,c2,c3,rmse,kfold rmse
6.220796177552723,-8.904760508265737e-09,0.06945458387363242,-3.8356084644494186,13.962588538910325,13.89160589922939
