c0,c1,c2,rmse,kfold rmse
34.51260655628968,9.857867428666792,-68.06803238905576,4.858563441343824,4.876574095587376
