init,rmse of each slice
-1.0,1.4421197950152714e-13,1.1005315888363364e-12,0.4400555783466579,3.539365928370457e-14,1.1669939271513763e-12,1.0204393146541031e-13,1.3487216683093795e-13,2.2723094964179023e-14,2.3057084404723514e-13,5.708114865313252e-09,5.692565615601244e-10,2.0870709168524635e-09,7.932336288638752e-10,0.04450379772020601,2.8450791256929317e-10,4.2210361045457886e-12,2.51925867049712e-10,1.0325316039486954e-09,7.674730143769531e-14,1.2829183109820824e-13,1.511478029421314e-14
-0.5,1.9035768852350135e-13,1.4585583410229966e-12,0.4400555783466772,1.423304185551198e-14,6.430538363444004e-13,1.5322043120738604e-14,3.598111521792055e-13,1.4694924703547708e-14,3.590737399256856e-13,1.0689270649841378e-09,3.2811855161484436e-12,2.503308663845215e-09,3.9290916292002606e-10,0.04772314105793009,9.953087495715557e-14,2.6737403777374307e-14,6.877133991156412e-09,1.234500977954957e-09,4.2775266528858424e-14,3.0808398873714963e-14,8.274997991752786e-15
0.0,2.7819273733637865e-14,7.010203485445912e-15,0.4400555783466819,1.007994467209351e-14,2.4624186062226387e-14,3.9593236680716e-14,5.443888912105295e-14,4.485842138126838e-13,5.1728291973635394e-14,8.331976181316158e-10,2.435937171587301e-12,7.75579500372682e-09,1.2582023798806715e-09,0.04447966924577715,7.577223143818814e-10,4.867446557758251e-10,2.8067949630405945e-09,2.8951860716235797e-12,8.305774266230542e-15,5.5948190961969225e-14,4.733509786469819e-15
0.5,8.453037176279388e-14,4.05994017198411e-13,0.44005557834663667,2.011287826735236e-14,4.757770765524802e-13,3.855962959055186e-14,3.029529589465694e-13,5.513685440334327e-15,2.0693756659374728e-13,1.0776591474267896e-10,1.3865703788803159e-09,2.26395866423653e-09,6.2491122443596015e-12,0.04453557372334351,1.8907318047039474e-10,9.625195813156813e-10,4.250258796140995e-09,2.0559963573382388e-13,1.0637767475083958e-14,3.678388539340399e-14,5.837915406707819e-15
1.0,1.012688944498727e-13,8.714754406446053e-13,0.44005557834676506,3.567780762132988e-14,1.0135571469710344e-12,2.5271758721286715e-14,1.41449768155701e-13,1.6049693699214515e-14,4.5369141305242727e-13,2.2418376605502816e-09,2.8345568073739905e-09,8.535452325305775e-09,3.350198035221593e-11,0.044480038192404245,3.962518128703784e-12,3.5507517181549256e-10,1.9025113099772738e-09,4.88719208638736e-12,5.828677223410188e-14,7.287827318667771e-14,8.823699171972626e-12
