train set,train set size,c0,c1,rmse,kfold rmse
gov,1,6.0096475913199034,-4.338977589088731e-09,8.581175187567435,8.940663125514876
gov,10,14.015014380656202,-6.401430243121308e-09,14.2127323818241,14.563610038472948
gov,25,16.25873273391607,-8.356044925832793e-09,15.582899622963616,15.84663433358473
gov,50,17.362434844373873,-1.0946662886659268e-08,17.37228872878943,17.9862014155438
bible,1,3.7599975064308038,-8.900200214652493e-09,8.212535891911514,8.093107866570609
bible,10,7.905724986721184,-5.771890030691722e-09,12.631574123032868,12.477838062402789
bible,25,9.455178069565118,-6.420460437620995e-09,14.412422948944837,14.296630456227929
