c0,c1,rmse,kfold rmse
10.173707088542269,-2.5586803100606084e-09,13.918959129325899,13.918817580149161
