language to,c0,c1,rmse,kfold rmse
ka,3.3006182951356076,0.05927374914966888,11.28000522392362,11.18309521139471
gu,5.870673219561676,0.04363676879924167,11.940944191956305,12.033475527082969
hi,6.938385789184317,0.023258166386292807,12.520397539786623,12.613477688131074
si,7.525223848889439,0.023063673679902027,16.778905162727376,16.88651413631517
ta,5.629165937680111,0.025569434863486937,13.733150068700263,13.82281752901905
