train set,c0,c1,rmse,kfold rmse
gov,12.984183330458325,-7.282601357699668e-09,14.640052523259676,14.744569402711598
bible,7.069957015527414,-8.891378713946242e-09,12.269363883535686,12.23644805723314
