c0,c1,rmse,kfold rmse
10.078550116424777,5.2202465430648935e-09,13.935916666558297,13.906238840204997
