train set,c0,c1,rmse,kfold rmse
gov,15.112780060117526,-5.993393324981269e-07,14.476832934223339,14.478249414731476
bible,9.48999352165268,-1.687265284335632e-08,12.018264368274934,12.027499195960141
