c0,c1,c2,c3,c4,rmse,kfold rmse
1.3267130316858999e-08,-8.85217882583131e-07,-2.520153334644933,-6.167480952191021e-08,-0.677459126126493,13.79225657198555,13.809180253975317
