train set,train set size,c0,c1,rmse,kfold rmse
gov,1,5.669416119152461,-6.124517217064377e-09,8.673736557651077,8.940321656941702
gov,10,13.71571062326257,-3.0308215688798684e-08,14.262092228819073,14.55403734845431
gov,25,15.947997465071175,-1.7481063491291508e-09,15.629689590674566,15.923672656398459
gov,50,17.06657920230517,-7.641951856511207e-09,17.41230068381708,17.970604851934098
bible,1,3.7599929352772907,-2.3185909229745344e-09,8.212537284909821,8.093117933862086
bible,10,7.90663577848238,-4.57698137132995e-09,12.631393826318511,12.51268132795661
bible,25,9.453415302595143,-9.871322839684248e-09,14.41272860051083,14.296173472066215
