model,log likelihood,R2 coefficient,normality pearson p-value,normality shapiro p-value,homocedasticity levene p-value,homocedasticity bartlett p-value
linear,-5.949580382283049,-0.00463638330166205,,0.13080571591854095,0.0015131537242454739,0.057604198335506875
poly2,-5.8653961433084785,0.028630188832704406,,0.23262827098369598,0.00883284707749072,0.12951962304180725
poly3,-5.889658319298025,0.019157278374784648,,0.22791612148284912,0.008289144327368027,0.12599369606511981
exp,-5.7981286167878965,0.05441834964851633,,0.35612279176712036,0.03452481416594066,0.2298455148714773
log,-5.947925614514108,-0.003971627366634145,,0.13080571591854095,0.0015131536959875757,0.05760419780604712
power,-5.948088360102819,-0.004036986275403942,,0.13080571591854095,0.001513153692185497,0.057604197734808925
hmult,-5.947923839478762,-0.003970914532837044,,0.13080571591854095,0.0015131536660053528,0.05760419724427874
