model,log likelihood,R2 coefficient,normality pearson p-value,normality shapiro p-value,homocedasticity levene p-value,homocedasticity bartlett p-value
linear,-2.3633650938271273,-0.029302767818239595,,0.08721937239170074,0.2191020357654608,0.36269956953959104
poly2,-2.333451160764887,-0.017059962343580537,,0.08721937239170074,0.2191020133111481,0.36269955624587324
poly3,-2.3156756062282353,-0.009854088451251908,,0.10501914471387863,0.3208598397988083,0.552329377623539
exp,-2.3333734417251764,-0.017028344865598344,,0.08721937239170074,0.21910203610148282,0.3626995697368157
log,-2.333532297092458,-0.01709297108332475,,0.08721937239170074,0.21910201673458196,0.36269955870857407
power,-2.333558057545849,-0.017103451447751272,,0.08721937239170074,0.2191020150088811,0.36269955772397366
hmult,-2.320186547240355,-0.01167789025844268,,0.09510833024978638,0.24441965936525,0.4349171896709907
