init,kfold rmse of each slice
-1.0,0.40305446325702765,3.6855617091729037e-14,6.143216234658618e-14,1.6775709491713544,8.506060485313017e-14,1.4279080677937345e-13,2.112145190426461,2.4007010458425976e-13,1.545328357432506e-13,8.996041405973112e-10,1.7932241910480883e-09,6.20308345638514e-09,0.41249615372735216,0.37753600155099515,0.3325531137011688,0.8123518943001309,0.5709507976483427,0.6024915489047433,5.591046115061154e-14,1.208340544819823e-13,4.507891033554e-14
-0.5,0.4030544592994734,2.9138426704293144e-14,7.807891569142069e-14,1.677570935030591,7.957127273683109e-14,9.150565661410178e-14,2.112145204515328,2.9643789699977653e-13,3.8526882553145355e-14,1.1033140024775411e-08,1.3085982532219986e-09,1.5600803844958354e-08,0.3961861439405199,0.39648558808359635,0.33648913455939383,0.8087837257360333,0.44852965382957966,0.594589439349608,6.158254102263687e-14,7.45223508268219e-14,4.173496548361246e-14
0.0,0.40305446790291793,5.825459335264781e-14,7.923427685106301e-14,1.677570910533544,3.4120858303967734e-14,1.9907880820997404e-14,2.1121451611758713,5.891601184183227e-14,3.1886542417767275e-12,5.056576817806515e-09,1.3185808144707557e-08,2.7035455368688603e-08,0.3492299957402036,0.45935399759426715,0.3032539586481815,0.8002951003026985,0.14383686210195842,0.6228443513137616,7.886869584325462e-13,5.876493426096469e-14,8.8632922234028e-14
0.5,0.4030544538386808,2.6756086971008247e-14,5.2189835538609526e-14,1.6775709382205257,6.327821291878497e-14,9.953940410498703e-14,2.1121451719810023,1.6504672719791286e-13,6.371155840116641e-14,3.793441341250648e-09,5.733925200534108e-10,2.049835589413619e-08,0.39400037613711325,0.43023507210564926,0.3262277659873807,0.8156504858827278,0.40760178918539103,0.5882148858707683,5.440011252645866e-14,2.29275306932586e-13,5.825802626087851e-14
1.0,0.4030544620197692,2.9073379206009113e-14,6.385008346260942e-14,1.677570899364786,4.822277702377553e-14,1.3083443948201017e-13,2.1121451726775606,4.278064548771394e-13,4.5496934130773415e-14,7.808678835356176e-10,2.245516996413221e-09,3.8459052595561584e-09,0.39770427118138973,0.37973101365839695,0.33712763542226176,0.8120538530837886,0.6058241162197842,0.5929302812750759,7.536993314009086e-14,6.275343527539581e-14,2.957518278725233e-14
