c0,c1,rmse,kfold rmse
10.038292156367824,-4.118419124055476e-09,13.943280157729278,13.912516329605685
