train set,test set,c0,c1,rmse,kfold rmse
gov,flores,1.1350138653327295,-3.09776546373678,4.83999797298001,4.841233426600915
gov,bible,0.0,0.0,2.271685619876913,2.271685619876913
gov,gov,4.3019840804093725,-2.7614310839645198,10.918523461032011,10.988943629541899
bible,flores,0.0,0.0,2.2374092160353682,2.2374092160353682
bible,bible,2.819948355552237,-2.9896246533685242,7.92494646815999,7.947813908410937
bible,gov,0.0,0.0,1.3576941236277535,1.3576941236277535
