model,normality p-value,AIC of centered model,BIC of centered model,log likelihood,R2 coefficient,homocedasticity levene p-value,homocedasticity bartlett p-value
linear,0.017028997901030282,251.1220029777019,255.9243977410262,-124.56100148885095,-0.027141232482471356,0.000186296576281321,9.031878512017334e-11
poly2,0.017022748967626677,251.4798968098536,256.28229157317793,-124.7399484049268,-0.03946819910217858,0.00018628780900426645,9.057628843190732e-11
poly3,0.01701353468814784,251.22480492212844,256.02719968545273,-124.61240246106422,-0.03066700717058013,0.00018627546110927586,9.095950822969012e-11
exp,0.008793092107368297,250.42254825252985,255.22494301585417,-124.21127412626493,-0.0034702910080677274,0.0002983961639878587,2.0569715440705462e-08
log,0.01702899790835109,251.1357524285441,255.9381471918684,-124.56787621427205,-0.027612094638630458,0.00018629657629211095,9.031878482067732e-11
power,0.045267417610661394,250.54817737537687,255.35057213870118,-124.27408868768843,-0.007681271633097619,7.648788582812692e-05,5.701237606030426e-11
hmult,0.05439141040865165,250.65393256700182,255.45632733032613,-124.32696628350091,-0.011239791012264133,7.556889186087151e-05,3.209813213063276e-10
