model,normality p-value,AIC of centered model,BIC of centered model,log likelihood,R2 coefficient,homocedasticity levene p-value,homocedasticity bartlett p-value
linear,,78.95102371669078,81.34547287136323,-38.47551185834539,-0.018890271048470852,0.31841984141359975,0.13717288217735854
poly2,,78.97007681621302,81.36452597088547,-38.48503840810651,-0.02104955782974738,0.31841984791931743,0.13717288328941982
poly3,,78.96486297032418,81.35931212499662,-38.48243148516209,-0.020458218572561027,0.3183745630429087,0.13716516450712374
exp,,78.84444714573446,81.2388963004069,-38.42222357286723,-0.006895892169077156,0.4316214141968299,0.16053508320487847
log,,78.96909515519124,81.36354430986368,-38.48454757759562,-0.020938194508555164,0.3184198414144047,0.13717288217749707
power,,78.88110845049002,81.27555760516246,-38.44055422524501,-0.011005825922306256,0.21862432176649454,0.13517546597071547
hmult,,78.9588555319961,81.35330468666854,-38.47942776599805,-0.01977729698481534,0.1913866069004547,0.13961605779330463
