c0,c1,c2,rmse,kfold rmse
1.1722233656928043,1.957163873936202,-1.4937696608120425,6.82177217810882,6.849397881295917
