c0,c1,c2,c3,rmse,kfold rmse
5.046878897943184,1.5097126833232258e-07,1.404386751522132,4.1558699492226685,13.98535744822261,13.990415632033072
