model,log likelihood,R2 coefficient,normality pearson p-value,normality shapiro p-value,homocedasticity levene p-value,homocedasticity bartlett p-value
linear,-399.62974254454133,-1.36083071509141e-05,0.001381842308691302,1.3542122978549287e-09,8.7290309000856e-17,1.2808500230616497e-37
poly2,-399.62972004524147,-1.3153769759188805e-05,0.0013818423186848607,1.3542122978549287e-09,8.729032597387428e-17,1.2808513181579992e-37
poly3,-399.62503881443223,8.1413321886048e-05,0.001388063447710995,1.4078033183650973e-09,9.891030815028487e-17,2.4605559628596594e-37
exp,-399.61891228912316,0.00020516377522672435,0.0014562550392386556,2.6696092003675176e-09,9.836907241779678e-16,4.8208069263392826e-33
log,-399.63123107028287,-4.368039562074877e-05,0.0013818423052005331,1.3542122978549287e-09,8.729030303427284e-17,1.2808495700479195e-37
power,-399.6941616255158,-0.0013158687864001095,0.0013273349264664217,1.1932965726657585e-09,4.1707970350849905e-17,3.229363030570574e-39
hmult,-399.6290769488845,-1.618376666012722e-07,0.0013818423051800072,1.3542122978549287e-09,8.729030299706798e-17,1.2808495673815182e-37
