init,rmse of each slice
-1.0,3.1012244242609987e-12,4.137052109338839e-15,2.7519201823675253e-15,1.007994467209351e-14,1.5324382541479021e-12,5.728578676879117e-15,3.891802844472395e-15,4.21650953413111e-15,1.699965142510412e-13,4.029688065442081e-09,9.016784149980175e-10,1.0999242095104234e-11,2.1981019283203582e-11,8.033920338333237e-09,7.50402054900249e-11,1.3060780771717607e-09,1.942400507303665e-09,5.867677746338078e-10,2.208423090471775e-14,6.355287432313019e-15,1.2907745286184049e-14
-0.5,2.8463674093059562e-12,1.2704658074076824e-15,7.280896430443988e-15,8.444704010915923e-15,1.3144846893095032e-12,4.766465574234764e-15,5.944827041546401e-15,1.4148266844381744e-15,2.8304227069803707e-13,1.6487898350311767e-09,9.505388945504556e-11,1.0866766402964287e-08,1.89315136283664e-10,2.457600005552491e-09,3.233916179258092e-10,1.3092537454976997e-09,8.751405430783463e-10,1.768984442544736e-10,1.0563350559529496e-14,2.7519201823675253e-15,1.0889244914870515e-15
0.0,4.847132721120419e-13,4.235977349546029e-15,5.0242958677880805e-15,4.5635433489597435e-15,1.763351610769326e-13,1.0173423748423966e-14,1.2510395820910254e-14,6.904108209158054e-13,7.105427357601002e-15,3.910068463648371e-10,5.503723519758733e-11,1.6438114391262805e-09,2.8126735123049976e-11,6.312921050499755e-10,2.5253695063202327e-10,8.808344311303236e-10,5.27503006523839e-09,1.7596519289611445e-11,1.8111926760545622e-13,3.1776437161565094e-15,1.81001767706455e-14
0.5,2.1759943955880763e-12,6.85736870250964e-16,3.116675252745563e-12,5.5608765032738915e-15,1.0893564043614809e-12,1.5888218580782547e-15,3.891802844472395e-15,1.9961797904913302e-12,7.197205185378038e-14,7.91500485050391e-10,1.0582440571092295e-09,2.2283946379571173e-12,1.1442264949773078e-09,1.518097061881212e-09,4.767782288273155e-12,9.65627489774828e-10,2.2469449235033954e-10,2.82240525086897e-10,3.208525333098401e-15,7.78360568894479e-15,9.328516420481494e-16
1.0,1.995932757225581e-15,1.7304883564846153e-15,2.3887797937520646e-12,1.3504985793665165e-14,2.455074409046352e-15,3.1776437161565094e-15,5.944827041546401e-15,1.8919451253776735e-15,1.1457157353758234e-14,8.963890519744924e-10,5.5568241412922314e-11,1.2127911817619107e-08,2.1534197439927913e-11,2.570436727506446e-09,6.303593161763849e-12,7.637659344917623e-11,6.528949884158404e-12,1.1280220648140908e-10,1.117305858980544e-14,4.758719599371682e-12,6.076278100504631e-15
