language to,c0,c1,rmse,kfold rmse
ka,5.005242614338257,2.8566699559659794,11.10173896447933,11.10975170103038
gu,8.726643016087099,2.394306714334803,11.436419364929108,11.454027479918453
hi,8.347015212361795,2.552554545730765,12.321534670670466,12.323359169841831
si,8.21400198755195,2.9822533337149206,16.90143751538484,16.90249534306962
ta,6.81682820733268,2.470290486532383,13.833808119527594,13.83555915575908
