init,kfold rmse of each slice
-1.0,1.3050329923458304,0.6703233050799691,2.732967455186854,2.876069849252237,1.0275104757508693,3.405844649683522,3.2652377827345798,1.1606511582345134,4.051090388191798,2.735263546107882,0.7756717518813396,5.225578117937445,0.41982139057567225,2.4131583730317665,0.26770630673681683,0.7359800722874525,3.2872861147151777,0.5354126134799475,0.7360555534590328,3.3766847646766687,0.6370068898988503
-0.5,1.30503299234583,0.6703233050799691,2.732967455186889,2.876069849252237,1.0275104757506417,3.405844649683439,3.2652377827723167,1.160651158234523,4.051090388195368,2.735263546107882,0.7756717518813396,5.225578117937445,0.4198213905936665,2.413158373031769,0.26770630673681683,0.7359800721989856,3.2872861147152808,0.5354126134736552,0.7360555534589612,3.3766847646767286,0.6370068898982001
0.0,1.3050329923458297,0.6703233050799691,2.7329674551868495,2.876069849252242,1.0275104757525502,3.405844649675823,3.2652377827315693,1.1606511582349976,4.05109038734814,2.735263546107882,0.7756717518813396,5.225578117937445,0.4198213905931463,2.413158373031917,0.26770630673681683,0.7359800722020391,3.287286114714802,0.5354126134742535,0.7360555534593965,3.376684764676415,0.6370068898982207
0.5,1.3050329923458286,0.6703233050799691,2.7329674551869543,2.876069849252225,1.0275104757512297,3.40584464968348,3.265237782733891,1.160651158234922,4.051090388195761,2.735263546107882,0.7756717518813396,5.225578117937445,0.4198213903792901,2.413158373031768,0.26770630673681683,0.7359800721939854,3.2872861147153154,0.5354126135333499,0.7360555534837412,3.3766847646767295,0.6370068899130943
1.0,1.30503299234583,0.6703233050799691,2.732967455186879,2.876069849252242,1.0275104757657934,3.4058446496834724,3.2652377827337187,1.1606511582346297,4.051090388195271,2.735263546107882,0.7756717518813396,5.225578117937445,0.4198213905936787,2.413158373031768,0.26770630673681683,0.73598007219622,3.2872861147152657,0.535412613473627,0.736055553613497,3.376684764676818,0.637006890073172
