train set size,c0,c1,rmse,kfold rmse
1,5.0303727363959885,4.889331218369915,8.10743547451959,8.11456627504456
10,13.128379645824747,0.4049331266156953,13.552240613774423,13.56488341455525
25,14.838960158132592,0.8123880390781512,15.175624621302742,15.18955714884344
50,24.03495300450495,-10.123750644353608,17.205408039408663,17.548711508431712
