train set,train set size,c0,c1,rmse,kfold rmse
gov,1,1.4266318973611618,1.7630117371286438,8.481892460244278,8.569012002030268
gov,10,2.0866662835163314,2.1307804519905007,14.321197901702869,14.385768654103188
gov,25,2.3929307075330764,2.125545068063089,15.75445136984825,15.809987962830254
gov,50,2.3693630211697916,2.2191312869327766,17.50363900383644,17.717998592677024
bible,1,1.227486584492942,1.61117073151619,7.917988797739877,7.906625302570091
bible,10,1.4577339444407544,2.0266765715240167,12.506109319282935,12.528780927321908
bible,25,1.5569767807412696,2.111836433953601,14.32684809156328,14.36096755074145
