c0,c1,c2,c3,rmse,kfold rmse
2.201059825376452e-08,-3.4314249144507203,-6.258522388304346e-09,-9.346713526140607e-08,13.787015171077114,13.784057123158082
