train set,test set,c0,"c1,1","c1,2","c1,3",rmse,kfold rmse
gov,flores,7.8949063232250065,-1.0552992229054211e-09,-0.08242862642733445,-0.01080873538972885,6.017059779245131,5.7827920093555045
gov,bible,0.0,0.0,0.0,0.0,2.271685619876913,2.271685619876913
gov,gov,30.245900231002285,6.257759580684926e-09,3.591971720121454e-07,3.4602647335088076e-06,10.081923915813428,10.808895775460561
bible,flores,0.0,0.0,0.0,0.0,2.2374092160353682,2.2374092160353682
bible,bible,23.281151528031778,-2.166391746416627e-09,0.11521592445639255,-0.06758589726522038,7.439099209429614,7.5717367133523
bible,gov,0.0,0.0,0.0,0.0,1.3576941236277535,1.3576941236277535
