model,pareto,rawlsian,1-flores,1-bible,1-gov,10-flores,10-bible,10-gov,25-flores,25-bible,25-gov,50-flores,50-bible,50-gov
linear,True,False,3.717795045453689,9.05094866807904,9.727171373847684,5.764429006379385,13.630143697514876,16.95692872144495,6.768133448652156,15.43667392264896,18.826077530416867,3.5766458512279886,2.335950912726264,5.603660621021635
poly2,True,False,3.717795045453689,9.035621257275942,9.727471769616956,5.846025872060879,13.608821916769427,16.94998104429863,6.715957115836415,15.454121569325478,18.827594383384596,3.5761516929406763,2.335950912726264,5.716829358792015
poly3,True,False,3.717795045453689,9.034778391553983,9.78866886800275,5.719918721677785,13.653194142112396,16.95690929630192,6.715428524943046,15.450676487395969,18.83025998503172,3.57624724675487,2.335950912726264,5.611355284239107
exp,True,False,3.717795045453689,8.753315149696883,9.854249620440749,5.602978810641632,13.55635899320695,17.68939820087131,6.764357249182293,15.404646697628152,19.641970963910587,8.419146245823434,2.335950912726264,46.5067499640293
log,True,True,3.286333988424042,9.020672639618828,9.715982489157549,5.71743689112914,13.643755382052852,16.956070895930676,6.621584666306253,15.482174355936008,18.824238394839867,3.2753346111730988,2.335950912726264,5.610996321974055
power,True,False,3.717795045453689,8.989146531309045,9.983093812154417,5.668659960616677,13.949797528136518,17.21047390711426,6.7990758682194725,15.898750850404785,19.06925519405018,3.620073841328193,2.335950912726264,11.223095635557597
hmult,True,False,3.01695210435963,9.265422327432288,9.91320986556384,5.966059811994039,14.802089987972352,16.95606203372637,7.268350969995343,16.65119274406124,18.82784956153377,3.77900525827324,1.457166199626293,7.287797826549209
