init,kfold rmse of each slice
-1.0,2.05596750524064,0.7588178287839698,2.9628559045492127,1.8322054306653108,0.8562704976905245,1.7210141951586377,2.1734225867219483,1.235379262977302,2.1420399160219925,2.5121479338940403e-15,1.6266440769045976e-15,2.271956289418797,0.5683277085246734,2.3431844362294196,0.3883789778558753,0.8958589235555433,2.1893783958271595,0.711109711126391,0.751066367474214,2.3331580255041846,0.7325846581976576
-0.5,2.0559366913716732,0.7588178180699903,2.9628656317172597,1.8322054672030434,1.0763188210632952,1.7210093562822493,2.173423408070462,1.235378606007898,2.142055601778812,1.4503892858778862e-15,2.8665835232995054e-16,2.2719030218227614,0.568320039630164,2.3431905532211204,0.38837881756640613,0.8958572367970192,2.189378247389454,0.7111261796428759,0.7510544570564529,2.3331578828325847,0.7325842673399992
0.0,2.055937037926138,0.7588134728340679,2.9628553056050313,1.832204908936032,1.0763186206604107,1.7210054954884373,2.173423365130237,1.235378990278631,2.142032949995315,5.5229178582109824e-15,2.8665835232995054e-16,2.271899041987656,0.5683202536205101,2.343177998682289,0.3883788798828267,0.8958611841568987,2.1893772057346843,0.7111270234734078,0.7510644749053575,2.333158085948509,0.7325842903769479
0.5,2.0559338756187606,0.7588175716695721,2.9628560622416136,1.8322055100643753,1.0763113610471688,1.721011002328002,2.1734232479949758,1.2353874228357118,2.1420531804954863,0.0,1.8129866073473578e-16,2.2719033017202066,0.5683189213389681,2.3431826754850045,0.38837834814122174,0.8958588701800253,2.189376744478019,0.7111254714864031,0.7510648341091969,2.333158067646113,0.7325831157706238
1.0,2.0559355516885973,0.7588175759576831,2.962862272987709,1.832205331995303,1.076318245466234,1.7210145065113318,2.1734225422009565,1.2353874317794642,2.1420491709170193,7.395563270997246e-15,3.1401849173675503e-16,2.2719562745771587,0.56831895514265,2.3431816473004385,0.38837424954599997,0.8959101756154221,2.189377381845682,0.711108435660799,0.7510643288610149,2.3331579501647792,0.7325891796558263
