c0,c1,c2,c3,rmse,kfold rmse
9.872772915265951,0.1308073712645067,0.03713048680506112,-2.852108165536274e-09,13.955397100902122,13.903135465010157
