init,kfold rmse of each slice
-1.0,1.8835371388313915,0.6758726599410192,3.5569987550601203,1.7594168385251374,0.827770449263912,2.6879686359435078,2.094971389542111,1.022315241066364,3.290038275150706,0.21386034439275114,0.09871346089653173,3.9995759733007903,0.516214813094051,2.9408682853339023,0.3126778368515364,0.7690380916768517,3.439133174825516,0.566692134379763,0.6939638316140909,3.0990435630920286,0.633939360628664
-0.5,1.8835371311269604,0.675872660202664,3.5569987905650815,1.7594168381152,0.8277704492326103,2.6879687135042425,2.094971390851484,1.0223152412028491,3.2900382776521977,0.21386034409084165,0.09871346285523111,3.9995760234416498,0.5162148140941588,2.9408684739941577,0.3126778410887377,0.769038091157808,3.4391332820278886,0.5666921262089042,0.6939638316338339,3.0990435267293477,0.633939359391902
0.0,1.8835371383067807,0.675872660298773,3.5569987883157363,1.7594168273370556,0.8277704500032818,2.687968675294587,2.094971400865897,1.0223152414022256,3.2900383078108697,0.2138603461462383,0.0987134641016721,3.9995760440549724,0.5162148114425343,2.9408685335706815,0.3126778371718276,0.7690380866471427,3.4391333985643118,0.5666921385664045,0.693963831471643,3.099043572394527,0.633939358306981
0.5,1.883537138769802,0.6758726601788674,3.5569987614833654,1.7594168396493768,0.8277704492751559,2.6879686658699296,2.0949713889980237,1.0223152410848881,3.290038300371595,0.2138603485613355,0.09871346454939656,3.9995761396217553,0.5162148140941591,2.9408685223994606,0.3126778386901602,0.7690380774001676,3.4391334267603773,0.5666921274035547,0.6939638316397122,3.0990434698249603,0.6339393595891882
1.0,1.8835371368561653,0.675872660147011,3.5569987959081755,1.7594168519293478,0.8277704494602053,2.687968663679546,2.0949714005442504,1.0223152417732222,3.2900382311421335,0.21386034409084345,0.09871346232614922,3.9995760242481766,0.5162148131684319,2.9408685648520856,0.312677841138277,0.7690380965251704,3.439133159911241,0.5666921203736089,0.6939638317543667,3.099043556952442,0.6339393590661839
