init,kfold rmse of each slice
-1.0,3.30540822551633e-15,9.463955172284437e-14,1.1783018260144473e-14,5.622386876942602e-14,3.936206449947263e-15,9.664426065637203e-15,4.5023410234608464e-13,9.975216410299848e-15,7.78360568894479e-15,1.0306952438512701e-14,2.5639502485114184e-16,1.5128610113560427e-13,0.3534898162550526,0.08890205738221231,0.19627727986818191,0.6817736148179664,0.7205164794341845,0.5274228824997663,4.849989733097132e-13,2.733512482915237e-14,1.124772091332317e-13
-0.5,4.852576431221584e-15,1.1083988450983048e-13,1.4819543718128762e-14,3.0654381584029215e-14,2.9243367197813474e-15,7.944109290391274e-15,5.680565873626379e-13,1.1154951682427825e-14,7.105427357601002e-15,1.0756374827627339e-14,2.5639502485114184e-16,5.406509668964382e-13,0.3481713838556147,0.0952400605891453,0.2726513411747866,0.6737459747062731,0.7381229317035457,0.52072697455171,9.322808476190465e-13,1.4904470165364382e-14,1.2209272572356084e-13
0.0,2.062888788377781e-14,6.85736870250964e-16,3.0602870235949853e-14,1.1131111769164525e-13,3.772471837966828e-15,7.280896430443988e-15,1.1675408533417186e-14,3.9459019395823464e-15,1.3101760682293513e-14,0.0,1.5809133750386223e-12,0.0,0.25349851320644273,0.15101379120014688,0.21461840052488898,0.6682604268222229,0.4321697134091279,0.43378613668694344,2.383912077155367e-13,7.770622184177861e-14,1.1007792704819446e-14
0.5,7.337557957613285e-15,1.7890567147787525e-13,6.925513918651634e-15,1.827145136789993e-14,1.7406087768693023e-15,7.944109290391274e-15,5.842156521047676e-13,2.2359130974223952e-14,5.503840364735051e-15,1.988673596020223e-14,1.8753679289969593e-15,2.2588852777149978e-13,0.3674940174290256,0.09831676358797094,0.2812208080830325,0.6951230349962033,0.719941033867727,0.5468996724766342,1.4269341506765263e-12,1.4904470165364382e-14,1.2541130590630485e-13
1.0,3.208525333098401e-15,2.1525640503473678e-13,1.2203972259298487e-14,4.5169789077032727e-14,6.601300587192985e-15,1.7710860295773711e-12,6.257255733858782e-13,6.111634055156537e-14,5.503840364735051e-15,4.690837897749693e-14,7.902625407419788e-16,1.6839513058976685e-13,0.38805493716888934,0.09232547624809859,0.2573062476871576,0.7033078599151484,0.7021404347353156,0.578003892998556,1.2269378634113943e-12,1.7404671430534633e-14,1.8747004552790495e-13
