train set size,language to,c0,"c1,1","c1,2",rmse,kfold rmse
1,ka,19.795239931511848,-58.47895777012682,39.68766945667485,1.1084285087059635,1.113631722315146
1,gu,18.82393233469324,11.109803769999173,-84.67200231068496,2.9827550599859003,3.0281506626358135
1,hi,24.98061011244892,-38.510637490305456,-15.479173113776172,1.563673827057025,1.5883878644572336
1,si,40.999504980468444,-132.21757870814108,106.90145238019241,0.44825942357790116,0.4542886149274988
1,ta,27.490950856617175,-76.68935092450003,50.11783700902571,2.085954145242172,2.0910894422719766
10,ka,32.794542707351006,-47.02709044680593,-30.897002416101817,2.9823824240043626,3.0018381562762166
10,gu,29.435134880012885,7.920443470167856,-114.91312716518816,3.8631820422345067,3.986647063633773
10,hi,36.84159761701223,-55.35252298082228,-24.584726438771707,2.5486610622851464,2.5659435617362356
10,si,57.05753960903903,-182.8733782329882,147.50056507965908,1.8882352613283477,1.888289650471546
10,ta,43.202483001546845,-133.31177044136606,102.68591816563313,2.6431933563889918,2.6437749019685683
25,ka,36.86413751253926,-49.71311196344192,-40.5452831254341,2.974159294900104,3.0011950429137344
25,gu,32.61797702362225,13.225138865400478,-135.2877869439807,4.033164814320574,4.21474334344867
25,hi,40.82284632022217,-59.31898398364673,-31.22945314879476,2.427170900662866,2.440952858066652
25,si,62.94039340781002,-199.1066652670876,158.2367216193762,2.0692483723262947,2.0699217793575326
25,ta,47.214140316981705,-141.21705547504547,105.01792861741114,2.3746753231644284,2.374786504841484
50,hi,50.715027402109236,-101.21611033883767,19.480109837809735,5.8523252616669896e-15,2.834179254676943
50,si,66.16442601489675,-187.63188657835053,131.86751794314787,8.457150154752983e-15,14.3961285579517
50,ta,53.87892475040969,-146.72009914134048,97.81012590129394,5.285718846720614e-15,10.981073367934448
