c0,c1,rmse,kfold rmse
5.914277631366241,1.5630022817836147,13.701642342483618,13.714040563760488
