model,log likelihood,R2 coefficient,normality pearson p-value,normality shapiro p-value,homocedasticity levene p-value,homocedasticity bartlett p-value
linear,-35.88962265517775,-0.08650522522060666,0.05618938494323458,0.02285078912973404,0.15697191504487323,0.023516526575727982
poly2,-35.925346911252454,-0.09429594201296898,0.06165632252659937,0.026148391887545586,0.15273907639649742,0.02789192364446032
poly3,-35.99794816337197,-0.11030131291539957,0.06457949862130485,0.02880832552909851,0.1508499952048237,0.030473400405441522
exp,-35.6843932723974,-0.04281152330851601,0.11550779623251957,0.08190351724624634,0.1569451482422144,0.08398785172535257
log,-35.89888324237077,-0.08851942518702982,0.056189384713621164,0.02285078912973404,0.1569719152225761,0.02351652640709847
power,-35.89886257739472,-0.0885149263507583,0.05618938466171629,0.02285078912973404,0.15697191500032712,0.023516526368979267
hmult,-35.89949875856798,-0.08865343370273804,0.0561893847125656,0.02285078912973404,0.15697191521805592,0.023516526406323242
