model,normality p-value,AIC of centered model,BIC of centered model,log likelihood,R2 coefficient,homocedasticity levene p-value,homocedasticity bartlett p-value
linear,,73.7792453103555,76.38441549634359,-35.88962265517775,-0.08650522522060666,0.15697191504487323,0.023516526575727982
poly2,,73.85069382250491,76.455864008493,-35.925346911252454,-0.09429594201296898,0.15273907639649742,0.02789192364446032
poly3,,73.99589632674395,76.60106651273203,-35.99794816337197,-0.11030131291539957,0.1508499952048237,0.030473400405441522
exp,,73.3687865447948,75.97395673078289,-35.6843932723974,-0.04281152330851601,0.1569451482422144,0.08398785172535257
log,,73.79776648474154,76.40293667072963,-35.89888324237077,-0.08851942518702982,0.1569719152225761,0.02351652640709847
power,,73.79772515478945,76.40289534077753,-35.89886257739472,-0.0885149263507583,0.15697191500032712,0.023516526368979267
hmult,,73.79899751713596,76.40416770312405,-35.89949875856798,-0.08865343370273804,0.15697191521805592,0.023516526406323242
