model,log likelihood,R2 coefficient,normality pearson p-value,normality shapiro p-value,homocedasticity levene p-value,homocedasticity bartlett p-value
linear,-7.275498974962725,0.35981175128350185,,0.9990663528442383,,
poly2,-7.275498974962732,0.3598117512834986,,0.9990663528442383,,
poly3,-7.275498974963811,0.3598117512830381,,0.9999986886978149,,
exp,-7.275498974975809,0.35981175127791754,,0.9999986886978149,,
log,-7.275498974963165,0.3598117512833141,,0.9990663528442383,,
power,-7.275498974963456,0.3598117512831899,,0.9990663528442383,,
hmult,-7.275498974962816,0.359811751283463,,0.9999986886978149,,
