model,log likelihood,R2 coefficient,normality pearson p-value,normality shapiro p-value,homocedasticity levene p-value,homocedasticity bartlett p-value
linear,-9.567081551359545,-0.2103350113819471,,0.609275758266449,,
poly2,-9.687726176655282,-0.31170384926330574,,0.39987608790397644,,
poly3,-9.778932671522655,-0.3939358188858011,,0.20935459434986115,,
exp,-10.30853469037173,-0.9841672066819944,,0.5188468098640442,,
log,-9.578302767360295,-0.21942324975787253,,0.609275758266449,,
power,-9.705502827174044,-0.3273414616387256,,0.24258755147457123,,
hmult,-10.088729230289314,-0.7137129107218185,,0.609275758266449,,
