model,log likelihood,R2 coefficient,normality pearson p-value,normality shapiro p-value,homocedasticity levene p-value,homocedasticity bartlett p-value
linear,-8.577860246718116,-0.525386530517773,,0.2286207228899002,,
poly2,-8.67639703990673,-0.6289555393599131,,0.30664128065109253,,
poly3,-8.767174937764622,-0.7305817689488638,,0.3769833445549011,,
exp,-8.703293040840903,-0.6584272331198631,,0.6994975209236145,,
log,-8.587110355856321,-0.5348222557015223,,0.2286207228899002,,
power,-8.075593462709175,-0.09133674661931601,,0.3631373941898346,,
hmult,-8.587337881889393,-0.5350550813719166,,0.2286207228899002,,
