train set,c0,c1,rmse,kfold rmse
gov,8.489697127404671,0.019718832037989863,14.373943773361097,14.358788334291964
bible,3.4058837148485384,0.052944183681879475,12.1817440839585,12.16521207003369
