train set,c0,c1,rmse,kfold rmse
gov,7.580184371219693,1.228133768551971,14.463401117528486,14.477374067318522
bible,4.388244018530454,1.3763428299566167,12.010195955375945,12.022345717554133
