c0,c1,rmse,kfold rmse
12.226893850780499,1.67386264456987,13.702116456298238,13.709151020800922
