language to,c0,"c1,1","c1,2",rmse,kfold rmse
ka,6.024752947005585,0.8425123684258885,-0.020598766123454,10.747090734671373,10.753398608169194
gu,9.244104938271603,0.9358919753086364,-0.02333024691357997,10.30427563180917,10.315379774851024
hi,9.771453731049148,0.39579333873199984,-0.003340382323976233,11.165585641483228,11.172059593049992
si,9.90828287112348,0.50249502755381,-0.004742744895376609,15.375604224607427,15.38105801410494
ta,8.209075805004002,0.4333375231005784,-0.004040853290692457,12.271144942083033,12.275315933728232
