train set,test set,c0,c1,rmse,kfold rmse
gov,flores,0.8467962317174025,0.7289071980231564,5.18023155003543,5.323707752062021
gov,bible,0.0,0.0,1.568615808780326,1.568615808780326
gov,gov,18.83519836932953,0.8566667212959196,6.932369686926228,7.037224845012084
bible,flores,0.0,0.0,1.4116184564770562,1.4116184564770562
bible,bible,12.864154468126303,0.9400994110327543,5.348741494769864,5.422791223317519
bible,gov,0.0,0.0,0.7505553499465134,0.7505553499465134
