model,normality p-value,AIC of centered model,BIC of centered model,log likelihood,R2 coefficient,homocedasticity levene p-value,homocedasticity bartlett p-value
linear,0.024617684241521155,244.53870126998973,249.34109603331405,-121.26935063499486,-0.034205405480944195,5.609554508506244e-05,4.565898092032519e-11
poly2,0.024617073633020292,244.34418560732314,249.14658037064746,-121.17209280366157,-0.027521459441099072,5.6103692683492794e-05,4.5701500271345615e-11
poly3,0.024593333694580444,244.66869942915937,249.4710941924837,-121.33434971457969,-0.03869662258301032,5.642213836497589e-05,4.738775091024694e-11
exp,0.01995406930265103,244.27891342459964,249.08130818792395,-121.13945671229982,-0.025288270791923972,0.0007071474802260367,1.356265503367526e-06
log,0.02461768425962193,244.52942586072726,249.33182062405157,-121.26471293036363,-0.03388569896039306,5.609554484356971e-05,4.565897966052279e-11
power,0.06339991923035047,244.34285515080654,249.14524991413086,-121.17142757540327,-0.027475891364157512,0.00018788437266611824,1.7067710898483172e-07
hmult,0.10947862636098682,245.84095553515778,250.6433502984821,-121.92047776757889,-0.08008731295692728,0.00018056256150381027,4.9473077315691676e-05
