model,log likelihood,R2 coefficient,normality pearson p-value,normality shapiro p-value,homocedasticity levene p-value,homocedasticity bartlett p-value
linear,-106.76489222096943,-0.09473769312835567,0.028692651410249372,2.2922155039850622e-05,4.6492548396000595e-05,5.3865646304147795e-12
poly2,-106.77192980235044,-0.09525143400912617,0.028692651297914325,2.2922202333575115e-05,4.6492544817857795e-05,5.3865638140179485e-12
poly3,-106.75789982979246,-0.09422748977654094,0.028692654645188304,2.2921920390217565e-05,4.6492526852899586e-05,5.386588140383614e-12
exp,-105.96107125735723,-0.037616982181736924,0.03317515910044856,4.337454083724879e-05,2.8036491806437518e-05,1.5429197128355488e-10
log,-106.71869130635262,-0.09137102172066758,0.02778092212120562,1.8171589545090683e-05,1.8486725714398845e-05,4.39726501714317e-13
power,-105.48818220384757,-0.0054153942995514015,0.036869794923563855,7.13622139301151e-05,2.2133066694696023e-06,6.466135604970741e-09
hmult,-105.59242848101245,-0.012427118406427295,0.04142638421945711,0.00010124438267666847,4.2981780730972175e-06,5.306980951787158e-08
