init,rmse of each slice
-1.0,0.8944271909999157,0.25298221281347033,2.515750385074004,2.2400892839349065,0.7000000000000001,3.2140317359976405,2.439877046082445,0.73824115301167,3.840052082980126,2.735263546107882,0.7756717518813396,5.225578117937445,0.21984843263788198,1.4433756729740645,0.17320508075688773,0.23804761428476168,1.9497863130780941,0.2901149197588202,0.291547594742265,2.2210357943986407,0.291547594742265
-0.5,0.8944271909999157,0.25298221281347033,2.515750385074004,2.2400892839349065,0.7000000000000001,3.21403173599764,2.439877046082445,0.7382411530116701,3.840052082980126,2.735263546107882,0.7756717518813396,5.225578117937445,0.21984843263788195,1.4433756729740645,0.17320508075688773,0.23804761428476168,1.9497863130780941,0.2901149197588202,0.291547594742265,2.221035794398641,0.29154759474226505
0.0,0.8944271909999159,0.25298221281347033,2.515750385074004,2.2400892839349065,0.7000000000000001,3.2140317359976405,2.4398770460824455,0.7382411530116705,3.840052082980126,2.735263546107882,0.7756717518813397,5.225578117937445,0.219848432637882,1.4433756729740645,0.17320508075688773,0.23804761428476168,1.9497863130780941,0.29011491975882014,0.291547594742265,2.2210357943986407,0.291547594742265
0.5,0.8944271909999159,0.25298221281347033,2.515750385074004,2.2400892839349065,0.7000000000000001,3.2140317359976405,2.439877046082445,0.73824115301167,3.840052082980126,2.735263546107882,0.7756717518813396,5.225578117937445,0.21984843263788198,1.4433756729740645,0.17320508075688773,0.23804761428476168,1.949786313078094,0.2901149197588202,0.291547594742265,2.2210357943986407,0.291547594742265
1.0,0.8944271909999159,0.25298221281347033,2.515750385074004,2.2400892839349065,0.7,3.2140317359976405,2.439877046082445,0.73824115301167,3.840052082980126,2.735263546107882,0.7756717518813396,5.225578117937445,0.21984843263788198,1.4433756729740645,0.17320508075688773,0.23804761428476168,1.949786313078094,0.2901149197588202,0.291547594742265,2.2210357943986407,0.29154759474226505
