c0,c1,c2,c3,rmse,kfold rmse
1.7144596517619912,1.3862369371495227e-06,2.064824384829333,1.7638515214696442e-09,13.890977580874651,13.887615073877996
