model,normality p-value,AIC of centered model,BIC of centered model,log likelihood,R2 coefficient,homocedasticity levene p-value,homocedasticity bartlett p-value
linear,0.3040901369918054,168.26207157026747,172.35111644571433,-83.13103578513373,0.0016272562237231725,0.20334504596900815,0.21635658154552803
poly2,0.11365844015170247,168.8534157429673,172.94246061841415,-83.42670787148364,-0.026885735897108853,0.9417420046527073,0.7254305506591088
poly3,0.02724918508076762,167.67598986166718,171.76503473711404,-82.83799493083359,0.029105273747136118,0.8939459695319115,0.5461538541419573
exp,0.22790245279296795,167.7445013315694,171.83354620701627,-82.8722506657847,0.02593260480297732,0.029556194297931406,0.04459632361286066
log,0.027815840286768177,167.71503638811402,171.80408126356087,-82.85751819405701,0.02729835314426976,0.764161136529383,0.415643674410186
power,0.09024027127115716,167.49364801663216,171.58269289207902,-82.74682400831608,0.037499005366568694,0.6059095586757693,0.3425891556268977
hmult,0.192970120938527,168.00305355142555,172.0920984268724,-83.00152677571278,0.013865745616944758,0.3232059416387407,0.2560642871593435
scaling,0.049705198438498265,167.6468224733153,171.73586734876216,-82.82341123665765,0.030452835963557745,0.8877876172877033,0.4907447652722481
