c0,c1,rmse,kfold rmse
10.093169103777644,-1.4751369093116888e-09,13.93327056784138,13.903699773899193
