c0,c1,c2,c3,c4,c5,c6,rmse,kfold rmse
25.336652436880048,15.229293931961083,11.44194884211887,1.9091460245719032,-5.943684900214808,-32.55687076175753,18.25943247309652,13.623087260141212,13.642887331116535
