model,none,train,size,test,train+size,train+test,size+test,train+size+test
linear,13.705141872582336,13.254454624954985,13.612427716280566,11.985595761704268,12.928866136726594,3.961275616090397,8.80334073299424,2.0170216659695237
poly2,13.673997218668202,13.235774414865258,13.681852175936935,11.964737280520689,13.065289250853542,3.854752805118469,8.959893508343407,1.9249196255957268
poly3,13.674209745145756,13.238055522822489,13.679566622487311,11.963133562895592,13.125302681766359,3.8512925859224167,9.014368634613001,3.994936297270653
exp,13.704738856129769,13.254312042125129,13.60949484977722,11.981257781648347,12.920062338713823,3.9504181864676418,8.70748823028224,1.917105733494255
log,13.706598632419674,13.255657750016951,13.612265367129684,11.987886516202837,12.927964877776985,3.9731743867419276,8.837009664013255,2.0756706272357723
power,13.706283738004274,13.255580638938952,13.609695250239346,11.983602985322818,12.920744205710932,3.962448280700658,8.736394209025848,1.9699992421950427
hmult,13.708776631475423,13.256293905271097,13.58427124575738,12.017045403385486,12.880713650107607,4.1118381953239025,8.811490235569488,2.2704743142762664
