c0,c1,c2,c3,c4,rmse,kfold rmse
1.5078576446125416,-4.933278967475888e-09,-0.6509698046539723,8.379972729703442e-06,-1.571570263550882,13.807390583453884,13.79341300944541
