train set,c0,c1,rmse,kfold rmse
gov,12.655212198605062,2.0778606961974017e-10,14.692654270610888,14.756261113767561
bible,6.951317443227224,-7.033898706972276e-10,12.293797426321827,12.252533668899655
