model,log likelihood,R2 coefficient,normality pearson p-value,normality shapiro p-value,homocedasticity levene p-value,homocedasticity bartlett p-value
linear,-175.74159989994962,-2.2973479201882085e-05,0.016337347400420987,8.789677252707406e-08,3.14153042054101e-10,6.307790921182272e-24
poly2,-175.74172489116867,-2.8528787541892697e-05,0.016336444583742428,8.789972127942747e-08,3.148919118321052e-10,6.299697363413201e-24
poly3,-175.74116789514477,-3.7730088837673037e-06,0.016337326230671988,8.789722727442495e-08,3.1416951830316154e-10,6.307483507801969e-24
exp,-175.74509250657582,-0.0001782160550738432,0.01630587513594855,8.878511437160341e-08,3.679974922507871e-10,9.6863573109962e-24
log,-175.74145944687797,-1.673099653465293e-05,0.01633734740439965,8.789677252707406e-08,3.141530387921072e-10,6.3077909498103494e-24
power,-175.74496193352363,-0.00017241179091875836,0.016407167035982776,9.31698878048337e-08,2.7793005490529085e-10,8.983996034912447e-24
hmult,-175.74148756349794,-1.7980645778292725e-05,0.016337347401953528,8.789677252707406e-08,3.1415304080565804e-10,6.3077909345081695e-24
