c0,c1,c2,c3,rmse,kfold rmse
2.0685507581879454,-1.5959352753871276,-1.2933202511945188,-8.783670217364417e-09,14.382175518215073,14.417542080627326
