c0,c1,rmse,kfold rmse
10.088920646917547,-4.3807169774877085e-09,13.934038027815637,13.903007934191812
