,models,Normality Pearson p-value,Normality Shapiro p-value,AIC of model,BIC of model,LogLikelyhood,R2 coefficient,Homocedasticity Levene p-value,Homocedasticity bartlett p-value,Normal Test,Homoscedasticity Test
0,linear,,0.8425963521003723,46.99450523047109,48.886325528581715,-22.497252615235546,0.2470613521679299,0.7006687792956751,0.5438156972148391,not F,not F
1,poly2,,0.8449030518531799,46.55081838949621,48.44263868760683,-22.275409194748104,0.2933044766645805,0.3629148345909911,0.3209933936953956,not F,not F
2,poly3,,0.40408721566200256,45.617960682164025,47.50978098027465,-21.808980341082012,0.3814769081939554,0.027989187584381386,0.08859912299508334,not F,not F
3,exp,,0.21542923152446747,46.399776406623474,48.2915967047341,-22.199888203311737,0.3083898104859869,0.51855197346579,0.29633854069536925,not F,not F
4,log,,0.03453511372208595,46.98107155560971,48.87289185372033,-22.490535777804855,0.2485049283989771,0.010051033557203033,0.007004629904467719,X,X
5,power,,0.7703756093978882,46.06947414457255,47.961294442683176,-22.034737072286276,0.3402661807450451,0.2802154353069048,0.2784466017858983,not F,not F
6,mult,,0.7703756093978882,46.06947414457255,47.961294442683176,-22.034737072286276,0.3402661807450451,0.2802154353069048,0.2784466017858983,not F,not F
7,hybrid_mult,,0.7875286936759949,46.13545120534164,48.02727150345226,-22.06772560267082,0.3340185988775334,0.3064586293857637,0.2968246063419451,not F,not F
8,scaling,,0.7703740000724792,46.069478073685445,47.96129837179607,-22.034739036842723,0.3402658104351336,0.28021777267270415,0.27844776116207837,not F,not F
