,models,Normality p-value,AIC of centered model,BIC of centered model,LogLikelyhood,R2 coefficient,Homocedasticity Levene p-value,Homocedasticity bartlett p-value
0,linear,,36.17935156341644,38.07117186152706,-17.08967578170822,0.4798695958436099,0.6915094933595717,0.5567830685533757
1,poly2,,35.98348402630304,37.87530432441366,-16.99174201315152,0.49422167488969104,0.5198067194290688,0.4335828418245671
2,poly3,,35.787004948730015,37.67882524684064,-16.893502474365008,0.5082206988391532,0.458133201426935,0.40471729520813027
3,exp,,47.51160928027446,49.40342957838509,-22.75580464013723,-1.6253605472076478,0.24263963040362468,0.15500943492668787
4,log,,37.63644104215153,39.528261340262155,-17.818220521075766,0.3595089183608151,0.023281732455246718,0.10297611005410287
5,power,,47.51160928027446,49.40342957838509,-22.75580464013723,-1.6253605472076478,0.24263963040362468,0.15500943492668787
6,mult,,47.51160928027446,49.40342957838509,-22.75580464013723,-1.6253605472076478,0.24263963040362468,0.15500943492668787
7,hybrid_mult,,35.207807844327654,37.09962814243828,-16.603903922163827,0.5472737684221143,0.10257031996190416,0.1625315502661137
8,scaling,,35.58519208309299,37.477012381203615,-16.792596041546496,0.5221964658399678,0.35738156954994926,0.3442580228071441
