,models,Normality p-value,AIC of centered model,BIC of centered model,LogLikelyhood,R2 coefficient,Homocedasticity Levene p-value,Homocedasticity bartlett p-value
0,linear,,40.599031919797106,42.49085221790773,-19.299515959898553,0.2987895715099266,0.7957445653461681,0.6039479501358472
1,poly2,,40.13458911717512,42.02640941528574,-19.06729455858756,0.34380430928153116,0.4151441160647287,0.3410875760239203
2,poly3,,39.6771111234527,41.56893142156332,-18.83855556172635,0.38531800401369,0.2358721188736661,0.25242391724362806
3,exp,,41.247547398979854,43.13936769709048,-19.623773699489927,0.23072147603770443,0.4937315729077483,0.11844334265995488
4,log,,40.800116637635526,42.69193693574615,-19.400058318817763,0.2783542167812698,0.017954378365137028,0.007187757622051463
5,power,,39.766903687236734,41.65872398534736,-18.883451843618367,0.3773823767573973,0.3678123139088652,0.346768765470171
6,mult,,39.766903687236734,41.65872398534736,-18.883451843618367,0.3773823767573973,0.3678123139088652,0.346768765470171
7,hybrid_mult,,39.3723790046555,41.26419930276612,-18.68618950232775,0.41150296141332376,0.17315152926481114,0.23376548282608714
8,scaling,,39.76690414161136,41.658724439721986,-18.88345207080568,0.37738233634287466,0.3678126237470527,0.3467688992195249
