c0,c1,c2,c3,rmse,kfold rmse
10.023901384051342,4.6264674438234294e-05,0.0009819507728380326,-1.5146215889540513e-08,13.945852769889452,13.903483029152664
