c0,"c1,1","c1,2",c2,rmse,kfold rmse
33.719396477423906,16.475419222483513,-7.262213744964903,-67.93966125810638,4.808431900729646,4.83863554941023
