c0,c1,c2,c3,c4,rmse,kfold rmse
5.435987295918978,0.36686758351206983,-5.378616122297091e-09,4.71230949983966,0.08657381027409476,13.960502096206543,13.987485549610568
