train set size,c0,"c1,1","c1,2",rmse,kfold rmse
1,4.735102765133483,-4.332734455351214e-06,-3.5624016333957696e-09,8.495043219725304,8.449285126201872
10,10.811573254975578,-1.7438884486866473e-09,2.1530825184750214e-05,13.780674915661276,13.744316608583857
25,12.377050766926766,-9.64694089829599e-10,1.5109797760748797e-05,15.436779699482999,15.28184916534338
50,16.898565611266633,1.8362322332727567e-08,-0.3473726682645055,17.454667889057003,18.050209184095124
