c0,c1,rmse,kfold rmse
13.563714266419478,0.19858152380522626,13.69802811710339,13.707461928296258
