init,rmse of each slice
-1.0,2.203393573891438,0.7546139828622671,3.689764612238661,3.4035459437750384,1.2460217557463564,3.7393526142491895,3.870353666603352,1.398970167725662,4.443597991345503,1.3507351901432012,0.5248829775775182,5.3278357676976045,0.5522214572584616,2.804248727343329,0.3825572602520656,0.890782134737256,3.3394004478521637,0.7081829847333432,0.8147504717262448,3.7107954112762425,0.7671558969839434
-0.5,2.203393573591441,0.7546139829302081,3.6897646113650766,3.4035459437692843,1.2460217558607833,3.7393526135008783,3.870353666594698,1.3989701677983997,4.443597993446862,1.3507351901430917,0.5248829775778243,5.327835767729424,0.5522214572056455,2.8042487282274142,0.3825572600837076,0.8907821347378118,3.339400447784791,0.7081829847239285,0.8147504724299476,3.710795411447617,0.767155897094951
0.0,2.2033935735922348,0.7546139829897498,3.6897646120763046,3.4035459438184055,1.2460217566250882,3.7393526137201873,3.8703536665984095,1.3989701679503486,4.443597992750198,1.350735190143086,0.5248829775785832,5.327835769704678,0.5522214572204174,2.804248726793521,0.3825572601184784,0.8907821349843569,3.339400447614584,0.7081829847608522,0.8147504718549762,3.7107954111284154,0.767155897129383
0.5,2.203393573592374,0.7546139828698388,3.6897646113989695,3.403545943828853,1.2460217558214863,3.739352613634134,3.870353666676001,1.398970168189133,4.443597992418326,1.3507351901430964,0.5248829775797704,5.3278357682178985,0.5522214572327326,2.804248728783438,0.38255726008869584,0.8907821348535454,3.339400447847749,0.7081829847992716,0.8147504719200466,3.7107954114211346,0.7671558970125001
1.0,2.2033935736763257,0.7546139831537579,3.689764611635206,3.4035459437917037,1.2460217567266398,3.7393526137377533,3.8703536667352263,1.3989701674501394,4.4435979911957055,1.3507351901430755,0.5248829775776649,5.327835768995078,0.5522214574721565,2.8042487273205787,0.38255726008575225,0.89078213474106,3.3394004480179107,0.7081829846073392,0.8147504723535441,3.7107954110605847,0.7671558969727281
