c0,c1,rmse,kfold rmse
10.033276615991738,-6.306520109984325e-10,13.944205408019593,13.901269345206781
