train set,c0,c1,rmse,kfold rmse
gov,17.230332226352996,-3.5434322329983066,14.476230796281703,14.495110989613528
bible,8.288983018882263,2.1494469422068048,12.017951904989461,12.033923427905194
