c0,c1,c2,c3,rmse,kfold rmse
2.057248238760178,6.437804424022178e-09,2.301000714008245e-06,2.560853453158164,13.782079224240414,13.780611844103165
