train set,c0,c1,rmse,kfold rmse
gov,12.869759553141488,1.2674398436871544e-10,14.657532632704614,14.80273055017198
bible,7.040345723426421,-2.6322257162555623e-09,12.27535943615746,12.257924471373421
