c0,"c1,1","c1,2","c1,3",rmse,kfold rmse
0.25370401336616094,1.8231779134442587,-0.06838657222945177,0.0007922573969290547,13.45075793013882,13.417990984504307
