c0,c1,c2,c3,rmse,kfold rmse
2.648372410842176,-1.1682282783230437e-09,0.06056999325190998,-0.9684468059349103,13.72342358899882,13.712900628884798
