model,normality p-value,AIC of centered model,BIC of centered model,log likelihood,R2 coefficient,homocedasticity levene p-value,homocedasticity bartlett p-value
linear,0.10778166796404098,443.863803585582,449.84177167871053,-220.931901792791,0.00030035873283751346,0.0024134543505612196,0.005832355476021845
poly2,0.019840802522623827,444.0643129155302,450.04228100865873,-221.0321564577651,-0.0034185618898896486,0.0992789831329657,0.08499947095265714
poly3,0.0032626289911600105,441.0480185777072,447.0259866708357,-219.5240092888536,0.05109308311971128,0.11666609829681426,0.02253068163632301
exp,0.059057290206650834,443.11040917970206,449.0883772728306,-220.55520458985103,0.014151070964485979,1.4203410416227372e-05,0.00014933367328003651
log,0.006677486759670436,441.40512306332056,447.3830911564491,-219.70256153166028,0.044797123208724976,0.04478019606965648,0.011599938053553837
power,0.0250187527109544,441.30480991718144,447.28277801031,-219.65240495859072,0.04656990953013229,0.020923141774210643,0.009230631875439963
hmult,0.06321522866121014,442.8674042274998,448.8453723206283,-220.4337021137499,0.01857751438424815,0.0035790810582258937,0.005115218180821503
scaling,0.0066158622402586595,441.2136015705443,447.19156966367285,-219.60680078527216,0.048178935145803514,0.06528754537840047,0.023425026531654975
