c0,c1,rmse,kfold rmse
7.242386768776321,0.24388952040293896,13.142942344834024,13.150635235914507
