c0,c1,c2,c3,rmse,kfold rmse
10.104521985975527,-3.74927500842793e-09,6.275379907920973e-05,-2.5113414143905653e-06,13.93121821644182,13.900939337322336
