c0,c1,c2,rmse,kfold rmse
5.569802465748731,-9.44301796191593e-09,-4.758134496488628,13.91873991036711,13.892880743492581
