c0,c1,c2,rmse,kfold rmse
0.2807477437595271,0.8428349523142148,-1.490261848194716,6.756958160475555,6.8074176843759115
