c0,c1,rmse,kfold rmse
3.588837967729238,0.4218333343235421,13.691589679993335,13.680666486150916
