c0,c1,rmse,kfold rmse
8.768263059409358,0.2484588966804299,13.22665866221482,13.238804151752234
