c0,c1,rmse,kfold rmse
9.974360861596697,-12.406486544851584,13.640981169342968,13.64847267052799
