c0,c1,c2,c3,rmse,kfold rmse
7.029163240265955,-9.561374136300066e-09,-3.9468041385847203,0.09253626426438563,13.93318971801984,13.902340502957674
