c0,c1,c2,c3,c4,rmse,kfold rmse
1.7634441039548936,0.32121714178225114,0.8351310572234688,1.2441201995960915,-3.890446538296657e-09,13.791278411615341,13.799283874738189
