c0,c1,c2,rmse,kfold rmse
3.584627945553589,-1.758526385026018,-0.13088488183666552,14.009220558332556,13.993636095887396
