c0,c1,rmse,kfold rmse
11.87951425715536,0.38692453038662006,13.704178028763035,13.711988298382815
