c0,c1,rmse,kfold rmse
3.475177580294486,2.6568772118687805,13.703018491092342,13.711309262765619
