train set,c0,c1,rmse,kfold rmse
gov,9.079701470383803,-6.3108028239374,14.460918810361408,14.477819483692127
bible,9.333330920589676,-0.21222429643529167,12.018135473002959,12.034077402760733
