train set,c0,c1,rmse,kfold rmse
gov,12.652270907397693,-1.4602912573288122e-07,14.693156923646859,14.79499729953795
bible,7.050833427113147,-5.342185509663595e-08,12.273228089873644,12.234520864237311
