train set,train set size,c0,"c1,1","c1,2",rmse,kfold rmse
gov,1,18.97961377547544,-21.693230840174152,-17.46245775366339,8.188810115715288,8.237299741274523
gov,10,24.2852101829167,-15.857413677265138,-14.014109779099362,14.004110507695016,14.066280272167948
gov,25,27.946101212340974,-18.671069296121733,-16.4229985850387,15.380326538954273,15.446787670361683
gov,50,16.503590997285343,6.601462801244174,2.64057221821214,17.23188259528769,17.365608584382795
bible,1,7.161702076923672,-1.6099671372132374,-1.985717804060615,7.8218497386062635,7.894391717705149
bible,10,10.280352655224064,0.6354051660389427,-0.7886433335815377,12.381516241739098,12.489540129648649
bible,25,11.491182876346436,1.3767262411716064,-0.4178413998649685,14.194198736775725,14.297391638522853
