model,log likelihood,R2 coefficient,normality pearson p-value,normality shapiro p-value,homocedasticity levene p-value,homocedasticity bartlett p-value
linear,-33.363856945641956,-4.111872560588185,0.3224191640898348,0.2938031554222107,0.3847148232743001,0.22942692206938836
poly2,-33.363856945641956,-4.111872560588185,0.3224191640898348,0.2938031554222107,0.3847148232743001,0.22942692206938836
poly3,-33.363856945641956,-4.111872560588185,0.3224191640898348,0.2938031554222107,0.3847148232743001,0.22942692206938836
exp,-33.363856945641956,-4.111872560588185,0.3224191640898348,0.2938031554222107,0.3847148232743001,0.22942692206938836
log,-33.363856945641956,-4.111872560588185,0.3224191640898348,0.2938031554222107,0.3847148232743001,0.22942692206938836
power,-33.363856945641956,-4.111872560588185,0.3224191640898348,0.2938031554222107,0.3847148232743001,0.22942692206938836
hmult,-26.455131312022363,-1.0348098393392036,0.322419164089835,0.2938031554222107,0.3847148232743001,0.22942692206938836
