model,normality p-value,AIC of centered model,BIC of centered model,log likelihood,R2 coefficient,homocedasticity levene p-value,homocedasticity bartlett p-value
linear,,53.741788899132196,57.15788930133662,-25.870894449566098,-2.3901422265816583,0.046359407891605295,0.013260703038849854
poly2,,53.741788899132196,57.15788930133662,-25.870894449566098,-2.3901422265816583,0.046359407891605295,0.013260703038849854
poly3,,53.741788899132196,57.15788930133662,-25.870894449566098,-2.3901422265816583,0.046359407891605295,0.013260703038849854
exp,,53.741788899132196,57.15788930133662,-25.870894449566098,-2.3901422265816583,0.046359407891605295,0.013260703038849854
log,,53.741788899132196,57.15788930133662,-25.870894449566098,-2.3901422265816583,0.046359407891605295,0.013260703038849854
power,,53.741788899132196,57.15788930133662,-25.870894449566098,-2.3901422265816583,0.046359407891605295,0.013260703038849854
hmult,,35.95989960014327,39.37600000234769,-16.979949800071633,-0.03604708190289374,0.04635940789160523,0.013260703038849832
