model,log likelihood,R2 coefficient,normality pearson p-value,normality shapiro p-value,homocedasticity levene p-value,homocedasticity bartlett p-value
linear,-51.525772764749874,-0.11428104796233596,0.8747000242844533,0.9466938376426697,0.2663055116142498,0.5075821181844365
poly2,-51.778886303205354,-0.15252809000670853,0.8747000272255415,0.9466938376426697,0.26630551388616974,0.5075821225235233
poly3,-51.21155621148147,-0.06856203965095498,0.8751704010327683,0.9469602108001709,0.26666817898234496,0.5082763934671064
exp,-50.20256875327335,0.0659429905162312,0.5852143534348015,0.5441548824310303,0.15564143774613284,0.19344915528798934
log,-51.587607963089155,-0.1235059291453493,0.8747000249853203,0.9466938376426697,0.26630551214645803,0.507582119216994
power,-52.334311472083385,-0.24112044695560741,0.9919433534613215,0.9975974559783936,0.8271478202124758,0.9990423691447751
hmult,-53.26827810262691,-0.405711305528343,0.9640486950453441,0.9813564419746399,0.842334592075378,0.8233014470535156
