c0,c1,c2,c3,c4,rmse,kfold rmse
7.190824660524385,1.107582407283196,0.00021364390647703513,-2.9948086785369387e-10,2.7931657495989684,13.999232626911281,13.932457565595538
