c0,"c1,1","c1,2",rmse,kfold rmse
10.108631089397308,3.8195780574945946e-07,5.682645780954718e-07,13.930487976631163,13.981052584712131
