c0,"c1,1","c1,2",rmse,kfold rmse
-26.601909260051524,177.97996381470284,-192.24494607198758,13.680846114754566,13.693119906612662
