model,mean,min,25%,50%,75%,max
linear,2.968208627197804,0.6677344795349465,0.9207422272100201,2.74028833565513,4.253940752530133,6.588222196458164
poly2,2.4561262148849754,0.6509746001750109,0.8630058445818742,2.3236415993823187,3.5476732865147205,5.106688381829624
poly3,2.3334882889753845,0.6509916803958511,0.8671817502236068,2.2801540012195085,3.5217862204475954,4.457775424268842
exp,3.124517038452058,0.6745988796096041,0.9370962742885445,2.873125612804099,4.5108880312382365,6.977690126661571
log,2.3077285248689443,0.6473093356281454,0.8615311818452085,2.2778758805981463,3.49043406661262,4.359273641510889
power,2.387109907928243,0.6502569337558002,0.8706555274282723,2.3676876045099684,3.5562083553706385,4.613000530735151
hmult,2.776829093198225,0.6491922052230584,0.8714152453305278,2.5264044329452746,4.033334208343577,6.103577171807117
scaling,2.2998448692268894,0.6489016280121133,0.8610967585643092,2.2464638062072533,3.5034869347253674,4.335437588019984
