model,pareto,rawlsian,gov-flores,gov-bible,gov-gov,bible-flores,bible-bible,bible-gov
linear,False,False,4.2288129644652726,1.2517637068449878,6.588222196458164,0.8104017339983642,4.262316681885087,0.6677344795349465
poly2,False,False,3.486507435007544,1.160775763757094,5.106688381829624,0.763749204856801,3.5680619036837795,0.6509746001750109
poly3,False,False,3.382945058889402,1.1773629435496151,4.457775424268842,0.7637880191149373,3.56806660763366,0.6509916803958511
exp,False,False,4.520830439790104,1.2651904200255637,6.977690126661571,0.8277315590428713,4.481060805582634,0.6745988796096041
log,True,False,3.38846314934452,1.167288611851773,4.359273641510889,0.759612038509687,3.524424372368653,0.6473093356281454
power,False,False,3.551955071702531,1.1834201373174058,4.613000530735151,0.7664006574652279,3.557626116593341,0.6502569337558002
hmult,False,False,3.869019704796714,1.183789161093835,6.103577171807117,0.7672906067427588,4.088105709525864,0.6491922052230584
scaling,True,True,3.335354841884869,1.157572770529638,4.335437588019984,0.762271421242533,3.5595309656722,0.6489016280121133
