c0,c1,rmse,kfold rmse
10.09270871453763,6.775713485872686e-09,13.933353673146078,13.904061007670432
