train set,c0,"c1,1","c1,2",rmse,kfold rmse
gov,28.80655697536693,3.5416970352839017,-19.19585573564185,14.387452222880682,14.409690071504475
bible,17.041699287641894,2.320387878524861,-10.928742518717964,11.984143845257591,11.996993823538686
