model,log likelihood,R2 coefficient,normality pearson p-value,normality shapiro p-value,homocedasticity levene p-value,homocedasticity bartlett p-value
linear,-7.946974535007451,-0.001658740294251393,,0.2286207228899002,,
poly2,-7.916392854296307,0.018556096786255583,,0.2296341061592102,,
poly3,-7.944705698406008,-0.00014481885491934854,,0.2286239117383957,,
exp,-7.706189695610915,0.1468892125615432,,0.23786811530590057,,
log,-7.310482643959055,0.34470552305805435,,0.25531697273254395,,
power,-0.2875838194820751,0.993931252943272,,0.36621713638305664,,
hmult,-1.2717011523663047,0.9883041931346336,,0.6013989448547363,,
