c0,c1,rmse,kfold rmse
12.609122799506917,9.617407103335644e-08,13.704424428158188,13.71104675912236
