c0,c1,c2,c3,c4,rmse,kfold rmse
2.5211886000599804,6.056917528112384e-06,-6.116028768627398e-09,-1.9294578257631544e-06,-0.5971011519828402,13.712940604725361,13.708651584975161
