train set,test set,c0,c1,rmse,kfold rmse
gov,flores,8.74913802335479,-0.26296187864756454,5.166832428215877,5.211395268655878
gov,bible,2.3167308969899674,0.27384514724066183,1.314165351185997,1.3257198066001195
gov,gov,36.85680011892349,0.14325939991032013,9.70871245317719,9.777415627455317
bible,flores,3.2789143710399404,0.6055432064778417,0.9531349314595772,0.9630828097265491
bible,bible,24.218356563872753,-0.06098528174739032,7.10472697078112,7.182404133473902
bible,gov,1.8531650378548268,0.5993913518203583,0.7225542634560701,0.7304756082991839
