c0,c1,c2,c3,rmse,kfold rmse
5.530449683605475,-7.881930959163986e-10,0.00013697413357405464,4.728468506240565,13.979272084238342,13.792211356703168
