train set,test set,c0,c1,rmse,kfold rmse
gov,flores,4.187162190649244,-11.539469269057165,5.100898260028733,5.138905036334608
gov,bible,0.768486920196283,-1.8591400126044824,1.3079565591994302,1.317306010049983
gov,gov,53.562549832512936,35.786637746158476,9.234998365197193,9.29863132569881
bible,flores,2.664811209946331,1.1274342442364387,0.9844532229355281,0.9926940274303921
bible,bible,33.869084677919105,14.38233894222324,6.9966446985015915,7.062875263108689
bible,gov,1.264526786661474,0.21331599475479499,0.7371366022522382,0.7434414145510182
