model,log likelihood,R2 coefficient,normality pearson p-value,normality shapiro p-value,homocedasticity levene p-value,homocedasticity bartlett p-value
linear,-5.253463031336049,-0.031876379812513456,,0.09837812930345535,0.008466161973467964,0.0632636878905653
poly2,-5.178322501082954,-0.0013235358812664355,,0.09906385838985443,0.00835473475207427,0.06392918053885552
poly3,-5.196800167828825,-0.008751802512820595,,0.09903855621814728,0.008358757468868494,0.06390452903171748
exp,-5.185257191878797,-0.004104939375649375,,0.09837812930345535,0.008466161946136063,0.06326368785082742
log,-5.1884474970264645,-0.005387117772472028,,0.09837812930345535,0.008466161778613082,0.06326368760726764
power,-5.18820882349287,-0.0052911386356691015,,0.09837812930345535,0.00846616163326018,0.0632636873959401
hmult,-5.188462884527805,-0.005393305949765281,,0.09837812930345535,0.008466161575442282,0.06326368731187891
