model,log likelihood,R2 coefficient,normality pearson p-value,normality shapiro p-value,homocedasticity levene p-value,homocedasticity bartlett p-value
linear,-12.399822554006368,0.1078641788776471,,0.9571158289909363,0.9137333032013737,0.9782504348303581
poly2,-11.311175147897387,0.4228169708863935,,0.8696162700653076,0.8904253963816153,0.9751876284623877
poly3,-11.071374824620877,0.47560810549521404,,0.8309473395347595,0.9745525897319036,0.9509688959068205
exp,-12.114963281600712,0.20393990608831447,,0.9898611903190613,0.8936010305821764,0.986156061731406
log,-11.240886885720206,0.43881864764884915,,0.8773928880691528,0.9121203576859023,0.9913353636133644
power,-10.81405147275424,0.5268984994743813,,0.46952855587005615,0.6102504947647897,0.4878549697244998
hmult,-10.822869750100185,0.5252267767670054,,0.45133912563323975,0.7712433421249616,0.6138305503770087
