model,log likelihood,R2 coefficient,normality pearson p-value,normality shapiro p-value,homocedasticity levene p-value,homocedasticity bartlett p-value
linear,-7.944806359601035,-0.00021193828877974497,,0.22861845791339874,,
poly2,-7.480587667263285,0.26601538596473084,,0.302552729845047,,
poly3,-7.375196939091257,0.3158155252807735,,0.5109378695487976,,
exp,-7.769564979335605,0.11007284775011739,,0.06603812426328659,,
log,-7.44204546826965,0.2846347386686343,,0.3703145682811737,,
power,-7.27581475347115,0.3596769653029671,,0.9928056001663208,,
hmult,-7.279253369149826,0.3582073983034735,,0.911058247089386,,
