train set,c0,c1,rmse,kfold rmse
gov,14.430599255905152,1.6413302558545173,14.475809365178968,14.493709704307879
bible,9.647484161476527,-0.2396317053051442,12.01813594540292,12.031398150933976
