train set,c0,c1,rmse,kfold rmse
gov,16.903229361905645,0.28130679107238443,14.470990072166355,14.487292863730545
bible,12.015445866361363,0.5957461269481432,12.00716914902469,12.023868414147362
