c0,c1,rmse,kfold rmse
10.06799998817192,-3.84779569637391e-09,13.937835499601702,13.907748584599743
