c0,c1,rmse,kfold rmse
17.727863187205397,2.718640665084163,13.147992503727595,13.154253160456204
