c0,c1,c2,c3,c4,rmse,kfold rmse
-7.302728745388726e-10,-0.38571492975219407,-0.6023043945403772,0.0035316443466924656,-1.8012160029642112,13.86105921390996,13.848187483714167
