c0,c1,c2,c3,rmse,kfold rmse
5.5218379850230885,-5.759105163211308e-09,-0.007975790046128344,-5.139449911974721,13.867063705440232,13.848249124674718
