train set,test set,c0,c1,rmse,kfold rmse
gov,flores,5.928129406566467,-1.0395421499895583,5.100898260028824,5.138904940727658
gov,bible,1.037473981976064,-0.9875684624264754,1.3079565592035363,1.3173059955905622
gov,gov,62.56981979832259,1.1215471815159737,9.234998365202472,9.298631289993232
bible,flores,2.792307935152098,0.5681708341979533,0.9844532229359886,0.992693766425926
bible,bible,35.50457068028269,0.5709941866072699,6.996644698499235,7.062875540438907
bible,gov,1.2718776068919042,0.1877611073099308,0.7371366022457436,0.7434414588430933
