c0,c1,rmse,kfold rmse
10.10808350438957,-1.5237936477555561e-09,13.93058628896068,13.904179987457317
