c0,c1,c2,c3,rmse,kfold rmse
2.1751379353197464,-0.4773055940567866,-4.260376683429686e-09,-1.4475468056479197,13.84897108308027,13.840887680718804
