c0,c1,c2,rmse,kfold rmse
1.6057890833418729,-2.7873278433842184,-5.3565164289201625e-09,13.76429671610549,13.762072225833299
