c0,c1,c2,c3,rmse,kfold rmse
2.0691774858396994,-0.8930705376796131,-4.9640028268796806e-09,-1.1166030729824767,13.815268175490269,13.764748007214925
