train set,c0,c1,rmse,kfold rmse
gov,12.81252299800197,-3.880628611566707e-10,14.666603595149859,14.772529805805364
bible,6.872574871257587,-2.153883941493968e-09,12.310618774072758,12.269041507734999
