train set,c0,c1,rmse,kfold rmse
gov,12.84546413809133,2.8498735600380013e-10,14.661356410167034,14.803209622705145
bible,6.907060462178855,-8.294756981306045e-10,12.30319260963314,12.234772139983948
