model,pareto,rawlsian,gov-flores,gov-bible,gov-gov,bible-flores,bible-bible,bible-gov
linear,True,False,4.957910201117132,1.0366033189991477,9.829879571848156,0.749225393348081,7.114979439953595,0.5430400304111267
poly2,True,False,4.957910204751167,1.0366031797300272,9.829880619640624,0.7492255312965705,7.11497912646138,0.5430400567902562
poly3,True,False,4.957910602823979,1.0366031708024468,9.829881300919286,0.7492253453056475,7.114978379783672,0.5430400683306245
exp,True,False,4.957910010944398,1.036603213163774,9.829880069128649,0.7492260076543455,7.1149788960269404,0.5430301358732599
log,True,False,4.957910227558351,1.0366031151320632,9.82988093836327,0.7492258962355978,7.114979485456128,0.5430400071029244
power,True,False,4.95791016670122,1.0366031423852895,9.829880704899336,0.7492260037336186,7.114978884515784,0.5430400549226929
hmult,True,True,4.957910297324204,1.036603164471051,9.823746633253752,0.7492259582387829,7.168131707125747,0.5430399733479973
