c0,c1,c2,c3,rmse,kfold rmse
5.176647268803215,-3.3488231450555074e-09,-0.00015614695101860818,-5.011692999966273,13.945845307748144,13.985476603490149
