c0,c1,c2,rmse,kfold rmse
3.830090183311959,-1.2211343995687642,-6.723778037262407e-09,13.80174489977507,13.791494788876312
