language to,c0,c1,rmse,kfold rmse
ka,7.693673434045227,0.28802721263687586,10.825125441135846,10.831250439280101
gu,11.134331079354732,0.3078798179199674,10.408531351997638,10.419346211311602
hi,10.716894282556163,0.23424873703026713,11.196900424888604,11.202501144549894
si,11.250639245637592,0.2731306124416275,15.421442426721024,15.426094964240255
ta,9.35277322481145,0.23791736585491782,12.312829118887603,12.316658147639389
