c0,c1,rmse,kfold rmse
10.110218740861047,3.0267512788868136e-07,13.930203227731726,13.900968250068523
