c0,"c1,1","c1,2",c2,rmse,kfold rmse
-0.2697316647229988,10.362885237484496,-2.564319002017189,-1.4927351622262626,6.757474420701253,6.801561288047404
