c0,c1,c2,c3,rmse,kfold rmse
10.104405889096828,1.0197693505409987e-08,-8.050468299498623e-10,7.117107073612969e-08,13.9312467451272,14.014511573313976
