model,normality p-value,AIC of centered model,BIC of centered model,log likelihood,R2 coefficient,homocedasticity levene p-value,homocedasticity bartlett p-value
linear,,72.57609717501794,74.97054632969038,-35.28804858750897,-0.06570721464082574,0.5250037980399495,0.24903727604138898
poly2,,72.11066261293847,74.50511176761091,-35.055331306469235,-0.011995049181998008,0.3820136598619125,0.13825599744038283
poly3,,72.3251436134184,74.71959276809085,-35.1625718067092,-0.03640179433163837,0.4989943430939194,0.22546734905294702
exp,,72.23984902335486,74.63429817802731,-35.11992451167743,-0.026626027923434492,0.25075892890658386,0.09186152837845803
log,,72.20367774710311,74.59812690177556,-35.10183887355156,-0.022508266652477626,0.27887320239596075,0.0786832967814351
power,,72.10020196886722,74.49465112353967,-35.05010098443361,-0.0108194969260611,0.35220953398432203,0.1196096978124535
hmult,,72.44278424140964,74.83723339608208,-35.22139212070482,-0.05003771429872361,0.46579633621003946,0.20029207431938428
scaling,,72.09107929335704,74.48552844802948,-35.04553964667852,-0.00979541844685472,0.3671525480686139,0.12336830817956379
