model,normality p-value,AIC of centered model,BIC of centered model,log likelihood,R2 coefficient,homocedasticity levene p-value,homocedasticity bartlett p-value
linear,,70.02270024603861,72.41714940071105,-34.011350123019305,-0.04433790486209044,0.4340715195901266,0.29434931065037295
poly2,,69.4087844313456,71.80323358601804,-33.7043922156728,0.02452404443889966,0.25622988331881347,0.1408775517264138
poly3,,69.57596086260551,71.97041001727796,-33.787980431302756,0.0062350891693203625,0.36335307167843484,0.23163639470411085
exp,,69.80405806031469,72.19850721498713,-33.902029030157344,-0.019272894492534665,0.18373246371204024,0.11867449730820123
log,,69.74660809665991,72.14105725133236,-33.873304048329956,-0.012787261952077023,0.2517067657416418,0.13726072026092404
power,,69.50652228494198,71.90097143961442,-33.75326114247099,0.013872878318186954,0.24853085876737074,0.14253339528896042
hmult,,69.70066065903632,72.09510981370876,-33.85033032951816,-0.007629884774755347,0.30359352405749623,0.1896277886902713
scaling,,69.47352082665122,71.86796998132367,-33.73676041332561,0.017482216092985725,0.2594106368955152,0.14426058930760643
