model,normality p-value,AIC of centered model,BIC of centered model,log likelihood,R2 coefficient,homocedasticity levene p-value,homocedasticity bartlett p-value
linear,,72.84327854171029,75.23772769638273,-35.421639270855145,0.006370805405051194,0.9170317479390285,0.9834089000761261
poly2,,72.93517006715233,75.32961922182477,-35.467585033576164,-0.003826285513821137,0.716465433720833,0.8129046715937164
poly3,,72.9449121165822,75.33936127125465,-35.4724560582911,-0.004913465515794524,0.7144368269163472,0.8089852961060453
exp,,72.67022623592267,75.06467539059511,-35.335113117961335,0.025293832008848605,0.9147520955302754,0.845224801812658
log,,72.35133697814297,74.74578613281541,-35.175668489071484,0.05922507902539842,0.8051703267192092,0.8396575220898868
power,,72.53696146323007,74.93141061790251,-35.268480731615035,0.03962017001096019,0.8056329819783392,0.9677357907044793
hmult,,72.68969447501408,75.08414362968652,-35.34484723750704,0.023183126322564807,0.8646210653804743,0.9387650441775137
scaling,,72.57498219411349,74.96943134878593,-35.287491097056744,0.03555443893587684,0.7625221584970014,0.9730669469385596
