c0,"c1,1","c1,2","c1,3",rmse,kfold rmse
-17.354413923358496,111.89611265282956,-37.96046194322529,-117.25024271794545,13.680550696799045,13.6928293349076
