train set,test set,c0,c1,rmse,kfold rmse
gov,flores,-48.06205605819571,-81.34400703812022,4.6273182719840635,4.667785326282326
gov,bible,-17.095060553460506,-26.13658874208433,1.0741608420958062,1.0804882368875863
gov,gov,113.38988529505455,111.2583880392651,9.20955892525048,9.287802469800326
bible,flores,-8.331259170986431,-14.221891287282604,0.9032567060762364,0.9091735594749896
bible,bible,72.0524709465581,64.0789203030331,6.876459798258104,6.93955891515149
bible,gov,-8.707517524976625,-13.547236433773984,0.6288513384844467,0.6320347855698764
