model,log likelihood,R2 coefficient,normality pearson p-value,normality shapiro p-value,homocedasticity levene p-value,homocedasticity bartlett p-value
linear,-14.463251112277733,-0.48853248489978096,,0.333570659160614,0.06046935448372227,0.2785774762811215
poly2,-14.256865635684896,-0.37058346291354693,,0.4335511326789856,0.09302157849493843,0.3157520068037939
poly3,-14.47892449434881,-0.4978939346976228,,0.333570659160614,0.06046939794565629,0.2785775333991577
exp,-13.544199094984528,-0.030629641845580702,,0.023205803707242012,0.0004601516465230115,0.03178201518171426
log,-14.465451734000142,-0.48984334052292433,,0.333570659160614,0.06046935445430973,0.2785774762437313
power,-16.42894492764936,-2.2676407825661746,,0.18460114300251007,0.021608883997041053,0.151615013471621
hmult,-14.462657903496687,-0.48817932258486985,,0.333570659160614,0.06046935445943689,0.27857747625027585
