model,normality p-value,AIC of centered model,BIC of centered model,log likelihood,R2 coefficient,homocedasticity levene p-value,homocedasticity bartlett p-value
linear,,31.24451585189122,32.46339167675942,-14.62225792594561,-0.45324504742031846,0.18629845117133215,0.36594528066262955
poly2,,30.7597326842542,31.9786085091224,-14.3798663421271,-0.3189584685057907,0.3182412269952246,0.45993482879843284
poly3,,31.5610944924461,32.7799703173143,-14.78054724622305,-0.548233723232266,0.30937849163015485,0.45340892042357606
exp,,30.25414397884821,31.473019803716408,-14.127071989424104,-0.1921097601314583,5.315253767171233e-05,0.006533810008411145
log,,31.223829781965833,32.44270560683403,-14.611914890982916,-0.4472450818154121,0.18629845112449533,0.36594528062960463
power,,35.42231712752343,36.64119295239163,-16.711158563761714,-2.3513366785821885,0.014245296959137661,0.12065256843820438
hmult,,29.67493328536373,30.893809110231928,-13.837466642681864,-0.061711794827274735,0.1862984510657576,0.3659452805880308
