model,normality p-value,AIC of centered model,BIC of centered model,log likelihood,R2 coefficient,homocedasticity levene p-value,homocedasticity bartlett p-value
linear,,15.604145507372838,15.801370084709058,-6.802072753686419,-6.158892128279883,,
poly2,,15.604145507372838,15.801370084709058,-6.802072753686419,-6.158892128279883,,
poly3,,15.604145507372838,15.801370084709058,-6.802072753686419,-6.158892128279883,,
exp,,15.604145507372838,15.801370084709058,-6.802072753686419,-6.158892128279883,,
log,,15.604145507372838,15.801370084709058,-6.802072753686419,-6.158892128279883,,
power,,15.604145507372838,15.801370084709058,-6.802072753686419,-6.158892128279883,,
hmult,,12.772592741975922,12.969817319312142,-5.386296370987961,-1.7857142857142865,,
