model,log likelihood,R2 coefficient,normality pearson p-value,normality shapiro p-value,homocedasticity levene p-value,homocedasticity bartlett p-value
linear,-10.82180962444307,0.0988526037069688,,0.9272680282592773,0.9514965476986221,0.981190470677317
poly2,-10.785530189955095,0.11183542118433287,,0.9022436141967773,0.47455844222706545,0.7118346994255009
poly3,-10.788843492751573,0.11065753754662433,,0.9110915064811707,0.4973701160409506,0.7268648881738347
exp,-10.806624010018973,0.10430980350106978,,0.9296185970306396,0.8487250370845585,0.947120555481657
log,-10.812347185166335,0.10225697791258681,,0.930930495262146,0.8933381287601116,0.9774583134490488
power,-10.796592790410624,0.10789654882767752,,0.9255503416061401,0.7810242831838432,0.9027836713520978
hmult,-10.78783213872271,0.11101724081722486,,0.920237123966217,0.7156458643783237,0.8611322120880217
