model,normality p-value,AIC of centered model,BIC of centered model,log likelihood,R2 coefficient,homocedasticity levene p-value,homocedasticity bartlett p-value
linear,,32.44252856804742,33.66140439291562,-15.22126428402371,-0.2993191907689743,0.03734705250600333,0.22180817691945034
poly2,,31.50619818644612,32.72507401131432,-14.75309909322306,-0.07742544880748814,0.02339782408403159,0.2004671600109605
poly3,,32.81302677038292,34.03190259525112,-15.40651338519146,-0.3992551626240415,0.023184426371482273,0.20134523403665905
exp,,28.476939406542904,29.695815231411103,-13.238469703271452,0.4121464368845277,0.2604690018447265,0.4113751540816869
log,,32.50125069067849,33.72012651554669,-15.250625345339243,-0.31466890730034947,0.03734705250847426,0.22180817692177685
power,,36.44568997467707,37.66456579954527,-17.222844987338537,-1.893516976719948,0.21285845066162024,0.43293989038806246
hmult,,32.50128694512547,33.72016276999367,-15.250643472562736,-0.31467843985374966,0.037347052538004626,0.22180817694773974
