model,log likelihood,R2 coefficient,normality pearson p-value,normality shapiro p-value,homocedasticity levene p-value,homocedasticity bartlett p-value
linear,-5.188381458304038,-0.00536056033091703,,0.09837812930345535,0.008466162023142912,0.06326368795141772
poly2,-5.183473140106766,-0.003388644908770555,,0.09842996299266815,0.008461658678167106,0.06333372402010894
poly3,-5.186389738326337,-0.004559920618165236,,0.09837926924228668,0.008466083811128058,0.06326490166365639
exp,-5.18836395641169,-0.00535352207063422,,0.09837812930345535,0.008466162055710024,0.06326368800753486
log,-5.188449646031492,-0.005387982005631731,,0.09837812930345535,0.008466161397187658,0.06326368687281496
power,-5.1884542913482665,-0.00538985014562976,,0.09837812930345535,0.008466161924776987,0.06326368778192035
hmult,-5.193512045787556,-0.007425915025526031,,0.09837812930345535,0.008466161489893606,0.0632636870325592
