model,log likelihood,R2 coefficient,normality pearson p-value,normality shapiro p-value,homocedasticity levene p-value,homocedasticity bartlett p-value
linear,-2.350005682166706,-0.023817086208619775,,0.08721937239170074,0.21910203690952032,0.36269957050897217
poly2,-2.3452489458892414,-0.021870927118676997,,0.08721466362476349,0.21892675873402018,0.3626996569582599
poly3,-2.3404560621119814,-0.01991372041538475,,0.0888977199792862,0.21620969751947777,0.3627231954252238
exp,-2.332870038662579,-0.016823575409183,,0.08721937239170074,0.21910203686666696,0.3626995705089726
log,-2.333491339342673,-0.017076308084053915,,0.08721937239170074,0.21910203633058,0.36269957050897195
power,-2.333500331410356,-0.017079966338233055,,0.08721937239170074,0.21910203626980343,0.36269957050897217
hmult,-2.3336722504361522,-0.017149910901953946,,0.08721937239170074,0.21910203577141468,0.36269957050897217
