model,log likelihood,R2 coefficient,normality pearson p-value,normality shapiro p-value,homocedasticity levene p-value,homocedasticity bartlett p-value
linear,-4.118645372787645,-0.008268724165526598,,0.4178089201450348,0.3293162873645556,0.46708824794920834
poly2,-4.118372036216667,-0.008158491505484644,,0.41774263978004456,0.3292872493238815,0.4670615371857143
poly3,-4.121355822005548,-0.00936246143219499,,0.35143333673477173,0.2983770965501238,0.4384674878142274
exp,-4.118684098478035,-0.008284342647470355,,0.4178089201450348,0.329316292544306,0.4670882527138024
log,-4.264662735997115,-0.06891238706225877,,0.4178089201450348,0.32931629378148924,0.46708825385182495
power,-4.118661389163629,-0.008275183710609424,,0.4178089201450348,0.32931629359793035,0.46708825368297824
hmult,-4.118642854369336,-0.0082677084690721,,0.4178089201450348,0.3293162931662069,0.4670882532858577
