model,log likelihood,R2 coefficient,normality pearson p-value,normality shapiro p-value,homocedasticity levene p-value,homocedasticity bartlett p-value
linear,-11.083383359007238,-0.0005431984412005431,,0.3658103942871094,0.8929007671050182,0.9852182273044232
poly2,-11.083447555719951,-0.0005688914047867755,,0.36580461263656616,0.8929030784338889,0.9852204780461176
poly3,-11.083639246110309,-0.0006456141226998113,,0.36757364869117737,0.8921599218561771,0.9844986007824366
exp,-11.07261470194119,0.0037573353481714644,,0.14338131248950958,0.9134158510372696,0.7751923890651911
log,-11.083293715210935,-0.0005073220881537388,,0.3658103942871094,0.892900759931434,0.9852182203189411
power,-11.088207217952807,-0.0024756539234578323,,0.4045526385307312,0.8769319140317704,0.9704509312977384
hmult,-11.08329366466217,-0.0005073018583892086,,0.3658103942871094,0.8929007650399702,0.9852182252935269
