c0,c1,rmse,kfold rmse
12.557908647230247,3.939627535671673e-06,13.704516220385303,13.711554360812082
