c0,c1,rmse,kfold rmse
10.109178999241482,2.786331667266239e-07,13.930389707583634,13.90141259166385
