c0,c1,rmse,kfold rmse
37.90589722046704,-69.01279220178263,5.6283469131910895,5.643266232181038
