model,log likelihood,R2 coefficient,normality pearson p-value,normality shapiro p-value,homocedasticity levene p-value,homocedasticity bartlett p-value
linear,-176.69401777772168,-0.043262327305042314,0.016337347401267233,8.789677252707406e-08,3.1415304136906683e-10,6.3077909297859765e-24
poly2,-176.59381250087773,-0.03862641856445692,0.016337211117218222,8.789813676912672e-08,3.142635385251469e-10,6.306429919944039e-24
poly3,-176.94057852349326,-0.054757530959991474,0.016308442155740416,8.84154403024695e-08,3.5669578354168907e-10,8.526460823959415e-24
exp,-176.456764019463,-0.03231932762855938,0.018484414903836767,6.933735221537063e-07,1.4191161145531202e-08,2.58981162921339e-15
log,-176.817515917084,-0.0490043359996577,0.016337347401470095,8.789677252707406e-08,3.1415304120362027e-10,6.3077909314839546e-24
power,-176.80430877159844,-0.048388767664879095,0.02308180522957583,2.679371164049371e-06,5.605999474865107e-09,5.430893678897287e-13
hmult,-178.20150801645744,-0.11555520517134621,0.03244535232265062,1.8513823306420818e-05,3.8233284225864315e-07,4.279503187570452e-09
