model,log likelihood,R2 coefficient,normality pearson p-value,normality shapiro p-value,homocedasticity levene p-value,homocedasticity bartlett p-value
linear,0.03559313026312383,0.8148950227572926,,0.27377259731292725,,
poly2,32.053837014333084,0.9999999999006456,,0.7611353993415833,,
poly3,29.547760778139804,0.999999999471834,,0.36748096346855164,,
exp,-0.3359740290836503,0.7628638264050794,,0.5073707103729248,,
log,6.064487245049522,0.9966743658906407,,0.46544498205184937,,
power,3.6321968827367557,0.9831695916064683,,0.17116086184978485,,
hmult,-0.9923773768114126,0.6326787594350589,,0.10736873000860214,,
scaling,32.29096262794884,0.9999999999151734,,0.8561556339263916,,
