model,log likelihood,R2 coefficient,normality pearson p-value,normality shapiro p-value,homocedasticity levene p-value,homocedasticity bartlett p-value
linear,-7.911355427390097,0.7166438809326727,,0.25573548674583435,,
poly2,-4.354955139285687,0.9521292661298634,,0.366050660610199,,
poly3,42.33699697807655,0.9999999999965243,,0.23397532105445862,,
exp,-8.405139970922349,0.6372924908362234,,0.45236268639564514,,
log,0.4159383920541249,0.9955936020333502,,0.5349181890487671,,
power,-4.166808310675102,0.9564272951194819,,0.18645070493221283,,
hmult,-10.033719869550023,0.18116164232290644,,0.23286956548690796,,
scaling,9.288102840974403,0.9999478183645012,,0.2345515936613083,,
