c0,c1,rmse,kfold rmse
11.520437284322245,0.225989515699848,13.706906209651422,13.716515969303847
