c0,c1,rmse,kfold rmse
6.990850817654386,2.7440880288624476,13.14813736227428,13.154406653101779
