model,log likelihood,R2 coefficient,normality pearson p-value,normality shapiro p-value,homocedasticity levene p-value,homocedasticity bartlett p-value
linear,-37.15975396230208,-0.06743294165865543,0.0232425532462326,0.0061573972925543785,0.16048759941931734,0.0007478093093085221
poly2,-37.24137974599862,-0.0850019701187843,0.02240814648103234,0.006802128162235022,0.18532721720952255,0.0016153322884674018
poly3,-37.113049304847166,-0.05750854738390099,0.023242882527121974,0.00615752162411809,0.16047956589199772,0.0007476532134569974
exp,-36.85448677867669,-0.004212055177638785,0.03945942489944958,0.041483376175165176,0.414419880118266,0.2095910038316354
log,-37.08740260900802,-0.052098115204759265,0.023242553512107647,0.0061573972925543785,0.16048759494709441,0.0007478091840983537
power,-37.16466252141668,-0.06848136773959412,0.06815265188087231,0.04147210717201233,0.162285300263726,0.035564283177807146
hmult,-37.159875846158755,-0.06745896254454031,0.023242553511031286,0.0061573972925543785,0.16048759497367485,0.0007478091845998991
