model,normality p-value,AIC of centered model,BIC of centered model,log likelihood,R2 coefficient,homocedasticity levene p-value,homocedasticity bartlett p-value
linear,,84.70459482285608,87.30976500884417,-41.35229741142804,-0.03021699788386245,0.2501840427038473,0.08756963851700884
poly2,,84.7793163823775,87.38448656836559,-41.38965819118875,-0.03794377183579756,0.2501948626906805,0.08759026787929144
poly3,,84.62816247721616,87.23333266320425,-41.31408123860808,-0.02237282333762236,0.24926881216117588,0.08591650548076774
exp,,84.55782437383304,87.16299455982113,-41.27891218691652,-0.015206878296640802,0.5853446649361016,0.5275273564739761
log,,84.61592668533135,87.22109687131943,-41.30796334266567,-0.02112263423677474,0.25018404256983434,0.08756963825727845
power,,85.04120540029672,87.6463755862848,-41.52060270014836,-0.06548544834938164,0.45258331262814916,0.1323119868480825
hmult,,84.91919381159335,87.52436399758143,-41.45959690579667,-0.0525642780415283,0.4011428285877618,0.07583846365679368
