model,normality p-value,AIC of centered model,BIC of centered model,log likelihood,R2 coefficient,homocedasticity levene p-value,homocedasticity bartlett p-value
linear,,19.161477405457394,19.35870198279361,-8.580738702728697,-0.5283165129119443,,
poly2,,19.214299020173062,19.41152359750928,-8.607149510086531,-0.5554641909373623,,
poly3,,19.175155334822104,19.372379912158323,-8.587577667411052,-0.5353004903088725,,
exp,,20.316395860693966,20.513620438030184,-9.158197930346983,-1.2459747850798295,,
log,,19.174174289056992,19.37139886639321,-8.587087144528496,-0.5347985057102584,,
power,,15.130611103521668,15.327835680857888,-6.565305551760834,0.601263822234064,,
hmult,,17.96152923817269,18.15875381550891,-7.9807646190863455,-0.024478895646893983,,
