model,log likelihood,R2 coefficient,normality pearson p-value,normality shapiro p-value,homocedasticity levene p-value,homocedasticity bartlett p-value
linear,-9.578643547608474,-0.21970031813494972,,0.609275758266449,,
poly2,-9.653634374844826,-0.2822278496232673,,0.6084722876548767,,
poly3,-9.608577745477657,-0.24428531337841952,,0.6092413663864136,,
exp,-8.114382863172391,0.5404780651245684,,0.019923202693462372,,
log,-9.57837927705182,-0.2194854498086134,,0.609275758266449,,
power,-10.215470062182535,-0.8648044544048592,,0.7867636680603027,,
hmult,-9.578317967063338,-0.21943560640133164,,0.609275758266449,,
