train set,train set size,test set,c0,c1,rmse,kfold rmse
gov,1,flores,1.6619408900105535,-7.5314224704015,2.1033491419255608,2.1599131572718897
gov,1,bible,-0.07178118437075764,-2.285992418537718,0.7636584350013695,0.7735017966478204
gov,1,gov,25.540189900624963,16.40625060147433,3.41103072325474,3.41167268488562
gov,10,flores,3.5666060458599578,-21.208022926213488,2.7997395603588386,3.013961274325116
gov,10,bible,-0.7131953997125998,-7.05754272550313,1.0657844088163935,1.0995613496579475
gov,10,gov,48.241467249680056,34.558401168000046,1.8698555132004824,1.9305681931663368
gov,25,flores,5.338679458398998,-22.920186395542167,3.2376706264159303,3.4717280689097603
gov,25,bible,-0.3422619081727587,-7.285855866274973,1.241129772734391,1.2670996113056456
gov,25,gov,54.700357131608996,41.322933056293074,2.165958102338314,2.2769931930553446
gov,50,flores,4.337538437904169,-26.45073933956647,1.5086531377357393,1.880231604278416
gov,50,bible,-0.5225035641462047,-7.212250249469151,0.25013178927323765,0.3117387845244347
gov,50,gov,58.197369971856695,42.54673091128851,2.0331095140216204,2.533860612227897
bible,1,flores,0.46940616402152074,-1.6677326261862462,0.526203932203902,0.5311041138667137
bible,1,bible,22.808637652756655,14.83859720274379,2.720566100322242,2.753840344809703
bible,1,gov,-0.04592323008509468,-1.7582960160566712,0.344868240742177,0.35328853376254016
bible,10,flores,1.3045833499816322,-2.5003836209334027,0.7887064013964813,0.8063634386906644
bible,10,bible,36.62823286181458,23.040441465086136,2.843626115188359,2.896255570367831
bible,10,gov,0.11285020357613183,-3.043140494389701,0.6178411358102447,0.632665786016799
bible,25,flores,1.516569417857987,-2.8285346106946188,0.8065496872892699,0.8195147254501278
bible,25,bible,41.020099186691915,23.73734376403191,2.9947611251694624,3.0277696322203522
bible,25,gov,0.37990200016783904,-2.8199918672194313,0.7476303126818314,0.7652501574120805
