c0,c1,rmse,kfold rmse
6.979805966387666,-0.8098823609094051,13.713438036853146,13.722260249058277
