train set,test set,c0,"c1,1","c1,2",rmse,kfold rmse
gov,flores,29.71082298783239,1.8425081639325707,-23.23904412271683,4.776655292821165,4.81542846585431
gov,bible,7.728029658930708,0.10297666602990542,-6.759576666407124,1.1628881297505422,1.171817090970604
gov,gov,48.980878032450285,8.68042603888012,-27.589879452390928,9.531822603031435,9.621214349285765
bible,flores,5.928526957125762,0.3070616534673042,-4.752255525705662,0.8925826032943577,0.9005742758537345
bible,bible,40.274376154692256,6.59975615370791,-23.70746374314095,6.859748402685741,6.930601161814872
bible,gov,4.922510833774156,0.054395920204512484,-4.326907840663685,0.6194083198367759,0.62456200052004
