c0,"c1,1","c1,2","c1,3",c2,rmse,kfold rmse
5.902870376036749,53.091823727254095,-100.9153424029577,61.13677569303452,-3.6590697427734025,12.924844557734643,12.963970688994575
