c0,c1,rmse,kfold rmse
10.108152227619009,-1.49933105125347e-09,13.930573956008729,13.900786327705461
