init,kfold rmse of each slice
-1.0,0.8954204474869621,0.25298221281347033,2.643440518657239,2.2942197899165286,0.7038781460199256,3.2429581831682586,2.5006887940011775,0.7394442357458597,3.861994303465511,2.735263546107882,0.7756717518813396,5.225578117937445,0.2362907813126304,1.8484227488556542,0.17320508075688773,0.24494897427874673,2.1219095173923708,0.2915475947422662,0.292308816911917,2.248110317577906,0.2923088169119914
-0.5,0.8954204474870404,0.25298221281347033,2.643440519018459,2.294219789916429,0.7038781460199885,3.242958183074344,2.500688794001353,0.7394442357458596,3.8619943034653645,2.735263546107882,0.7756717518813396,5.225578117937445,0.2362907810700291,1.8484227505383237,0.17320508075688773,0.24494897427808066,2.1219095173923455,0.29154759474226183,0.2923088169120493,2.248110317577731,0.29230881691191796
0.0,0.8954204474869776,0.25298221281347033,2.643440519054155,2.2942197899164714,0.7038781462171845,3.242958183168186,2.500688794001451,0.7394442357458596,3.8619943034655924,2.735263546107882,0.7756717518813396,5.225578117937445,0.2362907812308047,1.8484227510681772,0.17320508075688773,0.2449489742783195,2.1219095173921327,0.29154759476952763,0.29230881691192595,2.2481103175777997,0.2923088169235647
0.5,0.8954204474684375,0.25298221281347033,2.6434405190437094,2.2942197899165246,0.7038781460195455,3.242958183135512,2.500688794001359,0.7394442357458466,3.861994303465481,2.735263546107882,0.7756717518813396,5.225578117937445,0.23629078121763203,1.8484227509331639,0.17320508075688773,0.24494897427840528,2.1219095173923024,0.29154759474226644,0.2923088169119099,2.24811031757782,0.2923088169119169
1.0,0.895420447486976,0.25298221281347033,2.643440519038062,2.2942197899165833,0.7038781460198832,3.2429581831436103,2.5006887940012628,0.7394442357458599,3.861994303465516,2.735263546107882,0.7756717518813396,5.225578117937445,0.23629078131263118,1.8484227509675066,0.17320508075688773,0.2449489742783179,2.1219095173922686,0.2915475947422649,0.2923088169094428,2.2481103175778294,0.2923088169117963
