,best min inits,best min rmse,best mean inits,best mean rmse,best max inits,best max rmse
simple,[-1.0],0.15002469546226085,[0.5],2.0609956035816257,[0.5],4.932762119750737
loo,[1.0],0.2782694891783527,[1.0],2.578745511528895,"[0.0, 1.0]",9.14940830955831
