c0,c1,c2,c3,rmse,kfold rmse
1.7252452978277832,-6.929996291306596e-09,-0.6038841833885505,-1.4778632785648316,13.794474330905782,13.799587510127935
