model,log likelihood,R2 coefficient,normality pearson p-value,normality shapiro p-value,homocedasticity levene p-value,homocedasticity bartlett p-value
linear,-52.713526100037576,-0.07951904144387889,0.15685438748876537,0.00037085669464431703,0.026380943806880323,1.7554574391455678e-08
poly2,-52.869190776444576,-0.1021589081825176,0.1568543873434983,0.00037085669464431703,0.026380943659921868,1.7554575214877417e-08
poly3,-52.871857023804544,-0.1025507949400879,0.15685438681909422,0.00037085669464431703,0.026380943126418387,1.7554578172268914e-08
exp,-52.24789145821739,-0.014535620488189016,0.15418938429019807,0.000442012824350968,0.0235295078124584,6.835636317065173e-08
log,-53.10940016433358,-0.13803013784667617,0.15685438749442662,0.00037085669464431703,0.026380943802499113,1.755457435928757e-08
power,-52.22183335212598,-0.011016820002103467,0.16419864214627275,0.0003760492545552552,0.02256296142373095,3.7907996742255365e-08
hmult,-52.23162645635081,-0.012337814669157288,0.16638221593870864,0.00040261284448206425,0.02179198422076186,5.554350658429341e-08
