model,normality p-value,AIC of centered model,BIC of centered model,log likelihood,R2 coefficient,homocedasticity levene p-value,homocedasticity bartlett p-value
linear,,120.70845789642671,124.12455829863113,-59.354228948213354,-0.044575501777553095,0.03608647432953992,4.924703057988269e-08
poly2,,120.60616345420063,124.02226385640505,-59.30308172710031,-0.03747611898426073,0.0360676577530987,4.901928249242005e-08
poly3,,120.84104853237417,124.2571489345786,-59.42052426618709,-0.053849826348672636,0.03608454056382855,4.922369598364706e-08
exp,,120.06865101597039,123.48475141817481,-59.034325507985194,-0.0009572503345482986,0.04744617859643517,8.495407593024245e-07
log,,120.54330917042385,123.95940957262827,-59.27165458521193,-0.033137893307959354,0.03608647433007444,4.9247030586415223e-08
power,,120.1762616080011,123.59236201020552,-59.08813080400055,-0.008163976916484295,0.028281250048969767,7.120433101814661e-08
hmult,,120.2145504186216,123.63065082082602,-59.1072752093108,-0.01074069080016149,0.028552851302771177,1.7809051191442212e-07
