model,normality p-value,AIC of centered model,BIC of centered model,log likelihood,R2 coefficient,homocedasticity levene p-value,homocedasticity bartlett p-value
linear,,109.56381348501958,112.979913887224,-53.78190674250979,-0.10564507076588647,0.04924989492013597,0.00044508721211178494
poly2,,109.36159978692275,112.77770018912717,-53.680799893461376,-0.0908399827989308,0.04924989492002429,0.0004450872121118862
poly3,,109.37483512135935,112.79093552356377,-53.68741756067968,-0.09180291636065929,0.04919075216780851,0.0004449968978684278
exp,,108.20090828679922,111.61700868900364,-53.10045414339961,-0.00961451788547385,0.037599326086350304,0.0004949822788625497
log,,109.14822207240529,112.56432247460971,-53.574111036202645,-0.07543243403769728,0.04924989490990982,0.00044508721212732047
power,,108.13373578225821,111.54983618446263,-53.06686789112911,-0.0051034037995121295,0.02922770132493119,0.0007409804937378077
hmult,,108.18158752744827,111.5976879296527,-53.090793763724136,-0.008314920429655537,0.02673503656045999,0.0008578912310976305
