model,normality p-value,AIC of centered model,BIC of centered model,log likelihood,R2 coefficient,homocedasticity levene p-value,homocedasticity bartlett p-value
linear,,124.29787233592582,127.71397273813024,-61.14893616796291,-0.03174588854325244,0.2010318948542197,0.03719386823549207
poly2,,124.44231441864436,127.85841482084878,-61.22115720932218,-0.041729046001584,0.2011013135280097,0.03721024247270675
poly3,,124.29277231472805,127.70887271693248,-61.14638615736403,-0.03139515311175067,0.20103193995890756,0.03719387874927823
exp,,123.95409968728738,127.3702000894918,-60.97704984364369,-0.008369054493985839,0.27513067859996077,0.059479380205486224
log,,124.22057880648512,127.63667920868954,-61.11028940324256,-0.026443077295924322,0.20103189485191636,0.037193868234951494
power,,123.9040319020823,127.32013230428672,-60.95201595104115,-0.005008878484200174,0.1385398792472213,0.029202526632947968
hmult,,123.95867937158772,127.37477977379214,-60.97933968579386,-0.008676968958483577,0.12968224228982306,0.029828492084481528
