model,normality p-value,AIC of centered model,BIC of centered model,log likelihood,R2 coefficient,homocedasticity levene p-value,homocedasticity bartlett p-value
linear,,126.99955618135422,130.41565658355864,-62.49977809067711,-0.023381085658449097,0.26115718037465757,0.07116661326711309
poly2,,127.59565894532174,131.01175934752615,-62.79782947266087,-0.06486935429882124,0.26115252389399335,0.07116500000403
poly3,,127.01168395641037,130.4277843586148,-62.50584197820518,-0.02420884261526668,0.26113617201468503,0.07115933589978357
exp,,126.78353071549151,130.19963111769593,-62.391765357745754,-0.008748282126410878,0.35354222454402523,0.10996373414143776
log,,127.04733320874918,130.4634336109536,-62.52366660437459,-0.026645889396559985,0.26115718037331037,0.07116661326664751
power,,126.75483006178364,130.17093046398804,-62.37741503089182,-0.006820011793748693,0.18541611279524892,0.05618872133291961
hmult,,126.82377047621792,130.23987087842232,-62.41188523810896,-0.011458034461240274,0.17637617563108057,0.05703086388127814
