c0,"c1,1","c1,2",c2,rmse,kfold rmse
-12.577938418750113,14.285935262966222,-5.5953780757736045,-18.348559489384044,4.92294958167053,4.956085791749912
