c0,c1,rmse,kfold rmse
2.0679119020319603,2.5524117128038943,13.781666521437762,13.779493221621273
