c0,c1,rmse,kfold rmse
10.081309398690946,6.486318056777025e-09,13.93541608874233,13.899684013932012
