model,normality p-value,AIC of centered model,BIC of centered model,log likelihood,R2 coefficient,homocedasticity levene p-value,homocedasticity bartlett p-value
linear,,82.12188337322813,84.72705355921622,-40.060941686614065,-0.03300285345583687,0.26165431563730923,0.06760375756837168
poly2,,82.15599876954693,84.76116895553501,-40.07799938477346,-0.036533001826953626,0.2616543135806335,0.06760375630527515
poly3,,82.15609583865661,84.7612660246447,-40.078047919328306,-0.03654306340935043,0.2616543147451738,0.06760375700524159
exp,,82.4081489662257,85.01331915221378,-40.20407448311285,-0.06300150135416782,0.2886076505903107,0.2843948927074752
log,,82.13525791178495,84.74042809777303,-40.067628955892474,-0.034385371426031375,0.26165431598464184,0.06760375774264687
power,,82.49938160272154,85.10455178870963,-40.24969080136077,-0.07274391805411229,0.6428437020003214,0.6281955882592474
hmult,,82.75476600817356,85.35993619416165,-40.37738300408678,-0.1004929501577223,0.6151847053428848,0.6030984414008531
