model,log likelihood,R2 coefficient,normality pearson p-value,normality shapiro p-value,homocedasticity levene p-value,homocedasticity bartlett p-value
linear,-31.858955418990544,-0.17706570622766438,0.3908569638185953,0.10070119053125381,0.03811433093995081,0.017590146688409497
poly2,-32.16885263614576,-0.25232784486864257,0.38863352738473,0.1010429859161377,0.03775585684923689,0.01730005406982419
poly3,-32.016177830830294,-0.21466599074191017,0.39085696832032013,0.10070119053125381,0.03811433168397153,0.017590147284082494
exp,-31.495261266398355,-0.09448706679998686,0.2680174695198105,0.09101491421461105,0.08058966314161758,0.03218097893004415
log,-31.969943248758284,-0.20348584644750245,0.390856964190291,0.10070119053125381,0.0381143310065952,0.017590146736406426
power,-31.65136806572809,-0.12919747493374145,0.6694585611573335,0.521438717842102,0.5826485973305893,0.30653476230631393
hmult,-32.07034770421302,-0.22789719517548268,0.6575977295935653,0.553652822971344,0.8581885378764256,0.45957655863155356
