model,log likelihood,R2 coefficient,normality pearson p-value,normality shapiro p-value,homocedasticity levene p-value,homocedasticity bartlett p-value
linear,-40.060941686614065,-0.03300285345583687,0.03135809927135071,0.01574157178401947,0.26165431563730923,0.06760375756837168
poly2,-40.07799938477346,-0.036533001826953626,0.03135809953077003,0.01574157178401947,0.2616543135806335,0.06760375630527515
poly3,-40.078047919328306,-0.03654306340935043,0.031358099386957716,0.01574157178401947,0.2616543147451738,0.06760375700524159
exp,-40.20407448311285,-0.06300150135416782,0.11484781848089803,0.130514994263649,0.2886076505903107,0.2843948927074752
log,-40.067628955892474,-0.034385371426031375,0.031358099235372,0.01574157178401947,0.26165431598464184,0.06760375774264687
power,-40.24969080136077,-0.07274391805411229,0.07827332579625207,0.10513712465763092,0.6428437020003214,0.6281955882592474
hmult,-40.37738300408678,-0.1004929501577223,0.09423752452951323,0.13060066103935242,0.6151847053428848,0.6030984414008531
