model,normality p-value,AIC of centered model,BIC of centered model,log likelihood,R2 coefficient,homocedasticity levene p-value,homocedasticity bartlett p-value
linear,,76.39285874383859,78.99802892982667,-37.196429371919294,-0.07529143584837783,0.16048759506743454,0.000747809186655336
poly2,,76.66255656177798,79.26772674776606,-37.33127828088899,-0.10468641763177522,0.15953425371702706,0.0007323788788511228
poly3,,76.30350473338586,78.90867491937395,-37.15175236669293,-0.06572607444124912,0.16036340934236112,0.0007453408666087219
exp,,75.81357542116166,78.41874560714975,-36.90678771058083,-0.014771430678806485,0.486010465151938,0.43384686596176436
log,,76.30165739347945,78.90682757946753,-37.15082869673972,-0.06552921679429624,0.16048759500134102,0.0007478091876303168
power,,76.71287762345673,79.31804780944482,-37.35643881172837,-0.11025932694336249,0.34964497520306764,0.08731076374353432
hmult,,77.2810431836102,79.88621336959828,-37.6405215918051,-0.1751668904429835,0.36957618402084336,0.1284508081422051
