model,normality p-value,AIC of centered model,BIC of centered model,log likelihood,R2 coefficient,homocedasticity levene p-value,homocedasticity bartlett p-value
linear,,89.25623706397435,91.86140724996244,-43.62811853198718,-0.017620314625625966,0.17895532728052227,0.005952171853885298
poly2,,89.20737592051123,91.81254610649931,-43.60368796025561,-0.012660233038260138,0.17485329571387606,0.0062133059338840176
poly3,,89.26351307672329,91.86868326271137,-43.63175653836164,-0.01836100589518308,0.1791819470809023,0.005939957642148928
exp,,89.45598856329214,92.06115874928022,-43.72799428164607,-0.038151810155659494,0.6234753414852288,0.4009579133525103
log,,89.24239280247563,91.84756298846372,-43.62119640123782,-0.016212469205286073,0.17895532673504455,0.0059521718803868355
power,,89.64444123351454,92.24961141950263,-43.82222061675727,-0.057901568464776565,0.47844428373963677,0.3550708705733895
hmult,,89.5384253024379,92.14359548842599,-43.76921265121895,-0.04674536772880322,0.3084156534313047,0.20592295924954834
