model,normality p-value,AIC of centered model,BIC of centered model,log likelihood,R2 coefficient,homocedasticity levene p-value,homocedasticity bartlett p-value
linear,,69.38345720936067,71.98862739534876,-33.691728604680335,-0.17891941974470082,0.036658537051674926,0.012589648478766103
poly2,,69.12709659417146,71.73226678015955,-33.56354829708573,-0.14908067706536032,0.03665853693399895,0.0125896483995036
poly3,,69.29509708614647,71.90026727213456,-33.647548543073235,-0.16854836010796093,0.03654201474990918,0.012509817669134622
exp,,68.53422329351618,71.13939347950426,-33.26711164675809,-0.08293492810622238,0.11597884432374524,0.04713232427348243
log,,69.12706923073588,71.73223941672397,-33.56353461536794,-0.14907753279015346,0.03665854320813855,0.012589652179968871
power,,68.96191586598151,71.5670860519696,-33.480957932990755,-0.13025598063933308,0.6663997336027433,0.3161119929672194
hmult,,70.07381730153516,72.67898748752324,-34.03690865076758,-0.26318243937481567,0.9469859710884961,0.5080986620277741
