model,log likelihood,R2 coefficient,normality pearson p-value,normality shapiro p-value,homocedasticity levene p-value,homocedasticity bartlett p-value
linear,-8.587086589866196,-0.534797938180452,,0.2286207228899002,,
poly2,-8.610535093301666,-0.5589789248910835,,0.22862687706947327,,
poly3,-8.588197860359681,-0.5359354099161269,,0.22862187027931213,,
exp,-9.177637822483291,-1.2752718909208292,,0.6223928928375244,,
log,-8.132028739853403,-0.13317886264819512,,0.1494429111480713,,
power,-6.914232759109586,0.4968350102129123,,0.42428353428840637,,
hmult,-8.238224600389547,-0.2163129083155182,,0.2897433936595917,,
