c0,c1,c2,c3,rmse,kfold rmse
9.22422815290595e-10,-0.6757118420488618,-0.014992794550170585,-1.9558544719432878,13.860384509488965,13.847629231820653
