train set,train set size,c0,c1,rmse,kfold rmse
gov,1,5.6830827148095615,-1.0907591008286176e-09,8.669780168003628,8.94054155267315
gov,10,13.71330316322906,-2.611931130242282e-10,14.26251402830027,14.5622430704763
gov,25,15.954464807509204,-9.23224179317917e-10,15.628654222290146,15.916463726923748
gov,50,17.1137810637426,-5.617680313615158e-09,17.405586044998127,17.972385052985924
bible,1,3.7596989014333504,-2.920116275272398e-09,8.212626797946427,7.960535357187842
bible,10,7.659905959317738,-5.909012854825464e-09,12.682533262378161,12.513296166604889
bible,25,9.496914228350457,-5.181071185535989e-09,14.405247321187192,14.296100023981161
