c0,c1,c2,c3,rmse,kfold rmse
1.112789274510772,-1.2617865254813219,-1.6120080193723079,-5.759291939243141e-09,14.564830038962185,14.562154897429952
