train set,c0,c1,rmse,kfold rmse
gov,2.9450067016699544,4.446914034062577,14.148766131293927,14.084621436764573
bible,1.6641520461869115,2.920884106491137,12.137432829055712,12.061572070825752
