train set,c0,c1,rmse,kfold rmse
gov,12.916120658196649,2.103669069293042e-08,14.65034503247963,14.804604235171535
bible,7.077311126446344,-1.5044971371077673e-09,12.2678854849064,12.237053242909276
