c0,c1,c2,c3,c4,rmse,kfold rmse
1.7508484679813177,0.006618176261721953,-2.5671403652587534e-09,2.040497025388591,6.484847267229469e-07,13.887906152459191,13.887396271947928
