c0,c1,c2,c3,rmse,kfold rmse
1.6379408903871757,-2.760108127759361,-1.3037154094205554e-08,0.00026177251117092814,13.76346195699977,13.762014213741779
