model,log likelihood,R2 coefficient,normality pearson p-value,normality shapiro p-value,homocedasticity levene p-value,homocedasticity bartlett p-value
linear,-7.944809507468436,-0.0002140373140182561,,0.2286207228899002,,
poly2,-7.944784020457696,-0.0001970424811268412,,0.2286207228899002,,
poly3,-7.944927684449562,-0.000292841935214172,,0.2286207228899002,,
exp,-7.944498457975029,-6.648104460493798e-06,,0.2286207228899002,,
log,-7.94550036551166,-0.0006748140247212486,,0.2286207228899002,,
power,-7.944490382871315,-1.2646806855087789e-06,,0.2286207228899002,,
hmult,-7.944490349058645,-1.2421388773109499e-06,,0.2286207228899002,,
