train set,c0,c1,rmse,kfold rmse
gov,46.08203871068264,-32.929589181790945,14.387452222981512,14.409689497359091
bible,26.877739539358593,-18.444403725032323,11.98414384525268,11.996993669369592
