c0,c1,rmse,kfold rmse
10.068753291076588,5.913726308874277e-09,13.937698233709192,13.90732714926252
