model,normality p-value,AIC of centered model,BIC of centered model,log likelihood,R2 coefficient,homocedasticity levene p-value,homocedasticity bartlett p-value
linear,,124.6226190629554,128.0387194651598,-61.3113095314777,-0.03178282232284535,0.03671079881531465,5.294716472217628e-08
poly2,,124.62561462530515,128.04171502750955,-61.31280731265257,-0.031988894217247266,0.03671422649777554,5.331903281249288e-08
poly3,,124.71499143910695,128.13109184131136,-61.35749571955348,-0.038156308715197484,0.03671079881633625,5.2947164832557105e-08
exp,,124.25453566981525,127.67063607201968,-61.12726783490763,-0.00677213646301289,0.06687468904091323,1.4571627096932667e-05
log,,124.61087217975724,128.02697258196164,-61.30543608987862,-0.030975123142411798,0.036710798813392884,5.294716451453521e-08
power,,124.68137547498807,128.0974758771925,-61.34068773749404,-0.035832338755971804,0.06089601128052452,5.641664238850822e-05
hmult,,125.55900203143553,128.97510243363993,-61.77950101571776,-0.0982453091488873,0.051083871832185816,0.002290294683305467
