model,normality p-value,AIC of centered model,BIC of centered model,log likelihood,R2 coefficient,homocedasticity levene p-value,homocedasticity bartlett p-value
linear,,78.94510097662064,81.33955013129308,-38.47255048831032,-0.018219978044905494,0.3184198414111783,0.13717288217692147
poly2,,79.01382164396072,81.40827079863317,-38.50691082198036,-0.026024487006442776,0.3173463144911939,0.1369826416844733
poly3,,78.94186475383601,81.33631390850846,-38.47093237691801,-0.01785391200917319,0.31774038164918667,0.13705230093785586
exp,,79.01657893049457,81.41102808516702,-38.50828946524729,-0.026338873329317725,0.5284988078427815,0.22818503409122684
log,,78.9286676256761,81.32311678034854,-38.46433381283805,-0.016362478142753156,0.31841984135799284,0.13717288216746099
power,,79.15877529224208,81.55322444691453,-38.57938764612104,-0.04268339101458918,0.15480301655772588,0.1452921668477913
hmult,,79.4193770527257,81.81382620739814,-38.70968852636285,-0.07331643290846768,0.11669045278257184,0.14784919677280273
