model,log likelihood,R2 coefficient,normality pearson p-value,normality shapiro p-value,homocedasticity levene p-value,homocedasticity bartlett p-value
linear,-38.391163853397856,2.9935184029938888e-05,0.4101750796353658,0.1299324482679367,0.3129587886697851,0.13622157945213634
poly2,-38.39116385337122,2.9935189949648056e-05,0.41017294623677625,0.1299331933259964,0.3129617787048837,0.1362220884944517
poly3,-38.39116385338038,2.9935187914165162e-05,0.4101722962696228,0.12993302941322327,0.3129626896785814,0.13622224358707136
exp,-38.39116385337073,2.993519005833889e-05,0.4101737037792882,0.1299331933259964,0.3129607169694581,0.13622190773637669
log,-38.391163853427074,2.993517753835384e-05,0.41017091275168527,0.12993435561656952,0.3129646288072866,0.1362225737266154
power,-38.39116385340569,2.9935182288443052e-05,0.41017161394172985,0.12993377447128296,0.3129636460187795,0.13622240640468566
hmult,-38.39116385351686,2.9935157584981553e-05,0.41017024287706805,0.12993435561656952,0.3129655677148722,0.13622273357911657
