model,log likelihood,R2 coefficient,normality pearson p-value,normality shapiro p-value,homocedasticity levene p-value,homocedasticity bartlett p-value
linear,-53.678737579484206,-0.09054007009598086,0.1738863686170776,0.005072121974080801,0.04924989492262569,0.0004450872121121479
poly2,-53.691781180122476,-0.09243832951395237,0.17388637036849414,0.005072121974080801,0.04924989265816267,0.00044508722930303006
poly3,-53.673329218374235,-0.08975394897131128,0.17389280737506146,0.005072321277111769,0.04924157119150729,0.00044515043099272383
exp,-52.95586557179152,0.009662894961446788,0.147565731869088,0.006920432671904564,0.033217820002917384,0.0010263255299827923
log,-53.527641083598034,-0.06878966201073133,0.17388636863253545,0.005072121974080801,0.049249894902639896,0.0004450872122638711
power,-53.53595758253744,-0.06997546441626645,0.2296399947664571,0.013324283063411713,0.017365463330650123,0.003064994706627114
hmult,-54.06190939550341,-0.14770308324257275,0.3062794534084045,0.03764935955405235,0.007873991787939006,0.01558823361934536
