model,normality p-value,AIC of centered model,BIC of centered model,log likelihood,R2 coefficient,homocedasticity levene p-value,homocedasticity bartlett p-value
linear,,127.04162532316366,130.45772572536808,-62.52081266158183,-0.02625529856463138,0.2611571803610324,0.07116661326391897
poly2,,126.88342677637259,130.299527178577,-62.441713388186294,-0.015488700575842618,0.2610400651631013,0.07113888802333011
poly3,,127.28822663169328,130.7043270338977,-62.64411331584664,-0.04326647466661848,0.2610603618247159,0.0711436913601191
exp,,126.92620625144664,130.34230665365106,-62.46310312572332,-0.018388972584102437,0.4319402820438212,0.20827238820540833
log,,126.95338004607413,130.36948044827855,-62.476690023037065,-0.020235544210487122,0.26115718031367574,0.07116661325270382
power,,127.55032586739623,130.96642626960065,-62.77516293369811,-0.061655958820336476,0.11977047206409892,0.06577877341365972
hmult,,128.05331410498084,131.46941450718526,-63.02665705249042,-0.0978595972937617,0.11154249558018864,0.06994065414089184
