c0,c1,c2,rmse,kfold rmse
5.741093158401976,2.6250653927272742e-06,-4.4387451344063775,13.942835978373935,13.901686278506045
