c0,c1,rmse,kfold rmse
9.994413260511294,-2.176109083371417e-09,13.951433829042312,13.90131982449343
