c0,c1,rmse,kfold rmse
10.108570597404022,-4.498296508261541e-10,13.930498882899018,13.902264067782776
