c0,c1,c2,c3,c4,rmse,kfold rmse
2.2583374628042563,0.8414750328616419,0.6287527588720371,-1.5912178781470667e-09,1.288932963881035,13.740157167467393,13.735304732773718
