model,none,train,size,test,train+size,train+test,size+test,train+size+test
linear,13.711541794642406,13.257947207637343,13.557917009731003,12.04354511510558,12.825879075022089,4.16401292768732,8.91271741500912,2.3617784027734663
poly2,13.711705592810844,13.258650213559765,13.55851817516346,12.04561852736633,12.825292600263438,4.166779618204524,8.911453264991776,2.374813795223622
poly3,13.711334107850742,13.2579318763497,13.55757638791691,12.044759909013251,12.825385715884911,4.172200303689854,8.913749830998547,2.3813913752962907
exp,13.71130926276562,13.260589955747323,13.572082686185311,12.017556268010486,12.844260591249256,4.078799855181052,8.844118323052369,2.1941184911140006
log,13.711732945024607,13.259008906932436,13.559936160280012,12.02999898311712,12.82869071633141,4.150902354284417,8.849016126101427,2.320484772835235
power,13.722260249058277,13.268383057525053,13.589142942698924,11.999092441992829,12.868513990578512,4.053841670199867,11.205941732407362,3.5069734669895274
hmult,13.718507848850644,13.266695690415272,13.586128268036429,12.01349451157184,12.860223746547259,4.109681352547023,9.615477799705658,2.6580315360222793
