model,log likelihood,R2 coefficient,normality pearson p-value,normality shapiro p-value,homocedasticity levene p-value,homocedasticity bartlett p-value
linear,-121.26683554052194,-0.0340320117314592,0.024617684244755206,0.00012425504974089563,5.6095545081006736e-05,4.565898088425674e-11
poly2,-121.27782763286278,-0.03479003446315576,0.02461754504438092,0.0001242544676642865,5.609572163765928e-05,4.566044476389558e-11
poly3,-121.40833243777199,-0.04383231757591921,0.020300125448267155,0.0001415908191120252,6.323782848390582e-05,1.593437468318882e-10
exp,-121.00452623685045,-0.016106785850621863,0.004615196793237124,0.0006837272085249424,0.0008500618462541902,1.1687496563606714e-05
log,-121.2667984081252,-0.034029451995501114,0.024617684250432977,0.00012425504974089563,5.609554507567285e-05,4.565898082296835e-11
power,-121.49036592797128,-0.04955656986815349,0.10710475411365067,0.0012812251225113869,0.00019647731146615923,3.384005039373816e-07
hmult,-121.26706801444602,-0.034048037554271326,0.024617684256162533,0.00012425504974089563,5.609554506986841e-05,4.5658980761485114e-11
