model,log likelihood,R2 coefficient,normality pearson p-value,normality shapiro p-value,homocedasticity levene p-value,homocedasticity bartlett p-value
linear,-38.48647252997062,-0.021375011797113874,0.4064002960879438,0.13206124305725098,0.31841984145427965,0.1371728821864649
poly2,-38.54563037871637,-0.03489084654778973,0.4064903157864781,0.132021963596344,0.31833805240849156,0.13715403123913966
poly3,-38.55692788566717,-0.0374922632467094,0.3854649108283611,0.14008450508117676,0.341000237803793,0.14263093394789622
exp,-38.52544369148662,-0.03025879543719623,0.2458858808300732,0.14491957426071167,0.7024227987670406,0.3200134556318068
log,-38.48555772297794,-0.021167397122435982,0.40640029623487206,0.13206124305725098,0.31841984131081796,0.13717288215471976
power,-38.6247079357366,-0.053237495316293515,0.4984472984096473,0.2651081085205078,0.1613965978536508,0.1391596162914814
hmult,-38.43906381418444,-0.010671033752861048,0.4064002961455512,0.13206124305725098,0.3184198413990396,0.1371728821741161
