c0,"c1,1","c1,2",c2,rmse,kfold rmse
-12.578104215870997,0.28571443147793196,-0.0022380152510640436,-18.348659724022067,4.922949582513463,4.9560857715012245
