c0,c1,c2,c3,rmse,kfold rmse
6.362196427030181,-3.3548081821844935e-09,4.7300277387447665,0.0014806354738661467,13.846355035449507,13.900440063670954
