train set,c0,c1,rmse,kfold rmse
gov,12.939808728655468,5.749066768332633e-09,14.64672783572102,14.801955886291452
bible,6.99040595298931,-1.1606395718400744e-09,12.285626055911745,12.245406501343775
