train set,c0,c1,rmse,kfold rmse
gov,7.53045992154901,13.605783542740834,14.461536119521032,14.47650390882375
bible,4.18911040167125,9.555161163308515,12.009039804972367,12.023650827001127
