train set,c0,c1,rmse,kfold rmse
gov,11.124593328521655,0.45342155557096403,14.469778196424832,14.486401314522206
bible,5.054742503197335,0.9312306292204036,12.00552948903294,12.02222276972805
