model,log likelihood,R2 coefficient,normality pearson p-value,normality shapiro p-value,homocedasticity levene p-value,homocedasticity bartlett p-value
linear,-399.62807337897743,2.0112099633928793e-05,0.0013816302683336886,1.3528048681266114e-09,8.644593571706423e-17,1.0727788911518443e-37
poly2,-399.4585941040367,0.003438012492397835,0.0013786687467517156,4.556084842732844e-09,1.0930821059494269e-14,1.0997883950746426e-30
poly3,-399.4564563200779,0.0034810506384064244,0.0013780491298660306,4.598254665921786e-09,1.0942457902833858e-14,1.2158496815897087e-30
exp,-399.6280988149752,1.959825129538295e-05,0.0013816187408461013,1.3527891029596617e-09,8.635489156838602e-17,1.0748591635396998e-37
log,-399.6264137808342,5.363809852654278e-05,0.0013824571631677396,1.363603452375628e-09,8.998263261162833e-17,1.0995897530239912e-37
power,-399.6264871545951,5.2155878734305716e-05,0.0013823911009526026,1.3626031414304407e-09,8.973360528353432e-17,1.0958665306429763e-37
hmult,-399.6272892297843,3.595305339965105e-05,0.0013818279630675244,1.3543779431302028e-09,8.725987542235218e-17,1.0927907709894202e-37
