train set size,c0,c1,rmse,kfold rmse
1,8.879301528440873,0.28399981084798814,8.122258267548135,8.12755074352004
10,13.021346170635251,-0.030163573583617233,13.552297549146536,13.563313853948594
25,15.773856191388457,0.05068095328260262,15.175830786625493,15.188024976107837
50,16.001579037064356,-0.2814269628257631,17.231021016165148,17.551726878353687
