c0,c1,c2,rmse,kfold rmse
-1.1113614184506164e-09,-2.5192219421647137,-0.6783686163541579,13.79226097926324,13.785692630127986
