train set,c0,c1,rmse,kfold rmse
gov,14.701441134374617,0.6494684542343133,14.392556139091566,14.403065669460293
bible,9.107149493900206,0.49845260548713444,11.975091648479873,11.983982738322014
