model,mean,min,25%,50%,75%,max
linear,9.2773740822779,2.335950912726264,5.13769489027393,7.875295473811017,14.082707495147869,18.827642638644
poly2,9.283121672796108,2.335950912726264,5.173042219897788,7.87849678941144,14.018741563996453,18.82765657187863
poly3,9.333311923711223,2.335950912726264,5.137866606746601,7.8788336899531535,14.394584469084435,18.826535844962773
exp,9.224997609584133,2.335950912726264,4.952531798049005,7.6882561924223625,13.795938341713697,19.1751548984984
log,9.195280428165503,2.335950912726264,5.073204370525222,7.794319665881469,14.089489580839292,18.82729805505909
power,9.176588462461398,2.335950912726264,4.801827987431569,7.44781496662174,14.060782448930954,19.076439410747888
hybrid_mult,9.18055719941668,1.457166199626293,4.788914946424305,7.48086316039123,14.622685059077297,19.125753897744545
