model,log likelihood,R2 coefficient,normality pearson p-value,normality shapiro p-value,homocedasticity levene p-value,homocedasticity bartlett p-value
linear,-61.07673947014703,-1.2193324335774136e-05,0.10133372805964617,0.0002825378905981779,0.03671079881459845,5.294716462129228e-08
poly2,-61.076715710792314,-9.025376765503523e-06,0.10131588919531244,0.00028238704544492066,0.036711203639461544,5.282419745897331e-08
poly3,-61.056381693427305,0.0026985293853056813,0.09310738235534727,0.0002446846046950668,0.03808755912495146,5.0935385170846293e-08
exp,-61.077414253664095,-0.00010216960456599367,0.10156477260163521,0.00028447533259168267,0.03670590525043127,5.460466399768565e-08
log,-61.0767497035053,-1.3557789674267795e-05,0.10133372802750203,0.0002825378905981779,0.03671079881532442,5.294716439907762e-08
power,-61.05002300687917,0.0035437080456840464,0.08784427302963875,0.0002812512684613466,0.042423424380197146,1.660443656873484e-07
hmult,-61.07673342478651,-1.1387266762197257e-05,0.10133372748617936,0.0002825378905981779,0.03671079882754982,5.2947160656862135e-08
