c0,c1,rmse,kfold rmse
11.606994235820348,0.175658207198129,13.705363396833055,13.71352917125084
