model,normality p-value,AIC of centered model,BIC of centered model,log likelihood,R2 coefficient,homocedasticity levene p-value,homocedasticity bartlett p-value
linear,,49.49770251657118,51.08122145502729,-23.74885125828559,-0.02542538827067453,0.23824895337374313,0.010393028699994145
poly2,,49.57977378485805,51.16329272331416,-23.789886892429024,-0.03954808405969468,0.23823340581034042,0.010393558052570764
poly3,,49.61354631517304,51.19706525362915,-23.80677315758652,-0.045415944472078085,0.23805811215235095,0.010392244613042542
exp,,45.51539004276598,47.09890898122209,-21.75769502138299,0.47197476676019257,0.15609930109803827,0.025192690780132573
log,,40.24790309280644,41.83142203126255,-19.12395154640322,0.7805269203278239,0.409148371037582,0.057550664370678586
power,,40.615962557769215,42.199481496225324,-19.307981278884608,0.7666422169719335,0.21908594985145963,0.0759418001088986
hmult,,42.94649963958064,44.530018578036746,-20.47324981979032,0.6558781973201757,0.4421259309965402,0.34789859130607836
