model,log likelihood,R2 coefficient,normality pearson p-value,normality shapiro p-value,homocedasticity levene p-value,homocedasticity bartlett p-value
linear,-0.8955750206915436,0.9994252107749139,,0.023714639246463776,,
poly2,38.032745611536285,0.9999999999999969,,0.44758039712905884,,
poly3,47.49221865854481,1.0,,0.27274489402770996,,
exp,-7.3193820980485285,0.9583714520327935,,0.8684092164039612,,
log,-6.333845416278851,0.978420112932711,,0.35108304023742676,,
power,-8.506632519399602,0.9081380908426969,,0.9092236757278442,,
hmult,-9.000617152234701,0.8723094765799383,,0.839640200138092,,
