model,log likelihood,R2 coefficient,normality pearson p-value,normality shapiro p-value,homocedasticity levene p-value,homocedasticity bartlett p-value
linear,-12.730717497644093,-0.022299575266204963,,0.4580729305744171,,
poly2,-12.632116426890601,0.04273926268895534,,0.4493052363395691,,
poly3,-12.730509637105435,-0.022157921254268187,,0.45805537700653076,,
exp,-10.545460706367399,0.7618330273506314,,0.45137113332748413,,
log,-9.204945591843716,0.9025543048099679,,0.5991900563240051,,
power,-7.606938875780756,0.9664191004445913,,0.583361804485321,,
hmult,-8.437959546413524,0.9415617161672132,,0.12296341359615326,,
