model,log likelihood,R2 coefficient,normality pearson p-value,normality shapiro p-value,homocedasticity levene p-value,homocedasticity bartlett p-value
linear,-8.012192466973469,0.9710772108612795,,0.2608400881290436,,
poly2,40.15485683638909,0.9999999999999997,,0.27382951974868774,,
poly3,30.669017867263094,0.9999999999998173,,0.8776718378067017,,
exp,-6.010527116082704,0.9923844952437084,,0.8168283104896545,,
log,-0.545628133204912,0.9998007270368371,,0.6141889095306396,,
power,-7.633185929057394,0.9775349939773954,,0.9159591794013977,,
hmult,-8.06637437193362,0.9700133852870403,,0.9558174014091492,,
