model,normality p-value,AIC of centered model,BIC of centered model,log likelihood,R2 coefficient,homocedasticity levene p-value,homocedasticity bartlett p-value
linear,,27.63719585886119,27.83442043619741,-12.818597929430595,0.2874143295144834,,
poly2,,28.306295490918842,28.50352006825506,-13.153147745459421,0.10936619040922013,,
poly3,,27.57419013332405,27.771414710660267,-12.787095066662024,0.30222392929567843,,
exp,,23.386892462729975,23.584117040066193,-10.693446231364987,0.8272004338808668,,
log,,21.877153658435734,22.074378235771952,-9.938576829217867,0.8955314491419333,,
power,,17.742233780178612,17.93945835751483,-7.871116890089306,0.9736734100989388,,
hmult,,19.50980667015482,19.707031247491038,-8.75490333507741,0.9525455447308578,,
