c0,c1,rmse,kfold rmse
17.229779300139963,-2.380096127173541,13.331582332511964,13.358353702361246
