c0,c1,c2,rmse,kfold rmse
41.581074532861194,0.05719893126868666,-67.79019013758477,4.785552621579809,4.802654157502739
