c0,c1,c2,c3,rmse,kfold rmse
5.781449597850528,4.806685295943061,-0.021937060982324372,-4.5919090138876906e-10,13.923550421622094,13.901278795355255
