c0,c1,c2,c3,c4,rmse,kfold rmse
6.895900272472975,1.4498941733200001,2.450865116600177e-09,2.9802589986370975,-1.5602768413408948e-09,13.993516568383617,13.86207354128951
