c0,c1,c2,rmse,kfold rmse
1.850774154434865,-2.3646850014554706,-1.5053115883972824e-08,13.742850814905825,13.739793780109553
