train set,train set size,c0,c1,rmse,kfold rmse
gov,1,12.334879584432453,0.5033270898163775,8.24792855544727,8.31271552813657
gov,10,16.879572247912375,0.04876714558071138,14.040563850058367,14.147050633671473
gov,25,19.398171399037242,0.06049108003785725,15.425532844563591,15.54032071221568
gov,50,16.325526627614487,-0.21444054420068984,17.2092596752235,17.521603890440915
bible,1,6.579129485747796,0.06022970130091662,7.8222962513395915,7.869231458977595
bible,10,10.284507185059834,-0.014272977078853133,12.381470562887896,12.453265154296423
bible,25,11.888324092465828,-0.006591501054662933,14.194253591757255,14.276189398411551
