c0,c1,rmse,kfold rmse
9.642065724979114,0.01577258522005793,13.272809161715891,13.290522596222598
