c0,c1,rmse,kfold rmse
6.549444146914891,0.025347718215347398,13.543268618597272,13.542845213923727
