language to,c0,c1,rmse,kfold rmse
ka,-7.884840451626486,-15.81353720958108,4.801472588944218,4.8227520724948265
gu,-1.756003284120944,-14.151349755149766,6.348598808971537,6.374797295713787
hi,-5.320076361718955,-16.59510219283412,5.167482620049192,5.192724901735349
si,-9.851972111932502,-22.404339940668606,4.394685904402893,4.411071638465727
ta,-5.811289812858989,-16.019974248661413,4.727106760991905,4.745767979189038
