language to,c0,c1,rmse,kfold rmse
ka,-7.88484048603274,-15.813537240461756,4.801472588944218,4.82275207423269
gu,-1.756003526082321,-14.15134990413418,6.348598808971535,6.374797293470837
hi,-5.320076526738533,-16.595102311834673,5.167482620049192,5.192724900376165
si,-9.851972124934418,-22.404339953388458,4.394685904402892,4.4110716342166825
ta,-5.8112897909901715,-16.019974289328896,4.727106760991906,4.745767979246805
