init,kfold rmse of each slice
-1.0,1.7684882245526008,0.6338522944368673,3.3793430869490377,1.3315553490433565,0.7834971483941452,1.735055489436491,1.5800786971141647,0.9880112743686482,1.953357983277961,1.7300414607351317e-13,1.4937073319764134e-14,1.510083028310535e-12,0.78231292332027,4.011804220013247,0.41879062825398516,1.291933715017769,5.96031414687062,0.8636434139820754,0.6448043823151813,2.9700562639743295,0.5772927462448569
-0.5,1.7684882240947608,0.6338523704517319,3.379342902852691,1.3315552250913685,0.783497133875963,1.7350531480182425,1.5800787123327416,0.9880111370453571,1.953357746260809,3.726230452283117e-13,6.889349107919959e-15,9.398970212842576e-13,0.7823129966578739,4.011802814227982,0.41879074161624585,1.2919336410080684,5.960313752850799,0.8636430580832738,0.6448044235231972,2.9700563989981683,0.577292706051805
0.0,1.7684882232281394,0.6338523899540658,3.3793430331254677,1.331555410219712,0.7834971624658335,1.735055413346668,1.5800786424277335,0.9880112639740742,1.9533579359849313,1.0996208417098899e-13,6.355875972533892e-13,3.6362853228194997e-13,0.7823133355229049,4.011807070629807,0.41879031658981625,1.2919341355150067,5.960312668371596,0.8636432994320372,0.6448043556633195,2.9700565297524295,0.577292671657467
0.5,1.7684882256864616,0.6338523342384224,3.3793429445444554,1.3315553698497948,0.7834971262594024,1.7350550920063244,1.5800786626480554,0.9880112121929163,1.953357626891435,2.760011164222023e-13,7.188211828540968e-15,3.2692276409170605e-12,0.7823129363696792,4.011806049351075,0.41879060000896146,1.2919341143531877,5.960310884694932,0.8636431998092966,0.6448044248663782,2.97005719924346,0.57729265828239
1.0,1.768488232820205,0.6338523102815984,3.379342902812183,1.3315554014913358,0.7834970890397843,1.735053947920825,1.580078671544285,0.9880110785142296,1.9533579628235438,3.3293306161211267e-13,1.1004096916668141e-14,1.3467674822884013e-12,0.7823128291816904,4.0118032612396775,0.41879055643058016,1.2919340237955164,5.9603115165567715,0.8636430954416616,0.6448043858069423,2.970057365248068,0.5772926785352951
