init,rmse of each slice
-1.0,1.762894566226806,0.6186201211436493,3.374967858970943,1.3139684624952022,0.7714044812416361,1.6990682835916409,1.5543415563283063,0.9717322860759715,1.9033292184435593,2.467026480595851e-13,8.14836136018168e-15,1.0861469460411495e-13,0.47194175929728654,2.4457458252345243,0.28219250430048287,0.6208660249297017,2.647773033957326,0.49548035323534473,0.6275855821965945,2.8728660828033723,0.5657899431093676
-0.5,1.7628945662268252,0.6186201211436664,3.374967858970937,1.3139684624951262,0.7714044812416558,1.6990682835913051,1.5543415563282972,0.9717322860758054,1.903329218443585,3.321739793166728e-13,9.122764137081302e-15,1.415270809906701e-12,0.4719417592972769,2.4457458252320303,0.2821925043004618,0.6208660249297178,2.647773033957273,0.4954803532352778,0.6275855821965959,2.872866082803447,0.5657899431093608
0.0,1.762894566226795,0.6186201211436594,3.3749678589709697,1.313968462495058,0.771404481241634,1.6990682835913529,1.55434155632837,0.9717322860758445,1.903329218443584,9.268884056415296e-14,2.8018451332336596e-13,3.3798738673554795e-13,0.4719417592972593,2.4457458252324082,0.28219250430046067,0.6208660249297007,2.6477730339572663,0.49548035323529616,0.6275855821966142,2.8728660828034913,0.5657899431093527
0.5,1.7628945662267679,0.6186201211436414,3.3749678589709697,1.3139684624950378,0.7714044812416323,1.6990682835913384,1.5543415563282905,0.9717322860757962,1.9033292184436437,1.725170838849832e-13,5.9910909847502765e-15,3.8248500726238507e-13,0.4719417592972619,2.4457458252353814,0.28219250430046067,0.6208660249297406,2.6477730339573,0.49548035323528794,0.6275855821965984,2.8728660828041863,0.5657899431093488
1.0,1.7628945662269746,0.6186201211436431,3.374967858970941,1.3139684624951358,0.7714044812416707,1.699068283591303,1.5543415563283243,0.9717322860758948,1.9033292184436,2.0040580432365764e-13,1.5792768055897502e-14,9.23924159155133e-13,0.47194175929727256,2.4457458252321262,0.2821925043004914,0.6208660249296988,2.647773033957273,0.495480353235265,0.627585582196601,2.872866082803472,0.5657899431093545
