model,log likelihood,R2 coefficient,normality pearson p-value,normality shapiro p-value,homocedasticity levene p-value,homocedasticity bartlett p-value
linear,-220.94021768540944,-7.592202170059181e-06,0.028342061040084382,1.9023846107302234e-05,1.5689983303898026e-07,1.4349029209881695e-09
poly2,-220.94034136083866,-1.2172818888656067e-05,0.02834206764581115,1.9023609638679773e-05,1.5690497282372302e-07,1.434890243644313e-09
poly3,-220.94032847526168,-1.169556960212148e-05,0.028342061073673975,1.9023846107302234e-05,1.5689985917399547e-07,1.434902856524124e-09
exp,-220.93072934823965,0.00034376861985074836,0.028399210349216178,1.8412549252389e-05,2.031832252369649e-07,1.3337204757615864e-09
log,-220.8813262192938,0.0021712127385800084,0.029041054803103306,1.4511417248286307e-05,3.23056278731443e-07,9.345864210039023e-10
power,-220.8873975119499,0.001946813043738782,0.029338919372313095,1.467327274440322e-05,2.931785273431973e-07,1.0047857818234432e-09
hmult,-220.88306693408734,0.0021068797265989536,0.029205558095608604,1.4327487406262662e-05,3.0696424476759167e-07,9.598365584026088e-10
