model,pareto,rawlsian,gov-flores,gov-bible,gov-gov,bible-flores,bible-bible,bible-gov
linear,True,False,5.782953928646534,2.271685619876913,10.221994990439326,2.237409216035368,7.549884803875664,1.3576941236277535
poly2,True,False,5.782661016585172,2.271685619876913,10.210056225400676,2.237409216035368,7.139067537772798,1.3576941236277535
poly3,True,False,5.7827920093555045,2.271685619876913,10.80889577546056,2.237409216035368,7.5717367133523,1.3576941236277535
exp,True,False,5.829126004685802,2.271685619876913,10.763555707194556,2.237409216035368,8.47186254247706,1.3576941236277535
log,True,True,5.782608746054415,2.271685619876913,10.20911328184319,2.237409216035368,7.572147495801954,1.3576941236277535
power,True,False,5.810272800281002,2.271685619876913,11.68880819988233,2.237409216035368,8.748332765204664,1.3576941236277535
hybrid_mult,True,False,6.555534322448141,1.568615808780326,10.887450685459594,1.4116184564770562,8.497393600520589,0.7505553499465134
