model,mean,min,25%,50%,75%,max
linear,4.903603780416926,1.3576941236277535,2.245978316995754,4.0273197742617235,7.108152085068381,10.221994990439326
poly2,4.833095623216447,1.3576941236277535,2.245978316995754,4.027173318231043,6.799965907475891,10.210056225400676
poly3,5.005035576284733,1.3576941236277535,2.245978316995754,4.027238814616209,7.124500537353102,10.80889577546056
exp,5.155222202316242,1.3576941236277535,2.245978316995754,4.050405812281358,7.811178408029246,10.763555707194556
log,4.905109747206598,1.3576941236277535,2.245978316995754,4.027147182965664,7.12476280836507,10.20911328184319
power,5.352367120818005,1.3576941236277535,2.245978316995754,4.040979210078957,8.013817773973749,11.68880819988233
hmult,4.945194703938703,0.7505553499465134,1.4508677945528736,4.062075065614233,8.011928781002476,10.887450685459594
