c0,c1,rmse,kfold rmse
10.078762372140833,-2.701337001125217e-09,13.935878142039217,13.906153111321784
