c0,c1,c2,rmse,kfold rmse
10.230109473997052,-8.137474613073304e-09,-0.0008398338221427839,13.909087880303298,13.861922618624716
