train set size,c0,"c1,1","c1,2",rmse,kfold rmse
1,3.234965925491678,1.5323515168833335,-7.662300217799742e-10,8.524499451378611,8.463451487000627
10,7.446542892427947,3.527336270287124,-1.4897842184862104e-09,13.805462159409815,13.733839498107287
25,8.762071842442323,4.150383625960944,1.780691258345717e-08,15.404656663841223,15.33867707918863
50,11.875321251645582,5.625187652070325,-1.1250405255927624e-09,17.423903928973733,18.025405648738413
