c0,c1,c2,c3,rmse,kfold rmse
2.393427440087064,-3.452083307199082e-09,-1.2909309301411174e-08,-1.1368768410771575,13.73496209308399,13.7282078996089
