language to,c0,c1,c2,rmse,kfold rmse
ka,129.74864241735182,-1.7672865006729526,-5.801108869622418,4.752250211227978,4.787032324024619
gu,95.27482308770942,-1.424190309314748,-3.9231459017756336,5.903108093061094,5.961587755999994
hi,89.10802721798453,-1.1342398509036804,-4.446611710346121,4.984180586241285,5.0257307272331735
si,102.75826892502137,-0.5756536569394718,-5.7345019541603195,3.7866977899325245,3.802539017613059
ta,96.45697589084683,-1.1706119185733268,-5.136829051840828,4.323524713313232,4.360658098796077
