c0,c1,c2,c3,rmse,kfold rmse
1.6072968952872322,-7.036264408415514e-09,-2.785847810294304,1.0768033543018399e-06,13.76429178394712,13.761933602114786
