c0,c1,c2,rmse,kfold rmse
10.050628112416534,-2.486507866836302e-10,-0.00010389074744685496,13.941019081662779,13.901310824964794
