,pareto,rawlsian,mean,min,25%,50%,75%,max
linear,True,False,3.1170892858198767,0.74565407529229,2.335950912726264,2.92715067910412,4.221877576971152,5.597735526570399
poly2,True,False,3.169809029535358,0.74565407529229,2.335950912726264,2.990197239729908,4.442980575584304,5.409021929352574
poly3,True,False,3.228625828714923,0.74565407529229,2.335950912726264,3.5762358287120097,4.492279524412284,5.5617907359070005
exp,True,True,2.754539997050066,0.74565407529229,2.335950912726264,2.758991506180638,3.373556110586073,4.691304245111903
log,True,False,3.1170528364490453,0.74565407529229,2.335950912726264,2.9879764999980885,4.321170056128741,5.388262063632191
power,True,False,3.2892557659091133,0.74565407529229,1.763287533600867,2.625938460546156,4.604330717669121,7.826090076867225
hybrid_mult,True,False,3.4017981241544413,0.5253570214625478,1.457166199626293,2.0644611887851028,4.864456538209812,10.83222735643798
