c0,"c1,1","c1,2","c1,3",c2,rmse,kfold rmse
0.11905097195112929,0.3187211130143673,-0.010118840174146985,0.00013734054725994625,-1.4884327929396515,6.748932463761684,6.927689034820273
