c0,c1,rmse,kfold rmse
7.168144603677039,7.98566908278931,13.694370609029246,13.705141872582335
