model,none,train,test,lang,train+test,train+lang,test+lang,train+test+lang
linear,13.238804151752234,12.926982737152013,11.14039774358342,13.001412716388288,2.968208627197804,12.785715994735462,11.016290590576608,2.9635932653599872
poly2,13.209156673858278,12.818284355775567,11.121780921821122,13.041360401926775,2.4561262148849754,12.872138042454072,11.549438058247455,15.128645283966563
poly3,13.170591789129167,12.791435946024363,22.48242731029759,13.060118060786888,2.3334882889753845,12.935418550520703,25.61777123701372,335.051279141176
exp,13.290522596222598,12.96065076771845,11.151056359029697,13.107878507814931,3.124517038452058,12.81181503945679,11.056807268301275,6.144813200781231
log,13.15425310704672,12.78351241784456,11.308447079892844,12.857821582453955,2.3077285248689443,12.628049757088151,11.154500238380807,0.5351707731626923
power,13.150389691404587,12.798851943497768,11.216540616715065,12.89079327183569,2.387109907928243,12.656636062535323,11.119792175371334,1.039667708933856
hmult,13.183318130449427,12.860772677359371,11.11935175941899,12.94417647215144,2.776829093198225,12.702375538134474,11.00976768047149,2.682026310034474
scaling,13.154094140652742,12.782828249342835,11.196006780018491,12.89289005035192,2.2998448692268894,12.672014712825838,11.150678148367485,0.6857287413872295
