model,log likelihood,R2 coefficient,normality pearson p-value,normality shapiro p-value,homocedasticity levene p-value,homocedasticity bartlett p-value
linear,-61.07670518995912,-7.622587327338337e-06,0.1013337280204691,0.0002825378905981779,0.03671079883328932,5.294716510227933e-08
poly2,-61.07666589409966,-2.383113188564323e-06,0.1013337277551217,0.0002825378905981779,0.03671079895365608,5.2947168039399074e-08
poly3,-61.076814420436314,-2.218686802724079e-05,0.10137766101970139,0.00028225095593370497,0.036690907846752926,5.24639596356813e-08
exp,-61.07055212558494,0.0008124558038581364,0.09076008346514168,0.0004021527711302042,0.04782027094288722,9.14224715457556e-07
log,-61.076743344088825,-1.2709856340276104e-05,0.10133372877157318,0.0002825378905981779,0.03671079849794786,5.29471567163702e-08
power,-61.08563991503754,-0.0011996382263743666,0.1071941344067844,0.00026524747954681516,0.03439761814287339,2.380425235743501e-08
hmult,-61.07674098915297,-1.239586095014289e-05,0.10133372808006504,0.0002825378905981779,0.0367107988065504,5.294716443869113e-08
