language to,c0,"c1,1","c1,2","c1,3","c2,1","c2,2","c2,3",rmse,kfold rmse
ka,-0.4688488692340109,0.28078588381047054,-0.010370332970102574,7.744523431737913e-05,6.549856557532406,-0.7415264553376649,0.020025769163925598,10.72978702629412,10.748229987869381
gu,21.74378453934291,0.06656830640730288,-0.004088804718356891,3.3488173993163514e-05,-13.056940923761962,1.7441854878250467,-0.04909765930011609,10.297893018345256,10.338961041532688
hi,8.649363250714234,0.07087846465071154,-0.004013580243688169,3.2901512042348086e-05,0.9959397227486693,-0.03861099119745173,0.0004776902523196519,11.092485043068848,11.110574786487991
si,8.529321441552778,0.05010790047002456,-0.003257096513489433,2.7201139163688717e-05,1.2607686512424807,-0.04933804057454205,0.0006048196233738076,15.301913717427755,15.317146456772402
ta,7.1066955620779195,0.04651748936500273,-0.002805901551570724,2.3464942894094326e-05,0.9966829636567746,-0.03716538574662327,0.0004490696507785791,12.218494885487528,12.230807301958112
