init,rmse of each slice
-1.0,0.599316097760523,0.1725629427155585,2.3719617078509545,0.04895141551136847,0.2740514704728876,1.302817549523643,0.08259074468968636,0.3857316604866157,1.2633290871353409,3.9839529883078135e-14,7.251946429389431e-16,0.0,0.19691969343536947,1.1542613897472649,0.11367287498872601,0.11343885539347844,0.8570784691008445,0.16828840177718973,0.1499451198929914,1.1390055916173403,0.14413209163184892
-0.5,0.5993160977640614,0.1725629427147036,2.3719617055492503,0.048951415511367564,0.2740514704729036,1.3028175135406888,0.08259074468968429,0.3857316604867676,1.2633289853804035,6.32210032593583e-15,2.5639502485114184e-16,2.3920432895754778e-14,0.19691969343671667,1.1542613897472949,0.11367287498860351,0.11343885539321598,0.8570785114312657,0.16828840177831078,0.14994511989258266,1.1390054489860588,0.1441320916319861
0.0,0.59931609776053,0.17256294271470402,2.371961704305165,0.04895141551136787,0.27405147047369804,1.3028175386118725,0.08259074468968583,0.38573166048747215,1.26332897991428,1.4503892858778862e-15,3.1401849173675503e-16,1.5349477418661813e-14,0.19691969343587715,1.154261389747267,0.11367287498881182,0.11343885539323748,0.8570784120147796,0.16828840177718662,0.14994511989258155,1.1390054221034718,0.14413209163191215
0.5,0.5993160977961691,0.17256294271472417,2.371961704710536,0.04895141551136667,0.27405147047290296,1.302817574267405,0.08259074468968326,0.385731660486628,1.2633290871811746,0.0,1.516853423009164e-15,1.2306961192854808e-14,0.1969196934353181,1.1542613897473029,0.1136728749891734,0.11343885539321329,0.85707857109237,0.16828840177721777,0.149945119892965,1.1390055914341846,0.1441320916317968
1.0,0.5993160977597124,0.7934733769956854,2.3719617045396926,0.04895141551136726,1.2563439021068017,1.3028174773911358,0.08259074468968403,1.4184498587330805,1.2633290863554034,2.0511601988091347e-15,3.1401849173675503e-16,3.977347192040446e-14,0.300000006172642,1.1542613897472656,0.4068851871938868,0.28867515751082656,0.8570784676653949,0.7447967659494141,0.8494704238595924,1.1390055263211516,0.7934733771472909
