c0,c1,rmse,kfold rmse
16.416789365221423,-15.807494250573157,13.292059515489663,13.31931609750977
