train set,c0,c1,rmse,kfold rmse
gov,9.186339244468705,0.21036198089754274,13.805908846467924,13.809104511388963
bible,6.393906141985336,0.19894917806978388,11.777276617216923,11.788599375606573
