train set,c0,c1,rmse,kfold rmse
gov,16.905797593447026,0.19263630609712074,14.467303550349548,14.480614721133822
bible,9.934314036298506,0.07833979228717965,12.015862200934302,12.02759500353697
