train set,c0,c1,rmse,kfold rmse
gov,12.660930263343253,-2.200606423442935e-09,14.691678667841924,14.805003571224812
bible,7.052976565426525,-2.6164648747823e-09,12.27279362453254,12.234329149604314
