c0,c1,rmse,kfold rmse
10.109149952085591,-1.4800938617834906e-09,13.930394942678559,13.906025646632264
