c0,c1,c2,c3,rmse,kfold rmse
4.351941711864104,-1.90057045490245e-09,-2.313555067409553,-3.912792320601853,13.942973539892765,13.915697556025595
