c0,c1,c2,rmse,kfold rmse
34.730890658088825,0.24724492852830052,-68.13669347458172,4.876517682662253,4.894973167352001
