c0,c1,c2,c3,c4,rmse,kfold rmse
1.5442064309959584,-9.267102798670659e-09,-0.6186285153077543,3.5077845803298025e-06,-1.5817100751865107,13.804398979957675,13.800300665210981
