model,normality p-value,AIC of centered model,BIC of centered model,log likelihood,R2 coefficient,homocedasticity levene p-value,homocedasticity bartlett p-value
linear,,84.6530576720397,87.25822785802778,-41.32652883601985,-0.024921211214002703,0.25018404259662363,0.08756963831993361
poly2,,84.70753196306347,87.31270214905156,-41.35376598153174,-0.03051963150223891,0.2501854917836254,0.08757105480038756
poly3,,84.70114136002677,87.30631154601485,-41.350570680013384,-0.029861277699887223,0.25027445944435955,0.08765728683286492
exp,,84.40130674647006,87.00647693245814,-41.20065337323503,0.0005591936222476557,0.6830733719801013,0.4834827122077694
log,,84.68394637985746,87.28911656584555,-41.34197318992873,-0.028091954884647885,0.2501840425601463,0.08756963828409749
power,,84.57926113314278,87.18443131913087,-41.28963056657139,-0.017385487127973054,0.11579970463236353,0.016736161066578544
hmult,,84.65638132816136,87.26155151414945,-41.32819066408068,-0.025261916395996398,0.14129799428944592,0.02398037446791648
