model,mean,min,25%,50%,75%,max
linear,5.07817538748987,4.305053120257394,5.039287018352109,5.173217427921234,5.284972308506641,5.588347062411972
poly2,4.56981790507779,3.959155592672541,4.314755714112929,4.351547302914272,5.062205609079785,5.161425306609425
poly3,4.120193860849964,3.0098820224842657,4.062439581834688,4.14793002121258,4.250482239742833,5.130235438975454
exp,4.935523642046128,3.144701473656795,4.262561023849547,5.267326305392447,5.598775901912136,6.404253505419717
log,4.924731175339541,3.5013931950499413,4.186094833415155,5.072195841996728,5.405371246868297,6.458600759367583
power,5.645611457090731,2.9528826282586107,4.25663676108573,6.497800065332664,6.687621274351628,7.833116556425024
hmult,6.023684698287637,3.1170072845369887,4.270607293312943,6.750341673293002,7.399404017652897,8.581063222642355
