train set,test set,c0,c1,c2,rmse,kfold rmse
gov,flores,5.392821871354922,0.24238699978562553,-0.7465895080383818,3.3016866488148184,3.3353548418848695
gov,bible,1.7985424699165786,0.7912887672528397,-1.3517864537926163,1.1482506956162082,1.157572770529638
gov,gov,19.67188335869436,0.07975027090439685,-0.32579449408312716,4.27999550346954,4.335437588019984
bible,flores,1.1770345885136038,0.1202577749847118,-0.4370169607813653,0.7529497556448782,0.762271421242533
bible,bible,17.164408510836672,0.03601982217293186,-0.2388158141426688,3.470561914359043,3.5595309656721996
bible,gov,0.6804874613106338,0.14332331012002889,-0.4579913209799784,0.6429100507428632,0.6489016280121133
