model,log likelihood,R2 coefficient,normality pearson p-value,normality shapiro p-value,homocedasticity levene p-value,homocedasticity bartlett p-value
linear,-176.7315824496686,-0.045005551295611346,0.016337347401386995,8.789677252707406e-08,3.141530412709478e-10,6.307790930462853e-24
poly2,-177.28310986041458,-0.07093760058991494,0.016336981206593132,8.792123651346628e-08,3.144994038229119e-10,6.3250674550353965e-24
poly3,-177.3008246095987,-0.07178110553414574,0.016331094432806333,8.844368437621597e-08,3.2369439679876766e-10,7.316139261030358e-24
exp,-175.83901539428078,-0.004362036848046591,0.01752345889469737,2.972163031245145e-07,1.7119244392938696e-09,2.2241344616412136e-17
log,-176.5307914651882,-0.03572136389411984,0.016337347401527407,8.789677252707406e-08,3.141530411406199e-10,6.307790924290713e-24
power,-176.49088428658462,-0.03388598237511675,0.018957059171757402,8.175710490831989e-07,1.5402613990541393e-09,1.794607061929637e-15
hmult,-177.47148860218053,-0.07994154593454983,0.023509609689170298,5.191481704969192e-06,3.669208928546562e-08,7.465445562505964e-11
