model,log likelihood,R2 coefficient,normality pearson p-value,normality shapiro p-value,homocedasticity levene p-value,homocedasticity bartlett p-value
linear,-175.70691974127644,0.001517215033924324,0.01648307294666921,1.194239729329638e-07,5.275431751015432e-10,1.3770267724462483e-21
poly2,-175.70691974160133,0.0015172150195070788,0.01648312842833922,1.1943158995109115e-07,5.275922633316675e-10,1.3785770994975512e-21
poly3,-175.70691974211147,0.0015172149968691873,0.01648314941739579,1.1943464528485492e-07,5.276108337377269e-10,1.3791640049610822e-21
exp,-175.70691974121928,0.0015172150364610726,0.016483086397459157,1.1942580613322207e-07,5.275550758778728e-10,1.3774024851488748e-21
log,-175.70691974125674,0.0015172150347976254,0.016483075862801882,1.194239729329638e-07,5.275457551905412e-10,1.3771082192087926e-21
power,-175.7069197412247,0.0015172150362208203,0.01648309068747207,1.1942519506646931e-07,5.275588715286623e-10,1.3775223347596018e-21
hmult,-175.73355788412172,0.00033439378830002475,0.01633082049729748,8.854169664118672e-08,3.245809064147388e-10,7.459619953996675e-24
