c0,c1,c2,rmse,kfold rmse
-9.911145641585351,0.7194657025508829,-18.651538516825926,5.480559055277748,5.498265124888739
