model,normality p-value,AIC of centered model,BIC of centered model,log likelihood,R2 coefficient,homocedasticity levene p-value,homocedasticity bartlett p-value
linear,,19.20297909091997,19.40020366825619,-8.601489545459986,0.4485839390429702,,
poly2,,19.252169340673237,19.449393918009456,-8.626084670336619,0.4394679759444615,,
poly3,,19.323365421825155,19.520589999161373,-8.661682710912578,0.4260063102851681,,
exp,,18.9779565930237,19.175181170359917,-8.48897829651185,0.4884311776119873,,
log,,16.99555535568139,17.192779933017608,-7.497777677840695,0.7358065198661317,,
power,,18.475006990269044,18.672231567605262,-8.237503495134522,0.5673918906812689,,
hmult,,18.691427098448727,18.888651675784946,-8.345713549224364,0.5350302754659279,,
scaling,,18.63548758405319,18.83271216138941,-8.317743792026596,0.5436200025913083,,
