model,normality p-value,AIC of centered model,BIC of centered model,log likelihood,R2 coefficient,homocedasticity levene p-value,homocedasticity bartlett p-value
linear,,19.129391999532775,19.326616576868993,-8.564695999766387,0.32832896923857724,,
poly2,,19.25216961773911,19.449394195075328,-8.626084808869555,0.30026999336113225,,
poly3,,19.277165468457742,19.47439004579396,-8.638582734228871,0.294415522051644,,
exp,,18.818446307313664,19.015670884649882,-8.409223153656832,0.39446030451851444,,
log,,16.989087372042817,17.186311949379036,-7.494543686021408,0.6709091648717116,,
power,,18.38261697000786,18.579841547344078,-8.19130848500393,0.4763394478003712,,
hmult,,18.614061530322346,18.811286107658564,-8.307030765161173,0.4343407528702574,,
scaling,,18.543833610460975,18.741058187797194,-8.271916805230488,0.4474286565827835,,
