model,normality p-value,AIC of centered model,BIC of centered model,log likelihood,R2 coefficient,homocedasticity levene p-value,homocedasticity bartlett p-value
linear,,3.3015505106612677,3.4987750879974877,-0.650775255330634,-0.9361437726936344,,
poly2,,4.530686402533579,4.727910979869799,-1.2653432012667898,-1.9165756713179447,,
poly3,,0.32732260684430425,0.5245471841805238,0.8363386965778479,0.28158727732949307,,
exp,,7.814346909459203,8.011571486795422,-2.9071734547296013,-7.7142857142857135,,
log,,7.814346909459203,8.011571486795422,-2.9071734547296013,-7.7142857142857135,,
power,,7.814346909459203,8.011571486795422,-2.9071734547296013,-7.7142857142857135,,
hmult,,5.783686930394707,5.9809115077309265,-1.8918434651973537,-3.428571428571427,,
scaling,,7.814346909459203,8.011571486795422,-2.9071734547296013,-7.7142857142857135,,
