model,normality p-value,AIC of centered model,BIC of centered model,log likelihood,R2 coefficient,homocedasticity levene p-value,homocedasticity bartlett p-value
linear,,4.253591286562045,4.450815863898265,-1.1267956432810227,-1.6592527815839793,,
poly2,,5.575700801397748,5.772925378733967,-1.7878504006988736,-3.131945435262324,,
poly3,,1.8540301967292367,2.0512547740654563,0.07298490163538163,-0.19505412535437072,,
exp,,8.646496870212822,8.843721447549042,-3.323248435106411,-10.500000000000002,,
log,,8.646496870212822,8.843721447549042,-3.323248435106411,-10.500000000000002,,
power,,8.646496870212822,8.843721447549042,-3.323248435106411,-10.500000000000002,,
hmult,,4.542999975372355,4.740224552708575,-1.271499987686178,-1.928571428571428,,
scaling,,8.646496870212822,8.843721447549042,-3.323248435106411,-10.500000000000002,,
