model,log likelihood,R2 coefficient,normality pearson p-value,normality shapiro p-value,homocedasticity levene p-value,homocedasticity bartlett p-value
linear,0.18562439198696146,0.7739746383990127,,0.27377352118492126,,
poly2,30.617501628683378,0.9999999996506778,,0.3421156704425812,,
poly3,15.549281624278745,0.9999919476470829,,0.8947293162345886,,
exp,-0.21898219275480638,0.7039924574430505,,0.562090277671814,,
log,4.626996530351091,0.9882983196220259,,0.4654304087162018,,
power,2.699742936929914,0.9577092586073768,,0.05791270732879639,,
hmult,2.842592510630048,0.9615509059712002,,0.17056846618652344,,
scaling,38.101490066178826,0.999999999997621,,0.48024803400039673,,
