model,log likelihood,R2 coefficient,normality pearson p-value,normality shapiro p-value,homocedasticity levene p-value,homocedasticity bartlett p-value
linear,-2.793888213068166,-0.5150732492089336,,0.13529030978679657,,
poly2,-3.4708929429299102,-1.3792855979137495,,0.4620307981967926,,
poly3,-1.890166050100344,0.1705709072093049,,0.28366976976394653,,
exp,-5.570018705644868,-8.642857142857144,,0.6368856430053711,,
log,-5.570018705644868,-8.642857142857144,,0.6368856430053711,,
power,-5.570018705644868,-8.642857142857144,,0.6368856430053711,,
hmult,-3.113605521543673,-0.875,,0.6368856430053711,,
scaling,-5.570018705644868,-8.642857142857144,,0.6368856430053711,,
