model,log likelihood,R2 coefficient,normality pearson p-value,normality shapiro p-value,homocedasticity levene p-value,homocedasticity bartlett p-value
linear,-3.0524521686366834,-0.9573854732886062,,0.33282914757728577,,
poly2,-3.4530860595587036,-1.5566527953903222,,0.49497780203819275,,
poly3,-1.8998116746373865,0.0922782185695904,,0.15155185759067535,,
exp,-5.557466331139093,-9.398058252427186,,0.3275466561317444,,
log,-5.557466331139093,-9.398058252427186,,0.3275466561317444,,
power,-5.557466331139093,-9.398058252427186,,0.3275466561317444,,
hmult,-3.0479015875560833,-0.9514563106796119,,0.3275466561317444,,
scaling,-5.557466331139093,-9.398058252427186,,0.3275466561317444,,
