model,log likelihood,R2 coefficient,normality pearson p-value,normality shapiro p-value,homocedasticity levene p-value,homocedasticity bartlett p-value
linear,2.676669298205645,0.7893586005828308,,0.2737753391265869,,
poly2,30.2554148714053,0.9999999978188826,,0.25114303827285767,,
poly3,15.156362056535038,0.999948678115196,,0.45528644323349,,
exp,2.21566658304549,0.7135705373290049,,0.589834988117218,,
log,7.576004310800456,0.9919639809536336,,0.46544700860977173,,
power,5.173237424257418,0.9601238497091331,,0.001970736775547266,,
hmult,6.305749778111682,0.9812579404471196,,0.29750728607177734,,
scaling,28.950331147857618,0.9999999947935765,,0.2051437795162201,,
