model,normality p-value,AIC of centered model,BIC of centered model,log likelihood,R2 coefficient,homocedasticity levene p-value,homocedasticity bartlett p-value
linear,,10.013930416667764,10.211154994003984,-4.006965208333882,-0.6635579493872257,,
poly2,,9.91592825032509,10.11315282766131,-3.957964125162545,-0.6100919077227647,,
poly3,,8.168356627962982,8.365581205299202,-3.084178313981491,0.10078454385003377,,
exp,,15.46152953680573,15.65875411414195,-6.730764768402865,-9.224890829694322,,
log,,12.104634859680697,12.301859437016917,-5.052317429840349,-2.339630368311904,,
power,,15.46152953680573,15.65875411414195,-6.730764768402865,-9.224890829694322,,
hmult,,12.391446491827523,12.588671069163743,-5.1957232459137614,-2.6746724890829694,,
scaling,,15.46152953680573,15.65875411414195,-6.730764768402865,-9.224890829694322,,
