model,normality p-value,AIC of centered model,BIC of centered model,log likelihood,R2 coefficient,homocedasticity levene p-value,homocedasticity bartlett p-value
linear,,19.679427767676046,19.876652345012264,-8.839713883838023,0.526351492894551,,
poly2,,19.252169087307575,19.449393664643793,-8.626084543653787,0.5892248681568354,,
poly3,,19.279841087220525,19.477065664556743,-8.639920543610263,0.5854183496783341,,
exp,,19.509615843169044,19.706840420505262,-8.754807921584522,0.5524172102699294,,
log,,17.00047538528362,17.19769996261984,-7.50023769264181,0.8060730827351882,,
power,,18.00167113837251,18.19889571570873,-8.000835569186256,0.7292452876165068,,
hmult,,19.18883143690601,19.38605601424223,-8.594415718453005,0.5978064702087621,,
scaling,,18.143833093950683,18.3410576712869,-8.071916546975341,0.7161060908098791,,
