model,normality p-value,AIC of centered model,BIC of centered model,log likelihood,R2 coefficient,homocedasticity levene p-value,homocedasticity bartlett p-value
linear,,19.85474867634717,20.05197325368339,-8.927374338173585,0.5624193422077982,,
poly2,,19.252169154982766,19.449393732318985,-8.626084577491383,0.6420471731946091,,
poly3,,20.1896741488086,20.386898726144818,-9.0948370744043,0.5107356807390573,,
exp,,19.837251985941393,20.03447656327761,-8.918625992970696,0.5649639856208021,,
log,,17.00789190903123,17.205116486367448,-7.503945954515614,0.8305922054754142,,
power,,18.607206484017304,18.804431061353522,-8.303603242008652,0.7112926191859212,,
hmult,,19.3866920787746,19.58391665611082,-8.6933460393873,0.6256309095578313,,
scaling,,18.704331455223965,18.901556032560183,-8.352165727611983,0.7017927715141195,,
