model,normality p-value,AIC of centered model,BIC of centered model,log likelihood,R2 coefficient,homocedasticity levene p-value,homocedasticity bartlett p-value
linear,,9.16695032936276,9.36417490669898,-3.5834751646813796,-3.488285930144584,,
poly2,,10.725827701934989,10.923052279271209,-4.3629138509674945,-6.546596500401549,,
poly3,,7.10513670923788,7.302361286574099,-2.55256835461894,-1.2573683082872087,,
exp,,13.254492709182864,13.451717286519084,-5.627246354591432,-16.53125,,
log,,13.254492709182864,13.451717286519084,-5.627246354591432,-16.53125,,
power,,13.254492709182864,13.451717286519084,-5.627246354591432,-16.53125,,
hmult,,7.958374567018284,8.155599144354504,-2.979187283509142,-2.0000000000000004,,
scaling,,13.254492709182864,13.451717286519084,-5.627246354591432,-16.53125,,
