model,normality p-value,AIC of centered model,BIC of centered model,log likelihood,R2 coefficient,homocedasticity levene p-value,homocedasticity bartlett p-value
linear,,13.13893114454983,13.33615572188605,-5.569465572274915,-1.6203927606654722,,
poly2,,11.274197995580035,11.471422572916255,-4.637098997790018,-0.40740347391109144,,
poly3,,11.216293204569833,11.413517781906053,-4.608146602284917,-0.38049882584940176,,
exp,,17.975010418806974,18.172234996143196,-7.987505209403488,-12.135922330097086,,
log,,13.312933141855593,13.510157719191813,-5.656466570927797,-1.7768713518809833,,
power,,17.975010418806974,18.172234996143196,-7.987505209403488,-12.135922330097086,,
hmult,,9.424425883288588,9.621650460624808,-3.712212941644294,0.24030953019339396,,
scaling,,11.51830237589817,11.71552695323439,-4.759151187949085,-0.52670928596337,,
