model,log likelihood,R2 coefficient,normality pearson p-value,normality shapiro p-value,homocedasticity levene p-value,homocedasticity bartlett p-value
linear,-2.557337767398968,0.3884739837860349,,0.9999986886978149,,
poly2,-3.850193079400159,-0.44788773732555964,,0.8608871102333069,,
poly3,-0.4762548524057246,0.8472856948651224,,0.5173189043998718,,
exp,-5.78869235087998,-4.272151898734178,,0.43346330523490906,,
log,-5.78869235087998,-4.272151898734178,,0.43346330523490906,,
power,-5.78869235087998,-4.272151898734178,,0.43346330523490906,,
hmult,-3.8776995679782678,-0.47468354430379756,,0.43346330523490906,,
scaling,-5.78869235087998,-4.272151898734178,,0.43346330523490906,,
