model,log likelihood,R2 coefficient,normality pearson p-value,normality shapiro p-value,homocedasticity levene p-value,homocedasticity bartlett p-value
linear,-5.7516257717877615,-1.4928464447309864,,0.14354117214679718,,
poly2,-4.950850347669533,-0.4616631413800836,,0.8875032067298889,,
poly3,-5.033693220476183,-0.5446595146533972,,0.07430333644151688,,
exp,-8.296389639747296,-12.598159509202455,,0.6086143851280212,,
log,-5.9203060498133295,-1.789545632275801,,0.3603675365447998,,
power,-8.296389639747296,-12.598159509202455,,0.6086143851280212,,
hmult,-4.043280735148209,0.20186017934016864,,0.5209832787513733,,
scaling,-4.958736255964798,-0.4693677372075835,,0.3798365294933319,,
