model,normality p-value,AIC of centered model,BIC of centered model,log likelihood,R2 coefficient,homocedasticity levene p-value,homocedasticity bartlett p-value
linear,,13.503251543575523,13.700476120911743,-5.7516257717877615,-1.4928464447309864,,
poly2,,11.901700695339066,12.098925272675286,-4.950850347669533,-0.4616631413800836,,
poly3,,12.067386440952365,12.264611018288585,-5.033693220476183,-0.5446595146533972,,
exp,,18.592779279494593,18.79000385683081,-8.296389639747296,-12.598159509202455,,
log,,13.840612099626659,14.037836676962879,-5.9203060498133295,-1.789545632275801,,
power,,18.592779279494593,18.79000385683081,-8.296389639747296,-12.598159509202455,,
hmult,,10.086561470296418,10.283786047632638,-4.043280735148209,0.20186017934016864,,
scaling,,11.917472511929596,12.114697089265816,-4.958736255964798,-0.4693677372075835,,
