model,normality p-value,AIC of centered model,BIC of centered model,log likelihood,R2 coefficient,homocedasticity levene p-value,homocedasticity bartlett p-value
linear,,27.76408751691783,28.53667623915761,-12.882043758458915,0.4509051652246898,,
poly2,,26.54013809614913,27.31272681838891,-12.270069048074564,0.5956487979480865,,
poly3,,28.558856981282883,29.331445703522665,-13.279428490641441,0.3302104667077844,,
exp,,27.80743101517887,28.580019737418652,-12.903715507589435,0.4449228894100099,,
log,,23.527242362219997,24.29983108445978,-10.763621181109999,0.8096128027322415,,
power,,24.910733595576957,25.68332231781674,-11.455366797788479,0.7309404616695545,,
hmult,,26.904664263313403,27.677252985553185,-12.452332131656702,0.5570684009695867,,
scaling,,24.9468497146291,25.71943843686888,-11.47342485731455,0.7285001146859218,,
