model,log likelihood,R2 coefficient,normality pearson p-value,normality shapiro p-value,homocedasticity levene p-value,homocedasticity bartlett p-value
linear,-9.99679860739036,0.150693369308606,,0.4078511893749237,,
poly2,-7.430657493916282,0.76458504304801,,0.2886400520801544,,
poly3,-6.93870477210478,0.8159194616336012,,0.22228269279003143,,
exp,-9.932346496587494,0.17762686087561774,,0.25108182430267334,,
log,-7.564123773347443,0.7483390183194591,,0.2655717134475708,,
power,-7.766792025632741,0.7215002958358447,,0.7634316682815552,,
hmult,-7.908123229517882,0.7011079118463586,,0.7474183440208435,,
scaling,-7.0678455302469505,0.8036411702556089,,0.5526203513145447,,
