model,normality p-value,AIC of centered model,BIC of centered model,log likelihood,R2 coefficient,homocedasticity levene p-value,homocedasticity bartlett p-value
linear,,5.254650004602629,6.027238726842411,-1.6273250023013146,0.4318384668276044,,
poly2,,5.337644755899774,6.1102334781395555,-1.6688223779498872,0.4199267112320497,,
poly3,,4.241113399561481,5.013702121801263,-1.1205566997807406,0.5590102571124846,,
exp,,13.858038869370844,14.630627591610626,-5.929019434685422,-3.881720430107527,,
log,,13.858038869370844,14.630627591610626,-5.929019434685422,-3.881720430107527,,
power,,13.858038869370844,14.630627591610626,-5.929019434685422,-3.881720430107527,,
hmult,,7.55882920628547,8.331417928525251,-2.779414603142735,-0.010752688172043223,,
scaling,,13.858038869370844,14.630627591610626,-5.929019434685422,-3.881720430107527,,
