model,log likelihood,R2 coefficient,normality pearson p-value,normality shapiro p-value,homocedasticity levene p-value,homocedasticity bartlett p-value
linear,-11.932232110832505,0.6584939674495798,,0.5990947484970093,,
poly2,-9.301231379719,0.9083602638701349,,0.36608704924583435,,
poly3,13.122536765523677,0.99999876170407,,0.38192278146743774,,
exp,-12.221379196661093,0.605373839898228,,0.4822341501712799,,
log,-6.022307634921778,0.9822141516288427,,0.5084676146507263,,
power,-8.129900618661782,0.9489809242231158,,0.38607555627822876,,
hmult,-11.336811679989848,0.7464261433585841,,0.7282646298408508,,
scaling,-0.7274061629499937,0.9987402007664998,,0.3901698887348175,,
