model,log likelihood,R2 coefficient,normality pearson p-value,normality shapiro p-value,homocedasticity levene p-value,homocedasticity bartlett p-value
linear,-1.4664475375107686,0.5024982621464128,,0.19229190051555634,,
poly2,-1.608670517855113,0.46583192323240674,,0.18530721962451935,,
poly3,-0.6758067169334392,0.6649503802621879,,0.6654990315437317,,
exp,-6.114025192652033,-4.081632653061225,,0.861404299736023,,
log,-6.114025192652033,-4.081632653061225,,0.861404299736023,,
power,-6.114025192652033,-4.081632653061225,,0.861404299736023,,
hmult,-2.8627599959438705,0.0,,0.861404299736023,,
scaling,-6.114025192652033,-4.081632653061225,,0.861404299736023,,
