model,log likelihood,R2 coefficient,normality pearson p-value,normality shapiro p-value,homocedasticity levene p-value,homocedasticity bartlett p-value
linear,-11.650247292601199,0.1057800450124845,,0.8049145936965942,,
poly2,-10.89405728123625,0.38731142419995646,,0.5677334666252136,,
poly3,-9.216446501763313,0.7351797261116146,,0.32150477170944214,,
exp,-11.24111861165199,0.27120867765825096,,0.29540640115737915,,
log,-10.577803590901064,0.47692234721934235,,0.7919771671295166,,
power,-9.99709089741509,0.6087394986597028,,0.6471669673919678,,
hmult,-11.264337258865613,0.26269860081693985,,0.514210045337677,,
scaling,-9.690936534300885,0.6642736477116795,,0.6678569912910461,,
