model,normality p-value,AIC of centered model,BIC of centered model,log likelihood,R2 coefficient,homocedasticity levene p-value,homocedasticity bartlett p-value
linear,,29.46926187904189,30.241850601281673,-13.734630939520946,0.5285024517174788,,
poly2,,27.012801865136755,27.785390587376536,-12.506400932568377,0.744863448283458,,
poly3,,29.02056825708072,29.7931569793205,-13.51028412854036,0.5785334154892474,,
exp,,29.735675312623773,30.508264034863554,-13.867837656311886,0.4960297388727908,,
log,,23.884666609732864,24.657255331972646,-10.942333304866432,0.8832814962598963,,
power,,25.63201677363068,26.404605495870463,-11.81600838681534,0.8193425627955842,,
hmult,,28.747642783446356,29.520231505686137,-13.373821391723178,0.6063315221448604,,
scaling,,24.981778588935235,25.754367311175017,-11.490889294467618,0.8464474152985024,,
