model,log likelihood,R2 coefficient,normality pearson p-value,normality shapiro p-value,homocedasticity levene p-value,homocedasticity bartlett p-value
linear,-7.911355427392179,0.7166438809323776,,0.2557359039783478,,
poly2,-4.354955143252079,0.9521292660349263,,0.36617717146873474,,
poly3,13.856085559819894,0.9999946839036608,,0.28630101680755615,,
exp,-8.405139970927625,0.6372924908352668,,0.4523639678955078,,
log,0.4159383920541354,0.9955936020333503,,0.5349181890487671,,
power,-4.16680831067574,0.956427295119468,,0.18645134568214417,,
hmult,-6.351323960428912,0.8701098953189363,,0.32360202074050903,,
scaling,9.288102846678951,0.9999478183646501,,0.23465323448181152,,
