model,log likelihood,R2 coefficient,normality pearson p-value,normality shapiro p-value,homocedasticity levene p-value,homocedasticity bartlett p-value
linear,-4.267410570729738,0.5184243711685652,,0.2956760823726654,,
poly2,-0.8488112689211291,0.9128384200235001,,0.36635255813598633,,
poly3,13.124168649209992,0.9999194378483159,,0.3849364221096039,,
exp,-4.549496026093659,0.4454782581722835,,0.32845166325569153,,
log,-0.4360690926165256,0.9290913414800103,,0.5539059638977051,,
power,-2.0316564758202116,0.8425376722646554,,0.16720670461654663,,
hmult,-2.314344644530202,0.818631599422581,,0.14949829876422882,,
scaling,4.321280872837293,0.9934286613322558,,0.6459750533103943,,
