model,normality p-value,AIC of centered model,BIC of centered model,log likelihood,R2 coefficient,homocedasticity levene p-value,homocedasticity bartlett p-value
linear,,16.144385236130198,16.91697395836998,-7.0721926180651,-0.957560456228467,,
poly2,,10.60099236090824,11.373581083148022,-4.30049618045412,0.5103914995926794,,
poly3,,14.58083686572744,15.353425587967221,-6.29041843286372,-0.32420455089193245,,
exp,,21.889357288036997,22.66194601027678,-9.944678644018499,-7.231284236153378,,
log,,14.28513153747016,15.057720259709942,-6.14256576873508,-0.22984187984458138,,
power,,21.889357288036997,22.66194601027678,-9.944678644018499,-7.231284236153378,,
hmult,,9.078469359252487,9.851058081492267,-3.5392346796262433,0.6653867649618906,,
scaling,,13.055704876825596,13.828293599065377,-5.527852438412798,0.09558871160127902,,
