c0,c1,c2,rmse,kfold rmse
8.612143418357268,-8.994001566019955e-09,-1.9484491009665863,13.91981703082144,13.889499023168783
