model,log likelihood,R2 coefficient,normality pearson p-value,normality shapiro p-value,homocedasticity levene p-value,homocedasticity bartlett p-value
linear,-14.642492763130692,-0.4650552492167015,,0.29732102155685425,0.18629845116929383,0.36594528073950716
poly2,-14.809334813651418,-0.5661647161157461,,0.30589359998703003,0.18555643304499675,0.37094805023784616
poly3,-14.693319902421806,-0.4951459242156302,,0.32524165511131287,0.18515515295062132,0.38341185560810465
exp,-16.5036525883639,-2.0843991846403287,,0.7992312908172607,0.6503483457230927,0.619524335825627
log,-14.621292404405201,-0.4526839000285623,,0.29732102155685425,0.18629845107522558,0.36594528100791124
power,-16.326318285006458,-1.8731907255139184,,0.2136164903640747,0.2905727081595838,0.02771352709310339
hmult,-15.646234653461736,-1.1888793721865625,,0.9384685158729553,0.5766633836519525,0.6016574256798036
