model,log likelihood,R2 coefficient,normality pearson p-value,normality shapiro p-value,homocedasticity levene p-value,homocedasticity bartlett p-value
linear,-13.128772683184408,-1.2675473405112347,,0.3658103942871094,0.8929007670766798,0.9852182272814796
poly2,-15.248381262240908,-4.2938311688311686,,0.3658103942871094,0.8929007671342128,0.9852182273328498
poly3,-15.248381262240908,-4.2938311688311686,,0.3658103942871094,0.8929007671342128,0.9852182273328498
exp,-15.248381262240908,-4.2938311688311686,,0.3658103942871094,0.8929007671342128,0.9852182273328498
log,-13.224321850287735,-1.3558896986323896,,0.3658103942871094,0.8929007661689459,0.9852182264696893
power,-12.164685686034012,-0.5419748758310754,,0.7907734513282776,0.45139737275344577,0.6118837569851087
hmult,-12.452449429858282,-0.7300831644708725,,0.7609245777130127,0.4669855519159807,0.6008835782680713
