model,normality p-value,AIC of centered model,BIC of centered model,log likelihood,R2 coefficient,homocedasticity levene p-value,homocedasticity bartlett p-value
linear,,31.09037037395706,32.309246198825264,-14.54518518697853,-0.4039023335820926,0.5683861967239952,0.16308814645745978
poly2,,30.386133644425293,31.605009469293492,-14.193066822212646,-0.21946031278426137,0.5683785787016259,0.1630816178265279
poly3,,30.832817559640993,32.05169338450919,-14.416408779820497,-0.33341747584592896,0.5681614140215728,0.1628886421239178
exp,,30.572771686898253,31.791647511766453,-14.286385843449127,-0.2658400878087066,0.32585107941252234,0.21905546956736485
log,,31.237470607794798,32.456346432663,-14.618735303897399,-0.44581877440132045,0.5683861966383428,0.16308814675928324
power,,34.25004554387403,35.46892136874223,-16.125022771937015,-1.6410875265056646,0.4345182578570933,0.3732009583804061
hmult,,32.414497700860984,33.63337352572918,-15.207248850430492,-0.829570437310718,0.5020243891935835,0.32545634739005586
