model,normality p-value,AIC of centered model,BIC of centered model,log likelihood,R2 coefficient,homocedasticity levene p-value,homocedasticity bartlett p-value
linear,,32.42684294956015,33.645718774428346,-15.213421474780073,-0.29524945271860603,0.03734705250723428,0.22180817692589613
poly2,,32.45200973879534,33.67088556366354,-15.226004869397668,-0.30178534165051696,0.03733576690930004,0.22178380043171825
poly3,,32.49048284224665,33.709358667114856,-15.245241421123326,-0.3118407226334219,0.025979006009105486,0.19431321507040808
exp,,35.60902058213016,36.827896406998356,-16.80451029106508,-1.4476755783820843,0.7126747669882191,0.828234470457747
log,,32.48232046790969,33.70119629277789,-15.241160233954842,-0.30970092268372884,0.03734705283980369,0.22180817763880853
power,,36.28790010958567,37.50677593445387,-17.143950054792835,-1.8036292432262182,0.5775932207269561,0.2424962954837237
hmult,,33.94746842445467,35.16634424932287,-15.973734212227333,-0.7556311100871402,0.8483075138783235,0.9577132606219454
