train set size,c0,c1,rmse,kfold rmse
1,4.72327979038913,-3.880938575465523e-09,8.498513004066542,8.453324353045113
10,10.803541866031772,1.171924871821978e-10,13.782134536316102,13.714711195017124
25,12.703405055020301,-2.9040598788568106e-09,15.380375925975079,15.317488059905687
50,17.1137810637426,-5.617680313615158e-09,17.405586044998127,17.972385052985924
