c0,"c1,1","c1,2","c2,1","c2,2","c3,1","c3,2","c4,1","c4,2","c5,1","c5,2","c6,1","c6,2",rmse,kfold rmse
3.903259488939884,-3.2545989247675974e-06,1.6835437579261973e-05,-2.7083691520127784e-06,1.1984629753063964e-05,-6.530388678984682e-05,2.0739487563465466e-06,1.080955326140452,3.49150034860465e-06,3.1964553737411934,2.5599831586420714,-6.01762268918823e-09,1.393151514714186e-05,14.008030785896432,13.982840779427917
