model,log likelihood,R2 coefficient,normality pearson p-value,normality shapiro p-value,homocedasticity levene p-value,homocedasticity bartlett p-value
linear,-7.9149830928592895,0.7161294539271275,,0.24171674251556396,,
poly2,-4.387083924899632,0.9513540417741665,,0.600942850112915,,
poly3,3.6059438693647943,0.9991059067212071,,0.011282390914857388,,
exp,-8.407243494041584,0.6369108083363946,,0.43266716599464417,,
log,0.23065550363957094,0.9951658804535848,,0.3959434926509857,,
power,-4.188531990604227,0.9559514356962611,,0.1128062978386879,,
hmult,-6.359172406666346,0.869599176134642,,0.2761870324611664,,
scaling,4.274682548835167,0.9993600175406645,,0.5811157822608948,,
