model,log likelihood,R2 coefficient,normality pearson p-value,normality shapiro p-value,homocedasticity levene p-value,homocedasticity bartlett p-value
linear,-9.244799785689537,0.731398726288089,,0.4724148213863373,,
poly2,-6.364558714663978,0.9363685725492735,,0.5140138268470764,,
poly3,2.2821523569191218,0.9991565444244488,,0.6636953353881836,,
exp,-9.712760546309326,0.6605901390555657,,0.3061429560184479,,
log,-0.1898554635990664,0.9970969675441914,,0.4472571313381195,,
power,-5.133455133222381,0.9656172254244716,,0.40303677320480347,,
hmult,-8.055512262853075,0.8517968059832564,,0.6283692717552185,,
scaling,0.8301972957619019,0.9982567878311249,,0.1597575694322586,,
