model,log likelihood,R2 coefficient,normality pearson p-value,normality shapiro p-value,homocedasticity levene p-value,homocedasticity bartlett p-value
linear,-11.39437027513453,0.617268450102339,,0.4514354467391968,,
poly2,-8.43904173611287,0.9126721383900189,,0.45485419034957886,,
poly3,3.704344865255571,0.9997985116550837,,0.028617536649107933,,
exp,-11.63143555983384,0.5691041249652511,,0.38055703043937683,,
log,-6.221794186824787,0.9711806860636366,,0.8791244626045227,,
power,-7.778227895763451,0.937243469793406,,0.41465550661087036,,
hmult,-10.70042478616566,0.7294759280674136,,0.5599800944328308,,
scaling,2.50513634374111,0.9996330095599283,,0.22044633328914642,,
