c0,c1,rmse,kfold rmse
10.148240937622264,5.559471574370645e-09,13.923435639506069,13.901095139033192
