model,normality p-value,AIC of centered model,BIC of centered model,log likelihood,R2 coefficient,homocedasticity levene p-value,homocedasticity bartlett p-value
linear,,66.03299383062341,68.6381640166115,-32.016496915311706,-0.21474350942893383,0.03811433092042891,0.017590146672394315
poly2,,66.03304051157518,68.63821069756327,-32.01652025578759,-0.21474917998048637,0.038114331069213615,0.017590146804627456
poly3,,66.03334122855482,68.6385114145429,-32.01667061427741,-0.21478571010018865,0.03811433129499002,0.017590147005287365
exp,,65.17808047303035,67.78325065901845,-31.589040236515178,-0.11520875923112839,0.06721631911916695,0.0448945774706782
log,,65.52191965218019,68.12708983816827,-31.760959826090094,-0.15422085660245255,0.016649628945213987,0.0015220939965551793
power,,63.27075642267472,65.87592660866281,-30.63537821133736,0.07844313042181317,0.13988291431526378,0.08229926729049745
hmult,,63.27745802236244,65.88262820835052,-30.63872901118122,0.07782533291041771,0.15196186005197754,0.09186150584458255
