model,normality p-value,AIC of centered model,BIC of centered model,log likelihood,R2 coefficient,homocedasticity levene p-value,homocedasticity bartlett p-value
linear,,56.64138592078548,59.246556106773575,-27.32069296039274,-1.4496668084503042,0.07491463458669514,0.019837731950158498
poly2,,56.64138592078548,59.246556106773575,-27.32069296039274,-1.4496668084503042,0.07491463458669514,0.019837731950158498
poly3,,56.64138592078548,59.246556106773575,-27.32069296039274,-1.4496668084503042,0.07491463458669514,0.019837731950158498
exp,,56.64138592078548,59.246556106773575,-27.32069296039274,-1.4496668084503042,0.07491463458669514,0.019837731950158498
log,,54.857252178752816,57.46242236474091,-26.428626089376408,-1.049382738326171,0.0674231716541817,0.016229135128993034
power,,56.64138592078548,59.246556106773575,-27.32069296039274,-1.4496668084503042,0.07491463458669514,0.019837731950158498
hmult,,52.463712360037945,55.06888254602604,-25.231856180018973,-0.6131433432581883,0.07491463458669514,0.019837731950158498
