model,log likelihood,R2 coefficient,normality pearson p-value,normality shapiro p-value,homocedasticity levene p-value,homocedasticity bartlett p-value
linear,-3.8495398962163816,-1.1102230246251565e-15,,0.08933863043785095,,
poly2,-3.8495398962163803,-6.661338147750939e-16,,0.08933863043785095,,
poly3,-3.8495398962163816,-1.7763568394002505e-15,,0.08933863043785095,,
exp,-3.849539896216425,-3.042011087472929e-14,,0.08933863043785095,,
log,-3.84953989621638,-4.440892098500626e-16,,0.08933863043785095,,
power,-3.849539896222981,-4.401590203428896e-12,,0.08933863043785095,,
hmult,-3.84953989621638,-6.661338147750939e-16,,0.08933863043785095,,
