model,normality p-value,AIC of centered model,BIC of centered model,log likelihood,R2 coefficient,homocedasticity levene p-value,homocedasticity bartlett p-value
linear,,19.174317243969213,19.37154182130543,-8.587158621984607,-0.534871643114692,,
poly2,,19.087931289569433,19.28515586690565,-8.543965644784716,-0.4913047967774755,,
poly3,,19.17493993404856,19.372164511384778,-8.58746996702428,-0.5351902592951479,,
exp,,17.94158718851763,18.13881176585385,-7.970793594258815,-0.017691410365807236,,
log,,19.175086680971738,19.372311258307956,-8.587543340485869,-0.5352653559475145,,
power,,17.898700616117463,18.09592519345368,-7.949350308058731,-0.0032464732212200698,,
hmult,,17.89870194152416,18.095926518860377,-7.9493509707620795,-0.003246916457849469,,
