model,log likelihood,R2 coefficient,normality pearson p-value,normality shapiro p-value,homocedasticity levene p-value,homocedasticity bartlett p-value
linear,-9.578543210482183,-0.21961873338040094,,0.609275758266449,,
poly2,-9.578465884343835,-0.21955586272965721,,0.609275758266449,,
poly3,-9.745574653714336,-0.36327867891563725,,0.609275758266449,,
exp,-9.283442167439613,-0.001805896255069328,,0.609275758266449,,
log,-9.501124914647992,-0.1582683627428907,,0.609275758266449,,
power,-9.28095526549843,-0.00014634366467380922,,0.609275758266449,,
hmult,-9.280955868395587,-0.00014674565501149317,,0.609275758266449,,
