train set,test set,c0,c1,rmse,kfold rmse
gov,flores,45.78566997375051,-3.7719971173966185,4.907228228735101,4.957910010944398
gov,bible,57.8112550351105,-9.162853392147213,1.0264285438456153,1.036603213163774
gov,gov,27.679794606731907,0.4379965943471459,9.753206500276614,9.829880069128647
bible,flores,26.27019586316762,-6.881554252084531,0.7343553484613445,0.7492260076543455
bible,bible,16.62511080597909,1.1203582297224317,7.027513389844746,7.1149788960269404
bible,gov,31.97309881583765,-8.972365921298582,0.5293602008505186,0.5430301358732599
