c0,c1,rmse,kfold rmse
10.117644296484942,7.687559184876363e-09,13.928873673961636,13.899752922108709
