train set,c0,c1,rmse,kfold rmse
gov,15.114573652479478,9.247133392672726e-08,14.476826599564582,14.486870420037837
bible,9.490021035645976,6.210278110808868e-08,12.018264253755037,12.026924508898029
