c0,c1,c2,rmse,kfold rmse
1.8521973752185086,-6.672238744911526e-08,-2.363502583431498,13.742806970298343,13.739779186330205
