c0,c1,"c2,1","c2,2","c2,3",rmse,kfold rmse
38.418380080446966,0.19403318245568152,-96.66853886481334,13.934322125129695,51.82187234782731,4.649205143984192,4.607288657667434
