c0,"c1,1","c1,2","c1,3",rmse,kfold rmse
11.34820020661368,2.4599213538566116,0.06349845759665171,-4.0950664896863375e-09,13.70386651621652,13.711334107850742
