c0,"c1,1","c1,2","c1,3",rmse,kfold rmse
7.703687476339469,5.679477239602721,3.938465905660791,2.6270478836299835,13.691018670284057,13.70035879366576
