c0,"c1,1","c1,2","c1,3",rmse,kfold rmse
10.017238125921171,0.03705791556687761,0.0007120780639605356,-2.024024076645374e-09,13.94320980410457,13.90322378913491
