init,kfold rmse of each slice
-1.0,1.3050329923458308,0.6703233050799691,2.732967455203441,2.87606984925223,1.0275104757506164,3.405844649683509,3.265237782736955,1.1606511582344088,4.051090388195919,2.735263546107882,0.7756717518813396,5.225578117937445,0.4198213905936767,2.4131583730326684,0.26770630673681683,0.7359800721939868,3.287286114715299,0.535412613464551,0.7360555534588924,3.3766847646794207,0.6370068898981893
-0.5,1.305032992345799,0.6703233050799691,2.7329674551870093,2.87606984925217,1.0275104757508655,3.405844649683509,3.265237782654967,1.1606511582345067,4.051090388195916,2.735263546107882,0.7756717518813396,5.225578117937445,0.4198213906131881,2.413158373031769,0.26770630673681683,0.7359800721939872,3.287286114987213,0.5354126134736276,0.7360555534589611,3.376684764676805,0.6370068898982002
0.0,1.305032992351319,0.6703233050799691,2.732967455186964,2.8760698492037218,1.0275104757508693,3.405844649683509,3.2652377827315693,1.1606511582345105,4.051090388195916,2.735263546107882,0.7756717518813396,5.225578117937445,0.4198213905936853,2.4131583730595874,0.26770630673681683,0.7359800721903417,3.2872861147152994,0.5354126134736336,0.7360555534588638,3.376684764676888,0.6370068898982002
0.5,1.3050329923496646,0.6703233050799691,2.732967455187027,2.876069849252175,1.0275104757508693,3.4058446496861294,3.2652377827308694,1.1606511582345105,4.051090388195916,2.735263546107882,0.7756717518813396,5.225578117937445,0.41982139069352997,2.413158373031769,0.26770630673681683,0.7359800721939872,3.287286114732189,0.5354126134736283,0.7360555534589613,3.376684764676743,0.6370068898982001
1.0,1.3050329923459314,0.6703233050799691,2.7329674551987737,2.8760698492522354,1.0275104757508677,3.4058446496960713,3.2652377825168086,1.1606511582345043,4.051090388195916,2.735263546107882,0.7756717518813396,5.225578117937445,0.41982139062383134,2.413158373031867,0.26770630673681683,0.7359800721939871,3.2872861147301973,0.5354126134735847,0.7360555534586818,3.3766847646767473,0.6370068898982002
