model,normality p-value,AIC of centered model,BIC of centered model,log likelihood,R2 coefficient,homocedasticity levene p-value,homocedasticity bartlett p-value
linear,,31.22496347125224,32.443839296120444,-14.61248173562612,-0.4475732642685111,0.18629845264262168,0.36594528036883234
poly2,,33.01416710257093,34.23304292743913,-15.507083551285465,-1.0703740051965522,0.1863283415980706,0.36593905589440867
poly3,,31.228922130649927,32.447797955518126,-14.614461065324964,-0.44871980798751276,0.18630303674597296,0.3659443252716267
exp,,32.20953137626924,33.42840720113744,-15.10476568813462,-0.7626213854946242,0.5919890446049433,0.5415509140848439
log,,31.223846064430926,32.44272188929913,-14.611923032215463,-0.4472497947665899,0.18629845094685188,0.3659452807221747
power,,35.34284687760704,36.56172270247524,-16.67142343880352,-2.298491440806583,0.8083583535946961,0.9217993889726289
hmult,,34.15449503779408,35.37337086266228,-16.07724751889704,-1.6007369751424143,0.43209017619219686,0.6595276140047308
