model,log likelihood,R2 coefficient,normality pearson p-value,normality shapiro p-value,homocedasticity levene p-value,homocedasticity bartlett p-value
linear,-8.199988730413864,-4.159151193633954,,0.4178089201450348,0.32931629254538475,0.4670882527147945
poly2,-8.199988730413864,-4.159151193633954,,0.4178089201450348,0.32931629254538475,0.4670882527147945
poly3,-8.199988730413864,-4.159151193633954,,0.4178089201450348,0.32931629254538475,0.4670882527147945
exp,-8.199988730413864,-4.159151193633954,,0.4178089201450348,0.32931629254538475,0.4670882527147945
log,-8.199988730413864,-4.159151193633954,,0.4178089201450348,0.32931629254538475,0.4670882527147945
power,-8.199988730413864,-4.159151193633954,,0.4178089201450348,0.32931629254538475,0.4670882527147945
hmult,-4.214660002535301,-0.047745358090185874,,0.4178089201450348,0.32931629254538475,0.4670882527147945
