model,log likelihood,R2 coefficient,normality pearson p-value,normality shapiro p-value,homocedasticity levene p-value,homocedasticity bartlett p-value
linear,-14.399771733966467,-0.45121186135746294,,0.333570659160614,0.060469354486889955,0.27857747629215157
poly2,-14.53935455540985,-0.5345422105742843,,0.3335709571838379,0.06046944802106647,0.27857686942283927
poly3,-13.629077159133242,-0.06622155716960032,,0.3326893746852875,0.06061349952716873,0.2776867125477651
exp,-14.581180159497599,-0.560431435182702,,0.5847522616386414,0.5816643946853118,0.46983181018593423
log,-14.263145374523354,-0.37403055294745813,,0.333570659160614,0.06046935447473918,0.27857747637099106
power,-16.346422542678226,-2.1615401474977403,,0.9580851197242737,0.7376552117763067,0.8777462917777886
hmult,-15.991616918333188,-1.7432327139734998,,0.9229753613471985,0.45725109344281556,0.6930132803267455
