model,log likelihood,R2 coefficient,normality pearson p-value,normality shapiro p-value,homocedasticity levene p-value,homocedasticity bartlett p-value
linear,-13.79469480115797,-0.5586374446803763,,0.874294638633728,0.9289716137016674,0.9343190492537305
poly2,-13.162589580871108,-0.21042304029552428,,0.8740631341934204,0.9287438276701251,0.934592187322159
poly3,-13.967170335890334,-0.6699642526360872,,0.874294638633728,0.9289716152505004,0.9343190473963366
exp,-12.803473025324811,-0.04846091789758811,,0.195295050740242,0.29501404002183845,0.43533362252626495
log,-13.718034171244454,-0.5115683508146451,,0.874294638633728,0.9289716136335167,0.9343190493354563
power,-15.10688764463313,-1.634488759725139,,0.7734223008155823,0.8694938827447785,0.8280258145710987
hmult,-15.736267462675494,-2.388682054467134,,0.7971855401992798,0.7926892377393401,0.7788466209080098
