model,log likelihood,R2 coefficient,normality pearson p-value,normality shapiro p-value,homocedasticity levene p-value,homocedasticity bartlett p-value
linear,-14.61248173562612,-0.4475732642685111,,0.29732102155685425,0.18629845264262168,0.36594528036883234
poly2,-15.507083551285465,-1.0703740051965522,,0.297291100025177,0.1863283415980706,0.36593905589440867
poly3,-14.614461065324964,-0.44871980798751276,,0.29731592535972595,0.18630303674597296,0.3659443252716267
exp,-15.10476568813462,-0.7626213854946242,,0.6429832577705383,0.5919890446049433,0.5415509140848439
log,-14.611923032215463,-0.4472497947665899,,0.29732102155685425,0.18629845094685188,0.3659452807221747
power,-16.67142343880352,-2.298491440806583,,0.9739226698875427,0.8083583535946961,0.9217993889726289
hmult,-16.07724751889704,-1.6007369751424143,,0.9220431447029114,0.43209017619219686,0.6595276140047308
