model,normality p-value,AIC of centered model,BIC of centered model,log likelihood,R2 coefficient,homocedasticity levene p-value,homocedasticity bartlett p-value
linear,,31.16047266313195,32.379348488000154,-14.580236331565976,-0.41565011541510777,0.056387453630619054,0.2999878742266422
poly2,,31.256155872052453,32.47503169692065,-14.628077936026227,-0.44300177936127083,0.05638744106989675,0.299987847830275
poly3,,31.175247588991795,32.394123413859994,-14.587623794495897,-0.4198395272913682,0.05469089579702291,0.2963667124650696
exp,,30.123944996685093,31.342820821553293,-14.061972498342547,-0.15059976109984263,0.6031071543806145,0.31668243416850633
log,,30.867414627441054,32.08629045230926,-14.433707313720527,-0.3350613741843649,0.056387453694052535,0.2999878743599476
power,,36.144470496244274,37.36334632111247,-17.072235248122137,-2.835839968129288,0.9250616258726849,0.8154798157492089
hmult,,33.41701151578749,34.6358873406557,-15.708505757893748,-1.2230867134841819,0.5805898170247493,0.7437181771163113
