model,normality p-value,AIC of centered model,BIC of centered model,log likelihood,R2 coefficient,homocedasticity levene p-value,homocedasticity bartlett p-value
linear,,19.197768894448785,19.394993471785003,-8.598884447224393,-0.546917087133399,,
poly2,,19.174776103599626,19.372000680935844,-8.587388051799813,-0.5351064246144897,,
poly3,,19.551205448518814,19.748430025855033,-8.775602724259407,-0.740332451294873,,
exp,,20.0287780845911,20.226002661927318,-9.01438904229555,-1.0406472513957103,,
log,,19.17288133519224,19.37010591252846,-8.58644066759612,-0.5341371736792733,,
power,,9.845744536697762,10.042969114033982,-3.922872268348881,0.9315106813736732,,
hmult,,15.54133877759347,15.73856335492969,-6.770669388796735,0.5427596355240693,,
