train set size,c0,c1,rmse,kfold rmse
1,3.2069549055998983,-0.8289234067378939,8.0888391901709,8.102821269871077
10,9.69161772253361,-0.325047794695365,13.542639966073068,13.569540951769975
25,11.087781925911969,-0.3234303906412603,15.164695384716964,15.19579203147164
50,13.5180020023614,-0.40358931407813325,17.23188259528766,17.36560850521296
