c0,c1,rmse,kfold rmse
8.741300488529339,0.482491748737211,13.26774453600467,13.279723238520697
