train set size,c0,c1,rmse,kfold rmse
1,4.7522733559149355,-1.5769388896673915e-09,8.490029032513148,8.453460185698484
10,10.80990279713881,-2.2315284605793108e-09,13.780979139069085,13.7119288591748
25,12.909607862642066,-1.976440960468335e-09,15.348208324211962,15.31717536609047
50,17.047331727131713,9.721221232859393e-09,17.41507468490407,17.999090798700237
