train set,c0,c1,rmse,kfold rmse
gov,10.712461761789127,6.526251894951667,14.47014181620015,14.4863705821894
bible,3.935746253373108,8.241547920036018,12.006511913256954,12.02253866772057
