c0,c1,rmse,kfold rmse
10.098666935780924,4.1698671493643295e-10,13.93227927559142,13.904006902280779
