,pareto,rawlsian,mean,min,25%,50%,75%,max
linear,True,False,7.144189506646921,0.0415149428202404,0.6560550783690415,5.127737080629573,15.078523498041942,21.84398030103728
poly2,True,False,8.33663637176716,0.0134341797819729,0.7028402775582635,7.838888888888894,15.062246249081952,501.4868265594022
poly3,True,False,17.18672387909988,0.0092679613267679,0.7500353452502804,12.082241330653398,15.059724859003836,2617.03990255848
exp,True,False,8.527245942059238,0.01736814092568,0.6863719407682636,7.265266911610863,15.07576248591755,246.6032919018249
log,True,True,7.115398515634819,0.0004253889796233,0.6808891088878708,5.4162672234500935,15.079730622713104,19.712832387974707
power,True,False,48.307719591336216,0.0275515444847856,0.7287345144526878,6.455977136701095,15.074778148749918,18108.547861685005
mult,True,False,48.312583391477155,0.0032811777759978,0.567523399637549,6.455977136701095,15.07890642022268,18108.547861685005
hybrid_mult,True,False,9.241810680531897,0.0080673850328894,0.5008647949136824,6.710880999478699,15.076902590936577,641.6484774749381
am,True,False,7.171566916091325,0.0577350269189595,0.7998750573828752,5.127737080629573,15.102380628120255,21.84398030103728
gm,True,False,7.179107893127332,0.0577350269189595,0.8161324374257817,5.127737080761252,15.10526330759415,21.84398030103728
hm,True,False,7.1961499667424285,0.0577350269189595,0.7830992190782954,5.127737081086632,15.10874129388857,21.843980301037263
