init,kfold rmse of each slice
-1.0,0.498804848768114,0.10142466344212538,1.6341510348676043,0.12052455782013075,0.1371613500397031,1.025219398823112,0.13352745140124733,0.2768383318797036,1.5465111414059027,1.5553692303365686e-14,1.2819751242557092e-16,4.1023203976182695e-15,0.21773242158072698,0.8230812307739186,0.07348469228349536,0.15350135721441263,0.943039022562608,0.14061885560421947,0.1503746397758727,0.487749435204858,0.10717260679091808
-0.5,0.49880497361475784,0.10142475048956925,1.634150940203395,0.1205245273305088,0.1371613644685412,1.0252195144367446,0.13352745282989067,0.2768385714227711,1.5465111372433629,1.0255800994045674e-15,9.541124989296966e-13,7.105427357601002e-15,0.21773242158072698,0.8230812307739382,0.07348469228349534,0.15350135721441271,0.9430390225626094,0.14061885560421947,0.15037454909638986,0.4877494297364235,0.10717264299558535
0.0,0.49880516823416826,0.10142477425837651,1.634147152784171,0.12052455712403916,0.13716136454279998,1.0252196326941925,0.13352744040636447,0.27683832578967493,1.5465111609750948,4.1023203976182695e-15,3.4159285057498105e-15,0.0,0.21773242158072698,0.8230812307739164,0.07348469228349531,0.15350135721441244,0.9430390225626094,0.14061885560421938,0.15037454471855646,0.48774944352521693,0.10717252696244041
0.5,0.4988049288870788,0.10142475762599994,1.6341513889336226,0.12052455679032054,0.13716135940386953,1.0252194159672037,0.13352745328437218,0.2768385573110441,1.5465111857211375,3.837369354665453e-15,3.6259732146947156e-16,4.1023203976182695e-15,0.2177324215807269,0.8230812307739179,0.07348469228349534,0.15350135721441255,0.9430390225626094,0.14061885560421944,0.15037457837816054,0.48774942201818344,0.10717263109399072
1.0,0.49880516200847214,0.10142477873895933,1.6341523303922973,0.12052455844909415,0.13716138326164637,1.025219390199208,0.1335274537914435,0.27683854020522564,1.546511180763581,4.699798436761765e-15,4.266820745045133e-14,1.788160004724363e-14,0.2177324215807269,0.8230812307739396,0.07348469228349534,0.15350135721441255,0.9430390225626094,0.14061885560421947,0.15037450121315332,0.4877494318114682,0.1071725655241468
