c0,c1,c2,rmse,kfold rmse
3.5449410729513056,-1.970046886024245,-1.8582493510254288e-07,14.002608117765705,14.031256847847576
