init,kfold rmse of each slice
-1.0,1.883928163030914,0.6939060514552874,3.36932799506584,1.832485577074966,0.8562706908840318,1.2706681002424287,2.17425722138914,1.042925633561573,1.4963934446762388,0.25727880766238337,8.208645989907719e-16,1.3991325808394188,0.5930486717867367,2.2734654563135384,0.320069447865347,0.7883168664315074,2.340622939061949,0.5849141812947446,0.7017829007279082,2.264186791446537,0.6462386614579426
-0.5,1.883928154136428,0.6939066217451159,3.369328182278415,1.83248569622433,0.8562706912177789,1.2706729134153196,2.1742571762867433,1.0429256338095665,1.496380578348558,0.2572788052023997,0.0,1.399132429706642,0.521755458286571,2.273488908203331,0.32006944146060357,0.7883169547433065,2.3406668210691137,0.5849141425666183,0.7017829001198163,2.2641717751596775,0.6462386977923489
0.0,1.8839281763286981,0.69390661873729,3.3693280321777523,2.8608556223165658,0.8562706835994359,1.2706698393817275,2.17425706452297,1.042925634513194,1.496385371189057,0.2572788082671414,8.208645989907719e-16,1.399133524057809,0.521755521239587,2.2734973042347506,0.3200693833866199,0.7883166972713668,2.3406021905671635,0.5849141292456028,0.7017828987873596,2.264157223080362,0.6462386653510925
0.5,1.8839281615100545,0.6939066179463109,3.369328096666425,1.8324858475303893,0.8562706920403823,1.2706689052378404,2.174257141891288,1.042925633325052,1.4963819544232846,0.25727880536956976,0.0,1.3991333333643168,0.5217554750047556,2.2734926750144755,0.3200694246524672,0.7883169083111147,2.3407141077856877,0.5849142008363633,0.7017828980047564,2.2641666812603947,0.6462387015479977
1.0,1.8839281486464936,0.6939066222147693,3.3693281438310847,1.8324857702211121,0.8562706914692644,1.2706741463852282,2.1742571350685607,1.042925633829047,1.4963935272340836,0.25727880787684887,3.1401849173675503e-16,1.39913301922078,0.5217555096007854,2.2734604821911457,0.32006944108712304,0.7883168699303144,2.340609668165658,0.5849144536582335,0.7017828975975371,2.2641558325476563,0.6462387046992337
