init,rmse of each slice
-1.0,1.8807142969360613,0.6936863310827712,3.3693233090927985,1.81732089456431,0.8557102449597658,1.2529146280636898,2.157918739460946,1.0428614302548738,1.465779886104987,0.24385077017877926,3.1401849173675503e-16,1.3461844540489605,0.5851933618235252,2.167995451515293,0.3172881000501372,0.7802871626819767,2.0324025517821345,0.5802224207386756,0.7017441475233707,2.238895000618468,0.6457207723177487
-0.5,1.88071429664106,0.6936863316708868,3.369323315658673,1.817320894423303,0.8557102449473439,1.2529146183468995,2.1579187391940864,1.0428614297562422,1.4657798867777618,0.2438507702564857,4.053961296325412e-16,1.346184453922236,0.5208972387800708,2.1679954497889065,0.3172881000719543,0.7802871626783912,2.0324025532648538,0.5802224207340526,0.701744147086309,2.2388950007686175,0.6457207723710924
0.0,1.8807142967201924,0.6936863310144119,3.3693233084908583,2.8183496079672,0.8557102450039039,1.2529146182412907,2.1579187402179865,1.0428614297279786,1.4657798863527778,0.24385076999999217,5.285718846720614e-16,1.3461844541896208,0.52089723895901,2.167995450250365,0.3172881000712275,0.7802871626138227,2.0324025520251556,0.580222420740247,0.7017441471253768,2.2388949997261856,0.6457207723440446
0.5,1.8807142967843051,0.6936863309627107,3.3693233088417194,1.8173208947290147,0.8557102449923897,1.252914618284066,2.1579187390365564,1.0428614299862353,1.4657798868650465,0.24385076998812882,1.8129866073473578e-16,1.3461844545098152,0.5208972388305548,2.1679954544848816,0.31728810004555125,0.780287162611244,2.0324025528926866,0.5802224207465614,0.7017441470979525,2.2388950001333394,0.6457207723566589
1.0,1.8807142968513013,0.693686330975715,3.369323308640697,1.8173208943604815,0.8557102449474063,1.2529146181959083,2.1579187390973025,1.0428614299267664,1.4657798864089855,0.24385076999071545,3.1714313080323688e-15,1.346184453741435,0.5208972391355551,2.167995451958237,0.31728810004491914,0.7802871626898108,2.032402552818374,0.5802224207791211,0.7017441470992577,2.238895003461495,0.6457207723930621
