c0,c1,c2,c3,rmse,kfold rmse
1.9624797238760623,-0.7308627588224941,-2.0077501468713594e-07,-1.410802689251124,13.842682066426224,13.835898206770729
