c0,c1,rmse,kfold rmse
10.108926428860974,2.7803358715363035e-08,13.930435039228225,13.900967640528378
