c0,c1,c2,c3,rmse,kfold rmse
10.31158498688694,-3.799830205203974e-09,-0.00810219347279832,-0.007196561424853372,13.896247242613253,13.984113738490029
