c0,c1,rmse,kfold rmse
10.05744019939671,2.297937237004585e-09,13.939763819388112,13.909498015224923
