c0,c1,c2,c3,c4,rmse,kfold rmse
2.997921793529894,-0.0003955055911343403,-3.7692611174454466e-08,-2.043123735773832e-11,-0.00044584096387328487,13.718230969940143,13.714501245501282
