c0,c1,rmse,kfold rmse
10.040487198130094,-1.352383038369268e-09,13.942875771561786,13.899513142230996
