train set,test set,c0,c1,rmse,kfold rmse
gov,flores,1.5316678236441004,-1.9526402319710823,5.013456631417545,5.021450583150806
gov,bible,0.0,0.0,2.271685619876913,2.271685619876913
gov,gov,9.611652190336798,-1.2128923232029019,11.095699299053257,11.16860536951684
bible,flores,0.0,0.0,2.2374092160353682,2.2374092160353682
bible,bible,7.386184262812055,-1.1988117302805936,8.614287517860753,8.614935961308145
bible,gov,0.0,0.0,1.3576941236277535,1.3576941236277535
