model,normality p-value,AIC of centered model,BIC of centered model,log likelihood,R2 coefficient,homocedasticity levene p-value,homocedasticity bartlett p-value
linear,,105.10128744153798,108.5173878437424,-51.55064372076899,-0.11798227943981865,0.2663055116068705,0.5075821181748353
poly2,,105.57717355676523,108.99327395896965,-51.788586778382616,-0.15401973045727035,0.33423280794835936,0.5497190971734637
poly3,,106.13769869548108,109.5537990976855,-52.06884934774054,-0.19795939840450072,0.42422766419117786,0.5914890425995836
exp,,107.78017097765664,111.19627137986106,-52.89008548882832,-0.33658487514802005,0.8783359713782583,0.7277475514343106
log,,105.17480707938631,108.59090748159073,-51.587403539693156,-0.12347530677634988,0.2663055116021327,0.5075821181709559
power,,104.05956654063851,107.47566694284293,-51.02978327031926,-0.04297526898590642,0.2390201438534626,0.303900152080203
hmult,,106.81602611612055,110.23212651832497,-52.40801305806028,-0.2533769090814122,0.26630551160552673,0.5075821181737323
