model,log likelihood,R2 coefficient,normality pearson p-value,normality shapiro p-value,homocedasticity levene p-value,homocedasticity bartlett p-value
linear,-51.55064372076899,-0.11798227943981865,0.8747000242755156,0.9466938376426697,0.2663055116068705,0.5075821181748353
poly2,-51.788586778382616,-0.15401973045727035,0.9215046825511842,0.9946484565734863,0.33423280794835936,0.5497190971734637
poly3,-52.06884934774054,-0.19795939840450072,0.949025725372421,0.9992049932479858,0.42422766419117786,0.5914890425995836
exp,-52.89008548882832,-0.33658487514802005,0.9575746389093097,0.9991570711135864,0.8783359713782583,0.7277475514343106
log,-51.587403539693156,-0.12347530677634988,0.8747000242701242,0.9466938376426697,0.2663055116021327,0.5075821181709559
power,-51.02978327031926,-0.04297526898590642,0.3486022149487235,0.47682759165763855,0.2390201438534626,0.303900152080203
hmult,-52.40801305806028,-0.2533769090814122,0.8747000242739877,0.9466938376426697,0.26630551160552673,0.5075821181737323
