model,normality p-value,AIC of centered model,BIC of centered model,log likelihood,R2 coefficient,homocedasticity levene p-value,homocedasticity bartlett p-value
linear,,136.3044281417466,140.08517165753892,-67.1522140708733,-0.06755991662408412,0.20202059675579104,0.23677285117053692
poly2,,136.70253367655286,140.48327719234518,-67.35126683827643,-0.09143415144060896,0.21209558524393046,0.26071851599462903
poly3,,137.13594462669656,140.91668814248888,-67.56797231334828,-0.11803306877433961,0.21199571496833938,0.2603784610670703
exp,,139.2973753400752,143.07811885586753,-68.6486876700376,-0.26067896492590004,0.5780302770316237,0.4154923727512968
log,,136.2700216597677,140.05076517556003,-67.13501082988385,-0.06552125560836708,0.2020205967441458,0.23677285115437557
power,,135.6413440531566,139.4220875689489,-66.8206720265783,-0.02894868582850063,0.05065319740606009,0.16604197067164966
hmult,,136.26936199551793,140.05010551131025,-67.13468099775896,-0.06548220708613495,0.20202059690516966,0.2367728513778443
