c0,c1,c2,c3,c4,rmse,kfold rmse
5.345108165783602,-0.0001945123606929427,0.0003875396157831792,-1.8955174022825405e-09,-4.840775867635704,13.944904138577767,13.9050547837699
