c0,c1,rmse,kfold rmse
10.118628814574055,-2.2501631442109097e-09,13.928697680223374,13.899592374279278
