c0,c1,c2,c3,c4,rmse,kfold rmse
5.223241936680003,0.818570285728434,0.0002540241883172523,-2.9564259018004457e-09,4.468153230360511,13.993917709974324,13.906406166101338
