model,mean,min,25%,50%,75%,max
linear,13.513644901687158,12.262118575601086,12.887881738644122,13.513644901687158,14.139408064730192,14.765171227773228
poly2,13.500982784004442,12.21904014255227,12.860011463278356,13.500982784004442,14.14195410473053,14.782925425456616
poly3,13.531384680786541,12.258501271670845,12.894942976228693,13.531384680786541,14.167826385344387,14.804268089902235
exp,13.272467512633149,12.016952081918207,12.644709797275679,13.272467512633149,13.90022522799062,14.527982943348093
log,13.47653804297715,12.196404297985035,12.836471170481094,13.47653804297715,14.116604915473207,14.756671787969266
power,13.315519258961414,12.058490196760644,12.68700472786103,13.315519258961414,13.944033790061798,14.572548321162184
hmult,13.335003402445459,12.072407598078325,12.703705500261892,13.335003402445459,13.966301304629027,14.597599206812594
