c0,"c1,1","c1,2","c1,3",rmse,kfold rmse
14.412799209933642,-2.9255657322355506,-3.777061636268642,-2.2947050830893514,13.7021873763747,13.715798860934896
