init,kfold rmse of each slice
-1.0,6.358389842764979e-15,1.088075206690108e-15,1.526013562263595e-14,5.387957062944473e-15,8.655895659242574e-15,1.1121753006547783e-14,4.973799150320701e-14,2.1320907500235725e-15,1.2710574864626037e-14,4.450923918011782e-09,9.537908106052428e-13,4.005547441371123e-09,0.2852557674840644,0.9791521611849315,0.2236637810891421,0.55196143480253,1.324694174056258,0.5405772391520087,1.1139913875456149e-14,1.0173423748423966e-14,4.487828537992952e-15
-0.5,7.149698361352146e-15,2.4320000215948576e-13,1.2229800800908567e-14,1.507288760336424e-14,1.3100662739150066e-13,1.0658141036401503e-14,1.3029307994040272e-14,1.8604104981581858e-15,1.4904470165364382e-14,3.78822956738296e-08,6.1705418441119094e-12,1.0884396455632084e-09,0.18299260171368437,0.5864402739218472,0.29139833970477136,0.6651360046044608,1.9511263052871448,0.5645206472791633,1.502702346173435e-15,1.0775914125888946e-14,1.1256588421947612e-15
0.0,2.6046504151038584e-15,1.916903821138477e-15,5.997670987815032e-15,8.062390376942274e-15,4.783244865333381e-15,3.552713678800501e-15,1.6982565970688938e-14,1.756820506391364e-15,4.4938668397781774e-15,5.518786095049965e-08,6.166640458817344e-12,4.76586497938724e-11,0.34796991849866626,1.5185587613029954,0.30495711945478077,0.7009582108848298,0.2232708290795717,0.5174605616000901,1.9166449907032724e-14,6.198441862910724e-14,2.9745607783971395e-14
0.5,1.9316604467906326e-14,1.8459857546581986e-15,2.011287826735236e-14,1.5668232628627226e-14,6.951409485253259e-14,1.1995341975630064e-14,8.481987653619656e-15,1.717081137647121e-15,1.1457157353758234e-14,5.264213157049091e-09,5.436399933163165e-10,8.054546463774882e-10,0.4859281149266979,1.4387905938234824,0.2918520720421116,0.7606487221764712,1.9833304300121108,0.6008638252976748,5.468052966542396e-14,1.156679772130055e-14,1.3990572258058766e-15
1.0,1.0691395847433795e-14,3.478118060256244e-15,1.0048591735576161e-14,4.3692601097152e-15,9.704136775662135e-16,1.0173423748423966e-14,1.2409095402129097e-14,2.0008670855398253e-15,1.3481600519334531e-14,2.1431358218313884e-10,9.331227185065247e-11,2.27100779055306e-09,0.37459138704737666,1.597922663309855,0.2642822765239418,0.7980053557103702,2.2240037833017237,0.6076930636989427,3.1067523864327175e-14,9.79415571016078e-15,1.2928259909736572e-15
