c0,c1,c2,c3,c4,rmse,kfold rmse
7.703016178978849,1.6045039710302807e-11,0.00048709988422701334,3.000556109853251,7.759874635902943e-05,13.993831482057992,13.93296024704352
