c0,c1,c2,rmse,kfold rmse
6.864747398652712,-4.139782218762842,-7.054392934464334e-09,13.978258625086468,13.898322742953182
