c0,c1,c2,c3,c4,rmse,kfold rmse
3.583649210924475,-1.7599352648174715,-0.13049651457332137,-9.52101306424791e-08,-6.008330801334958e-09,14.009213455003387,14.030794073734155
