c0,c1,rmse,kfold rmse
10.106127712082682,-9.627907697693108e-10,13.930937410267786,13.91368761805275
