model,log likelihood,R2 coefficient,normality pearson p-value,normality shapiro p-value,homocedasticity levene p-value,homocedasticity bartlett p-value
linear,-16.847685874163275,-0.017936357044248785,0.10382465745236734,0.03836112841963768,0.046359407889645,0.013260703037966514
poly2,-16.748525551954952,-0.004566416690433561,0.10382466265814644,0.03836112841963768,0.04635940733894735,0.013260703517941074
poly3,-16.7493269143731,-0.004673758661368321,0.10381878936726438,0.038358576595783234,0.046358207158375596,0.013260162063955843
exp,-16.765722244456786,-0.006872422026520164,0.10382465741896729,0.03836112841963768,0.046359407882810365,0.013260703034887064
log,-16.748761481286103,-0.004598018078515453,0.10382465740276876,0.03836112841963768,0.0463594078794956,0.013260703033393537
power,-16.74230197890517,-0.0037331634620521026,0.10382465725508153,0.03836112841963768,0.04635940784927418,0.013260703019776703
hmult,-16.74880656957033,-0.0046040575101322645,0.10382465730924631,0.03836112841963768,0.04635940786035792,0.013260703024770715
