model,log likelihood,R2 coefficient,normality pearson p-value,normality shapiro p-value,homocedasticity levene p-value,homocedasticity bartlett p-value
linear,-21.146233514163487,-0.0025525820759086937,0.322419164088227,0.2938031554222107,0.384714823296958,0.22942692206930093
poly2,-21.342532084394605,-0.029138940449443318,0.3270916768154916,0.30412042140960693,0.3505345815374124,0.23085294519716631
poly3,-21.354831695882464,-0.03082805965615365,0.32678494414470144,0.30399245023727417,0.35201633350567013,0.23073218970590553
exp,-21.1526393370276,-0.003409237763167816,0.3225027356027351,0.2943708002567291,0.38356956618487287,0.2294326668155195
log,-21.146335112157832,-0.002566163145437894,0.3224191640571174,0.2938031554222107,0.3847148237351238,0.2294269220676111
power,-21.148152171723265,-0.002809088896516432,0.32241916401033566,0.2938031554222107,0.384714824394059,0.22942692206507
hmult,-21.146628550304115,-0.002605389400323066,0.3224191640497879,0.2938031554222107,0.38471482383837996,0.2294269220672135
