train set,c0,c1,rmse,kfold rmse
gov,14.244037320985246,-13.523594618597919,14.416336480562798,14.438782900066261
bible,9.489924866804362,-1.2579535910884914e-05,12.01826460200024,12.019927885611121
