init,rmse of each slice
-1.0,1.6328889013749428,0.5050646683382329,3.227613409754456,2.5043635352155285,0.8116868275279535,1.4371847668385536,2.840703560985997,0.8522620995109311,1.462019151867626,0.0,9.237340233065257e-15,1.6733376307648526,0.37478115577555937,1.8579558670004896,0.28528364580788484,0.5587895579059978,1.3552367585222476,0.46975084129490535,0.5499281748787951,1.617868972503476,0.5595005186778313
-0.5,1.6328889013732173,0.5050646681830978,3.2276134107675314,2.504363535472624,0.8116868275400158,1.4371847481173465,2.8407035608696134,0.8522620995128712,1.462019151900417,1.1951418935507945e-13,5.127900497022837e-16,1.6733376310978447,0.37478115577426463,1.8579558814199533,0.28528364581358173,0.5587895580693025,1.355236757970927,0.4697508412648312,0.5499281749285283,1.6178689709665501,0.5595005186620411
0.0,1.632888901387691,0.5050646682732293,3.2276134108679715,2.504363535265646,0.8116868275311296,1.4371847653900347,2.840703560704602,0.8522620995137327,1.4620191517282728,0.0,5.3964909973434605e-15,1.6733376307670862,0.3747811557781208,1.8579558899446202,0.2852836458044276,0.5587895578994349,1.3552367570145794,0.4697508412620034,0.5499281748256891,1.6178689821918764,0.5595005188118447
0.5,1.6328889013985106,0.5050646680907023,3.2276134108758634,2.504363535506617,0.8116868275634436,1.4371847645076243,2.840703561403157,0.8522620995566009,1.4620191578057984,0.0,4.440892098500626e-16,1.6733376307528436,0.3747811557943693,1.8579558722422198,0.28528364580447657,0.5587895578903121,1.3552367668116376,0.469750841262562,0.5499281748936359,1.6178689754985993,0.5595005186701004
1.0,1.632888901390432,0.5050646681522006,3.227613407937259,2.5043635352496785,0.8116868275300312,1.4371847510704012,2.8407035611557743,0.8522620995104119,1.4620191704028453,3.5065242015484274e-14,0.8730533912576574,1.6733376307517163,0.3747811558112781,1.8579558786878592,0.23804766169911218,0.558789557583635,1.3552367677088362,0.46975084130041544,0.549928174865071,1.6178689814568243,0.5595005186823152
