c0,c1,rmse,kfold rmse
10.10857951296374,7.3085924312424325e-09,13.930497282397955,13.901276066671963
