train set size,c0,"c1,1","c1,2","c1,3",rmse,kfold rmse
1,4.722884035025701,-6.535612391125667e-10,8.560365969561398e-07,2.4576011914249784e-07,8.49862933621407,8.537320582415505
10,10.811237886452284,1.1982665279532306e-06,2.843806097824397e-06,-1.0275659358039465e-09,13.780736702364123,13.712987762002111
25,12.70648282160744,-1.1165871932497205e-09,4.212716718299643e-07,1.0242824481158257e-05,15.379875627833696,15.32762923222405
50,17.337314050348503,-1.5868104967660102e-09,-0.2463496435333682,0.032689171472933244,17.385030305824078,18.005672653483664
