c0,c1,rmse,kfold rmse
10.116237777979567,-2.6984839732674925e-09,13.929125224703151,13.910355730498052
