train set,c0,c1,rmse,kfold rmse
gov,16.037393518721704,-1.6499750455563191,14.476622891221226,14.497271123873826
bible,7.089040482555249,4.6498676907059995,12.017118671250504,12.034092268430648
