c0,c1,rmse,kfold rmse
10.052824530063862,-1.128141841244467e-09,13.940609114426062,13.910271205044266
