c0,c1,c2,rmse,kfold rmse
8.354578924596485,-4.401830339855555e-10,2.3125328099540052,13.958776291186153,13.926797449235263
