train set,c0,"c1,1","c1,2","c1,3",rmse,kfold rmse
gov,9.692615424707473,6.489822215752331,4.229857376282919,2.7068213240961114,14.461536119517609,14.476503820832011
bible,5.7771408370916095,4.3446417255259515,3.0446434215181437,2.0476366816594016,12.009039805195204,12.023650975170975
