train set,c0,c1,rmse,kfold rmse
gov,12.817786131736826,1.1653671310356056e-10,14.6657603916026,14.77277188351007
bible,7.038600691390181,-1.037558204861269e-09,12.27571489899114,12.235823738918318
