train set,c0,c1,rmse,kfold rmse
gov,2.4331974037209267,3.1637409585488165,14.551457747803513,14.56568112163892
bible,1.957781090175709,2.689848397775668,12.044343639544476,12.035903885565396
