model,log likelihood,R2 coefficient,normality pearson p-value,normality shapiro p-value,homocedasticity levene p-value,homocedasticity bartlett p-value
linear,-6.287620424964563,-0.0034613906346538936,,0.12019664794206619,0.0040039816817750845,0.07782610248521082
poly2,-6.2872961437963175,-0.003331237623252825,,0.12019664794206619,0.0040039801116208045,0.07782609183233029
poly3,-6.291091857785289,-0.004855738009572841,,0.11962893605232239,0.003936330249577469,0.07736540513589475
exp,-6.282621294871605,-0.0014568219085624445,,0.12019664794206619,0.0040039817320558346,0.0778261028270455
log,-6.255531968913376,0.009336113930328072,,0.10974768549203873,0.0029022582936886437,0.06951865335474354
power,-5.844925840549336,0.1593857630951706,,0.026658091694116592,0.00013415979242710005,0.01582724109344603
hmult,-5.961133249171386,0.11938914288057279,,0.03609571233391762,0.0007654870792846737,0.019465076399180194
