c0,c1,c2,c3,rmse,kfold rmse
2.6041700040597995,-9.115727355843322e-09,-8.004356726327688e-06,-1.5331081703493858,13.881468742857637,13.86931193324453
