c0,c1,"c2,1","c2,2","c2,3",rmse,kfold rmse
24.768359291999285,2.2002867739863046,57.99685766025956,-484.57492268306976,519.9143975778663,4.425533065713278,4.449827132453561
