model,log likelihood,R2 coefficient,normality pearson p-value,normality shapiro p-value,homocedasticity levene p-value,homocedasticity bartlett p-value
linear,-14.612088267315844,-0.44734545251380475,,0.29732102155685425,0.18629844946364582,0.3659452799620957
poly2,-14.620158763364179,-0.4520253205229168,,0.29732102155685425,0.18629883585181586,0.36594543941803503
poly3,-14.613800918824415,-0.4483373115658629,,0.29732364416122437,0.18629546552806228,0.3659440485468639
exp,-14.83610533394344,-0.583025647910534,,0.5757821202278137,0.7598150077398371,0.6640778010636403
log,-14.612000551400401,-0.4472946713121422,,0.29732102155685425,0.1862984512911292,0.36594528071626686
power,-16.696045093183308,-2.331137664225265,,0.7340982556343079,0.7562269345310452,0.6848676117840107
hmult,-16.323617374951034,-1.870088309796162,,0.8998412489891052,0.8770404912314299,0.8321433213610809
