model,normality p-value,AIC of centered model,BIC of centered model,log likelihood,R2 coefficient,homocedasticity levene p-value,homocedasticity bartlett p-value
linear,,29.926274068611733,31.145149893479932,-13.963137034305866,-0.6672722369757293,0.9289716136972295,0.9343190492910793
poly2,,29.932722752609834,31.151598577478033,-13.966361376304917,-0.6694239666189243,0.9289716253920799,0.9343190408378401
poly3,,29.928470290151413,31.147346115019612,-13.964235145075707,-0.6680047376772038,0.9289716136485106,0.9343190494663564
exp,,29.204345484553762,30.42322130942196,-13.602172742276881,-0.4431138620337072,0.2884511183530146,0.09337753846623992
log,,29.920856777077578,31.139732601945777,-13.960428388538789,-0.6654667952578563,0.9289716133674657,0.9343190504774579
power,,31.456337692538337,32.67521351740654,-14.728168846269169,-1.264155008714678,0.6086680339914365,0.6294507835146759
hmult,,34.10053353657125,35.31940936143945,-16.050266768285624,-2.842183379978713,0.47407422586673437,0.4388976776030784
