model,normality p-value,AIC of centered model,BIC of centered model,log likelihood,R2 coefficient,homocedasticity levene p-value,homocedasticity bartlett p-value
linear,,30.92526359172753,32.14413941659573,-14.462631795863764,-0.48816378153022844,0.06046935449464192,0.27857747628924984
poly2,,30.92490266531074,32.14377849017894,-14.46245133265537,-0.48805636188308066,0.06046936574410414,0.2785774808864162
poly3,,30.92585200825631,32.14472783312451,-14.462926004128155,-0.48833892386900635,0.06046898186635139,0.27857732401224156
exp,,31.0936803476585,32.3125561725267,-14.54684017382925,-0.5391438954023138,0.508043970864264,0.4040500745091873
log,,30.89363938642968,32.11251521129788,-14.44681969321484,-0.4787810854506058,0.06046935458986605,0.27857747632816376
power,,34.58770478397736,35.80658060884556,-16.29385239198868,-2.0957532007700554,0.8314913347274326,0.7661729919289364
hmult,,34.543869881554194,35.76274570642239,-16.271934940777097,-2.068731415679135,0.8975883410321537,0.8409753511213589
