model,log likelihood,R2 coefficient,normality pearson p-value,normality shapiro p-value,homocedasticity levene p-value,homocedasticity bartlett p-value
linear,-13.963137034305866,-0.6672722369757293,,0.874294638633728,0.9289716136972295,0.9343190492910793
poly2,-13.966361376304917,-0.6694239666189243,,0.874294638633728,0.9289716253920799,0.9343190408378401
poly3,-13.964235145075707,-0.6680047376772038,,0.874294638633728,0.9289716136485106,0.9343190494663564
exp,-13.602172742276881,-0.4431138620337072,,0.5424600839614868,0.2884511183530146,0.09337753846623992
log,-13.960428388538789,-0.6654667952578563,,0.874294638633728,0.9289716133674657,0.9343190504774579
power,-14.728168846269169,-1.264155008714678,,0.931537389755249,0.6086680339914365,0.6294507835146759
hmult,-16.050266768285624,-2.842183379978713,,0.8336451053619385,0.47407422586673437,0.4388976776030784
