model,log likelihood,R2 coefficient,normality pearson p-value,normality shapiro p-value,homocedasticity levene p-value,homocedasticity bartlett p-value
linear,-11.64393976081676,0.47863854525785987,,0.9974988698959351,0.8485578948367856,0.9470309697529671
poly2,-11.643939760885235,0.47863854524357996,,0.9974991083145142,0.8485487570669445,0.9470249539521143
poly3,-11.643939760816766,0.47863854525785887,,0.9974988698959351,0.8485577113870989,0.9470308489801695
exp,-11.643939760817558,0.4786385452576931,,0.9974988698959351,0.8485594118363111,0.9470319684583383
log,-11.64393976081675,0.47863854525786187,,0.9974991083145142,0.8485586753096319,0.9470314835715757
power,-11.643939760816657,0.47863854525788097,,0.9974988698959351,0.8485580161399198,0.9470310496120159
hmult,-11.643939760816608,0.47863854525789196,,0.9974991083145142,0.8485581499350755,0.9470311376950897
