model,log likelihood,R2 coefficient,normality pearson p-value,normality shapiro p-value,homocedasticity levene p-value,homocedasticity bartlett p-value
linear,-13.124128665216332,-1.2633390381705865,,0.3658103942871094,0.8929007674421255,0.985218227585956
poly2,-15.248381262240908,-4.2938311688311686,,0.3658103942871094,0.8929007671342128,0.9852182273328498
poly3,-15.248381262240908,-4.2938311688311686,,0.3658103942871094,0.8929007671342128,0.9852182273328498
exp,-15.248381262240908,-4.2938311688311686,,0.3658103942871094,0.8929007671342128,0.9852182273328498
log,-12.791603591136354,-0.9814544461668269,,0.26403263211250305,0.604216735979637,0.4970593779592225
power,-9.78960837506214,0.403673499697621,,0.5900545120239258,0.9602144313951859,0.9582925433606128
hmult,-9.910870077248603,0.37403590248620355,,0.47946640849113464,0.8235372258676976,0.7556691224701918
