model,normality p-value,AIC of centered model,BIC of centered model,log likelihood,R2 coefficient,homocedasticity levene p-value,homocedasticity bartlett p-value
linear,,31.25597505604788,32.47485088091608,-14.62798752802394,-0.4511795037554245,0.5683861967345184,0.16308814634589058
poly2,,31.785940213588162,33.00481603845636,-14.892970106794081,-0.6134418757172864,0.5674871990539144,0.16133242105772416
poly3,,31.237170661150103,32.4560464860183,-14.618585330575051,-0.44573204330477445,0.5683861977971147,0.16308814841982583
exp,,32.79741740238279,34.01629322725099,-15.398708701191394,-0.975191085635565,0.8650170757459128,0.9910331035735119
log,,30.53082075687565,31.749696581743848,-14.265410378437824,-0.2552638842204522,0.668420807428501,0.34824851626840003
power,,30.426154443885572,31.64503026875377,-14.213077221942786,-0.22926023586486588,0.6338294734593928,0.35996900915667474
hmult,,34.02035978330272,35.23923560817092,-16.01017989165136,-1.5225079429406985,0.37107961974765347,0.25644828020549815
