model,log likelihood,R2 coefficient,normality pearson p-value,normality shapiro p-value,homocedasticity levene p-value,homocedasticity bartlett p-value
linear,-7.944488485852701,-8.100187187665142e-13,,0.2286207228899002,,
poly2,-7.944488485851485,0.0,,0.2286207228899002,,
poly3,-7.9444884858521405,-4.363176486776865e-13,,0.2286207228899002,,
exp,-7.944488485853347,-1.241229341530925e-12,,0.2286207228899002,,
log,-7.944488485851621,-8.992806499463768e-14,,0.2286207228899002,,
power,-7.944488485851485,0.0,,0.2286207228899002,,
hmult,-7.944488485851485,-2.220446049250313e-16,,0.2286207228899002,,
