model,normality p-value,AIC of centered model,BIC of centered model,log likelihood,R2 coefficient,homocedasticity levene p-value,homocedasticity bartlett p-value
linear,,32.496839776953884,33.71571560182208,-15.248419888476942,-0.31350964049281593,0.037347052500778674,0.2218081769121179
poly2,,32.82984853993342,34.04872436480163,-15.414924269966713,-0.40397068008859205,0.032308761335744424,0.21079589540646868
poly3,,31.93381589558492,33.15269172045312,-14.96690794779246,-0.173625755570048,0.037539463298295675,0.22220987416871896
exp,,35.168530465195325,36.387406290063524,-16.584265232597662,-1.241265826358012,0.5914175993050043,0.7638388751293159
log,,32.510254352685756,33.729130177553955,-15.255127176342878,-0.31703840697604435,0.037347052495233894,0.22180817690052354
power,,36.049008591022904,37.2678844158911,-17.024504295511452,-1.6728262481348066,0.8354799906839366,0.9459346876064134
hmult,,35.38059820040397,36.59947402527217,-16.690299100201987,-1.338370582030346,0.5742338300648294,0.7169417170456351
