model,log likelihood,R2 coefficient,normality pearson p-value,normality shapiro p-value,homocedasticity levene p-value,homocedasticity bartlett p-value
linear,-14.612421312234435,-0.43399300381130157,,0.32160577178001404,0.05638745362228293,0.2999878742091239
poly2,-14.55508120204464,-0.4014771945209801,,0.31828656792640686,0.05344592447498804,0.29363472184598627
poly3,-14.636254076385114,-0.44772877890480767,,0.3216063976287842,0.056388286355876935,0.2999896241861134
exp,-15.984599570346337,-1.4826689390797054,,0.488050639629364,0.4632820633584806,0.6979342318100832
log,-14.633927146272265,-0.4463819003441529,,0.32160577178001404,0.056387452800996885,0.2999878724831905
power,-16.511334467990782,-2.0649404055996863,,0.9089596271514893,0.9938888664271912,0.8944127758148951
hmult,-16.356737295989333,-1.8811492418907303,,0.9543184041976929,0.8616558244747461,0.9635293592169263
