model,none,train,size,test,train+size,train+test,size+test,train+size+test
linear,13.712879694245558,13.262553927620928,13.60442958671874,12.054423054600358,12.879961523418984,4.2011281442523165,9.69723707250149,2.8983827331972827
poly2,13.693119906612662,13.24810561508151,13.681302679494781,11.992259371509176,13.027078872973807,3.9339483365243075,9.944977950802349,3.6561708397369443
poly3,13.6928293349076,13.245979080652491,13.674665045585574,11.982034362612822,13.04602115150803,3.8850200068032827,10.020278657245907,3.612959423611391
exp,13.712856115398926,13.26250414546071,13.598355687851829,12.054453579321597,12.875650426133804,4.2006030518836175,9.833111174786774,2.9828362334858203
log,13.712634117579984,13.262184615763935,13.603337911463369,12.052813083231621,12.878998924466128,4.198845534049412,9.524137630080832,2.7961939730267753
power,13.712612950161883,13.26214565769072,13.597194194862237,12.0528892923447,12.874339539450029,4.198415542368491,9.595191893718107,2.843733728991919
hmult,13.711988298382815,13.25937484638537,13.581574588878112,12.05288761100033,12.855187156592502,4.200973114390478,9.087362100793799,2.54520016769042
