c0,c1,c2,rmse,kfold rmse
-5.119987155445373,1.9342770754501837,-18.052999963428228,4.929937668259611,4.952939614798247
