c0,c1,rmse,kfold rmse
3.002483701483921,-2.2290303036636705,14.326773294400702,14.276252044778442
