train set size,c0,c1,rmse,kfold rmse
1,14.095453007177333,1.1541976240341063,8.089894244615508,8.096179663771215
10,16.73471654097032,0.39328854874229374,13.544355459562915,13.556071971206583
25,19.257085928687676,0.40602460589386286,15.165983501099024,15.178784027283749
50,18.950694361540286,-0.055941957173693435,17.23162467358408,17.557708699083623
