train set,train set size,c0,"c1,1","c1,2",rmse,kfold rmse
gov,1,5.663031070588836,-2.174970904320584e-09,-7.869760746354804e-07,8.675591825539861,8.936190668246908
gov,10,11.102126940606851,3.968388656702642,-2.829797439674845e-09,14.330872363860577,14.502015109633515
gov,25,16.542139171435938,1.8895121023156357e-09,-0.026478477578566455,15.546606127550758,15.915965245808264
gov,50,16.898565611266633,1.8362322332727567e-08,-0.3473726682645055,17.454667889057003,18.050209184095124
bible,1,3.4198927524043414,-1.3769333025420484e-09,-0.011415286665211485,8.323641528498527,8.092053984955845
bible,10,7.253943728738648,-2.1216882782376476e-09,-4.5241659384655e-05,12.77660791893673,12.591127559127171
bible,25,9.404287204647662,-1.5209352414512741e-09,0.031701715894405846,14.419507168132139,14.364918987735898
