c0,c1,rmse,kfold rmse
12.55752517327519,1.395192017667179e-06,13.704517635619313,13.711541794642406
