train set,c0,c1,rmse,kfold rmse
gov,-2.3496603975970693e-10,-3.6994708557105884,14.573117536497714,14.597599206812594
bible,-9.08784729030607e-10,-3.0171414824926495,12.075791620651641,12.072407598078323
