c0,c1,rmse,kfold rmse
10.115633873267111,-7.292538522046396e-10,13.92923327241144,13.898414851098085
