,pareto,rawlsian,mean,min,25%,50%,75%,max
linear,False,False,13.677783059192372,5.623394109404671,10.236353590501416,13.408598908803521,16.406286449568512,26.48789265067768
poly2,False,False,13.753848077470956,7.077664398184852,10.30267013726263,13.418615857854562,15.928079492117647,26.490915508286523
poly3,False,False,13.69235584829768,7.077664398184852,10.230910398906595,13.39640557297583,16.137489461326535,26.336371999639155
exp,False,False,10.650483622228071,5.623410687259791,8.061954450034435,8.702216346639634,9.222451387049684,26.68882540870868
log,True,True,7.41041502829358,3.2474891576746105,5.150410365219317,6.04150495480875,7.18630884432582,20.644104583497604
power,True,False,72.16983874098071,1.0131333063751686,3.5669190793140717,5.656875413992303,7.459071433583618,665.0377264754037
hybrid_mult,True,False,33.28950711527178,1.6339466187561256,3.6997167993985527,6.560628113880012,8.518570919681828,255.66901909780069
