c0,c1,c2,rmse,kfold rmse
-12.046534678930266,9.184426675531796,-18.38594469018662,4.952051952488164,4.974269401582947
