train set,c0,c1,rmse,kfold rmse
gov,12.754947350713898,1.6353507306780322e-09,14.675947854097398,14.80268133544664
bible,6.820497763789596,-1.22795237652061e-09,12.32200755532024,12.235956653814698
