train set,c0,c1,rmse,kfold rmse
gov,15.111925015874096,1.7751504184435212e-07,14.4768360335252,14.48915001899617
bible,9.482396157273673,2.50242102736179e-08,12.018298381189576,12.027884368022647
