train set,c0,c1,rmse,kfold rmse
gov,12.977503690511195,-8.581018659797421e-10,14.641048944050189,14.828416907513525
bible,7.039768029378058,7.403948073792416e-10,12.27547708572224,12.231338048254159
