train set size,c0,"c1,1","c1,2","c1,3",rmse,kfold rmse
1,-10.10620032317657,61.259246769369376,-17.48320264314144,-61.8968175377025,8.09730098332667,8.08067833599673
10,-12.061583252611925,94.96231729411812,-32.494489230986396,-99.33055839955263,13.535752276280549,13.559033155179653
25,-13.666672900747882,107.80368335772077,-36.71209262627903,-112.47308511915682,15.156754032114137,15.183912440868017
50,-4.278511971339801,95.92814305351924,-39.22126938085421,-107.05699697822844,17.182031959785878,17.875036250297896
