train set,train set size,c0,"c1,1","c1,2",rmse,kfold rmse
gov,1,5.685746697853706,5.290472753822306e-09,2.086123285272803e-05,8.66900840391547,8.941285456949952
gov,10,13.70271549686786,1.0268522603305949e-08,-3.9099246289229983e-05,14.264376981552799,14.636022230832413
gov,25,15.96993941807436,-4.708367092654111e-10,5.1601979775927595e-06,15.626187056219266,15.915040453868135
gov,50,16.355421508076983,3.456903610009886e-09,-0.014988957337882034,17.529922652894506,17.95584917768876
bible,1,3.360968446404488,0.019959222919546424,-5.179552042050838e-10,8.337901512858467,8.093523557855786
bible,10,5.952814653157538,2.3877140380249147,-6.0217679589907946e-09,12.69469654055595,12.501306180971495
bible,25,9.696176071195687,2.2783726629483222e-12,0.00010038655301185847,14.372602120427423,14.292035870230084
