train set,train set size,c0,c1,rmse,kfold rmse
gov,1,5.864940726624041,3.4142993389201504,8.29753750138315,8.402649384941551
gov,10,13.902346961297399,3.398504338228527,14.039999385358005,14.21764180497749
gov,25,14.525420061597012,5.7763426086764165,15.423132089576331,15.61730999137182
gov,50,16.137484323636123,4.945935971953286,17.227513000190363,17.58804786753604
bible,1,2.089855649517221,6.132565612237221,7.812859962800683,7.889525519523441
bible,10,4.178908157670821,9.15846859845552,12.36755319182346,12.479864362181278
bible,25,5.538484193084537,9.433603225193103,14.181343404457035,14.307024026554524
