c0,c1,rmse,kfold rmse
10.0823358706239,1.2100000747800551e-09,13.93523000590629,13.905279341516545
