model,log likelihood,R2 coefficient,normality pearson p-value,normality shapiro p-value,homocedasticity levene p-value,homocedasticity bartlett p-value
linear,-59.327066760496564,-0.04079928314714376,0.12025688719075624,0.0003191834839526564,0.03608647453233069,4.924703524600637e-08
poly2,-59.40184266330349,-0.051228079073013744,0.11456096231708135,0.0003515980497468263,0.037581500148570486,9.668740507636775e-08
poly3,-59.492454241826714,-0.0640055676308171,0.1147891627541524,0.00034990455606020987,0.03749529133141209,9.349345623603013e-08
exp,-59.06759362248249,-0.005407106982488363,0.08226588311251751,0.0012375976657494903,0.08193190609627977,0.0001586012055373292
log,-59.28292915960816,-0.03469215326184716,0.12025688830899235,0.0003191834839526564,0.03608647432703742,4.924703051377777e-08
power,-59.338276473383104,-0.0423560544061401,0.19098005711789173,0.0012353431666269898,0.05243990015630051,1.4130781777040507e-05
hmult,-59.59712253254251,-0.07895868529933403,0.12025688831214364,0.0003191834839526564,0.036086474326479094,4.924703049996482e-08
