model,normality p-value,AIC of centered model,BIC of centered model,log likelihood,R2 coefficient,homocedasticity levene p-value,homocedasticity bartlett p-value
linear,,124.61226424034952,128.02836464255392,-61.30613212017476,-0.031070806238268522,0.036710798814674664,5.29471646486413e-08
poly2,,124.52786890880512,127.94396931100954,-61.26393445440256,-0.025285924563068107,0.036710836473909776,5.2949589460652687e-08
poly3,,124.57348051527784,127.98958091748226,-61.28674025763892,-0.028408331965307454,0.03878552914981648,1.1921046261354943e-07
exp,,124.26122588141885,127.67732628362327,-61.130612940709426,-0.007221271191082845,0.09113090744999344,0.0001918388978669982
log,,124.61153936473552,128.02763976693993,-61.30576968236776,-0.031020980903266437,0.03671079849483038,5.294713581888331e-08
power,,124.74952065249107,128.1656210546955,-61.374760326245536,-0.040548842783327155,0.05626100130781162,2.776643194650367e-05
hmult,,124.61143261604093,128.02753301824535,-61.305716308020465,-0.031013643586455197,0.036710798813896675,5.2947164580510924e-08
