model,log likelihood,R2 coefficient,normality pearson p-value,normality shapiro p-value,homocedasticity levene p-value,homocedasticity bartlett p-value
linear,-52.8668438180913,-0.10181406599985277,0.15685438748907654,0.00037085669464431703,0.02638094380696018,1.7554574391290467e-08
poly2,-53.096251511267475,-0.1360367439254071,0.1568113205264984,0.0003711127501446754,0.0263722242440589,1.7648507834606742e-08
poly3,-52.86504489825883,-0.10154982100148824,0.156854039678647,0.0003708589356392622,0.026380889909762173,1.755524031824595e-08
exp,-52.18518113583056,-0.006088072158093372,0.14059627923443416,0.0009515561396256089,0.032874490906262314,1.1751294821818866e-05
log,-52.86872642584954,-0.10209067187559806,0.15685438751548536,0.00037085669464431703,0.02638094380567566,1.7554574329199508e-08
power,-52.532538948927424,-0.053780305725220856,0.17597005531000728,0.0005325517849996686,0.028439952584974598,1.98351156370329e-07
hmult,-52.86906576220553,-0.10214053692799885,0.1568543875085443,0.00037085669464431703,0.026380943806015838,1.755457434549614e-08
