,best min inits,best min rmse,best mean inits,best mean rmse,best max inits,best max rmse
simple,[-0.5],0.19079683837046132,[0.5],2.0782798700213756,[-1.0],5.128184697037398
loo,[0.5],0.36974035688470674,[0.0],2.69271645471953,[-0.5],10.455125341024567
