train set,test set,c0,c1,rmse,kfold rmse
gov,flores,28.686763686264875,-46.40025074132787,4.907228228743495,4.957910201117132
gov,bible,10.360003310223165,-22.200011974037476,1.0264285438146157,1.0366033189991475
gov,gov,27.32672588244362,14.133163344373381,9.753206500280436,9.829879571848156
bible,flores,8.308343348875047,-16.583362184471408,0.7343553484383484,0.749225393348081
bible,bible,14.99184117611595,27.582873357264944,7.027513389868641,7.114979439953595
bible,gov,6.016687132376982,-12.833396195770302,0.5293602008465078,0.5430400304111267
