c0,c1,rmse,kfold rmse
8.846327682350978,12.008613999364991,13.227294197586343,13.239031099365514
