train set,c0,c1,rmse,kfold rmse
gov,14.115037576089867,-3.013778071075278e-09,14.476824997162842,14.489638713065442
bible,8.489038678295069,-7.082462922638532e-09,12.018268379160451,12.029807297738767
