train set,c0,c1,rmse,kfold rmse
gov,12.665554027498466,-3.4821564278268884e-08,14.690891347426588,14.756671787969266
bible,7.261292575217901,-8.282886816174108e-09,12.232280461069282,12.196404297985035
