c0,c1,rmse,kfold rmse
10.95737860357786,-2.059344736017239,13.64105884215414,13.648550904145557
