train set,c0,c1,rmse,kfold rmse
gov,5.629193524525781,2.0400159027740004,14.482287195423336,14.496211566742398
bible,2.2930846970920995,2.943177107696479,12.013242838084933,12.024968344752248
