c0,c1,c2,c3,c4,rmse,kfold rmse
7.552199804320645,-0.021005998475229787,-3.1293850422717946,-5.583790990574496e-09,-0.017892435570531502,13.983876905844314,13.79620622723104
