c0,c1,c2,c3,c4,rmse,kfold rmse
6.0636929597076525,9.067572855530292e-07,-1.506407536173246e-09,4.256530534369659,0.0007430718198782119,13.960021881225858,13.948890679701385
