c0,c1,rmse,kfold rmse
10.073576056369525,-1.329843753928948e-09,13.936820375250944,13.901301189521137
