train set,c0,"c1,1","c1,2",rmse,kfold rmse
gov,12.146762162039153,-4.2434509525743774e-10,0.03385100573213057,14.786366290448605,14.782925425456616
bible,7.0513513228530496,-2.417073681866358e-09,-5.6708160303154725e-08,12.273123078030101,12.21904014255227
