train set,c0,c1,rmse,kfold rmse
gov,11.227807505418026,-1.4083419856669357,14.460918810355432,14.477820173136697
bible,8.352429587909342,-0.17631783910993223,12.018135472993672,12.03125467128407
