c0,c1,"c2,1","c2,2",rmse,kfold rmse
39.46658195319117,0.19339513180505058,-111.16245120914557,65.21646220643969,4.6764649985779005,4.698336910030778
