train set,c0,c1,rmse,kfold rmse
gov,14.797359003510017,1.382695307935562,14.47670844846941,14.492566372575713
bible,9.176315480895408,1.3925218526634229,12.017752557464775,12.030579493787137
