model,mean,min,25%,50%,75%,max
linear,9.274911621624598,2.335950912726264,5.126795420251335,7.892770015152036,14.073494542103441,18.825645801040785
poly2,9.301687186697011,2.335950912726264,5.139638782011255,7.9880301357445855,14.075997518381087,18.84679115426423
poly3,9.419459696820576,2.335950912726264,5.2719491028600105,8.02731703159023,14.256594516516833,18.81815835239445
exp,9.32217166486037,2.335950912726264,5.36692460320776,7.570839618211716,13.732952391410617,19.067705345308
log,9.246884562395072,2.335950912726264,5.137921191927228,7.798345073158799,14.037942056100116,18.824139460490677
power,9.291545382696038,0.840116634482687,5.0074945752405196,8.479632874083578,14.168578862193517,19.17774971329257
hybrid_mult,9.246198788663623,1.457166199626293,4.947915670914428,7.985414130756455,14.873093284647535,18.827630040011574
