c0,c1,rmse,kfold rmse
10.101204930597744,8.060299558635697e-09,13.931822367170717,13.89904202082931
