c0,c1,rmse,kfold rmse
10.07947863007881,-3.3767008999508316e-09,13.935748161330064,13.90543803998982
