train set,c0,c1,rmse,kfold rmse
gov,11.235137317829183,0.2143461616925479,14.021751156557789,14.029698920234093
bible,6.857552351865494,0.22353738314075908,11.812671930625626,11.824266554069933
