c0,c1,rmse,kfold rmse
8.664676789905656,0.25192629969789354,13.226847888011267,13.23897387403444
