train set size,c0,c1,rmse,kfold rmse
1,4.71940303057476,-3.4285369965916913e-09,8.499654259141192,8.52624964698285
10,10.736079186187423,-3.4992435636995113e-09,13.794563000127543,13.725184061951678
25,12.703173853787058,-4.320940031574227e-09,15.380413507309823,15.295618929021218
50,17.198284285252296,-9.329459187358472e-10,17.393878603822973,17.986194797188684
