train set,train set size,c0,c1,rmse,kfold rmse
gov,1,1.9361451025319076,2.56087589750975,8.240442275077802,8.307270047755127
gov,10,11.694847648753681,0.5826422775471907,14.034158064980168,14.162686066466554
gov,25,12.56475772963255,0.6853360986265694,15.415321863271672,15.554013364308403
gov,50,20.73130215276089,-0.10205105370792515,17.231624673517135,17.55771294341588
bible,1,2.6704887987569066,1.5164100914072087,7.8093960500584965,7.856407781411423
bible,10,6.184902282325248,0.927339535490541,12.37266401448803,12.445226609817585
bible,25,7.523814439526577,0.8252213351948096,14.186180025072854,14.27017707327301
