c0,c1,c2,c3,rmse,kfold rmse
9.635183317892368,-4.216327473325902e-09,-1.8152244896068737,-0.0018863371806849523,13.79181937423975,13.762883517998894
