language to,c0,"c1,1","c1,2",rmse,kfold rmse
ka,2.943733534298382,-16.259050477017183,78.84899887768145,9.61544179041557,9.632322817730657
gu,13.75045974509671,-59.3195692073,137.86766965844595,9.382723448752417,9.402095162669962
hi,17.86354889229386,-118.47941589746158,256.198843960268,9.15351422578109,9.16071536900664
si,15.862011614090282,-90.45530873106657,193.46163332083285,13.654808302599477,13.681077951923385
ta,13.67784415302073,-86.60955768286723,188.2345084260461,10.38845747039966,10.404990444333498
