language to,c0,"c1,1","c1,2",rmse,kfold rmse
ka,2.9437317895875275,-16.25903748871569,78.84897998612331,9.615441790415577,9.632322811335515
gu,13.750459547867015,-59.31956806774577,137.86766825515096,9.382723448752419,9.402095163015895
hi,17.863548969363137,-118.47941647802874,256.1988448349704,9.15351422578109,9.160715369301611
si,15.86201068791197,-90.45530215915484,193.4616241290012,13.654808302599479,13.681077954500061
ta,13.67784491624988,-86.60956377433725,188.23451773847847,10.38845747039966,10.404990443210819
