model,mean,min,25%,50%,75%,max
linear,4.010699429605694,0.6245622300438777,0.9683849141138767,2.9936225438410933,6.401807369958385,9.621214577039144
poly2,4.010699557383221,0.62456200052004,0.9683849796329519,2.993622778412457,6.401807987824731,9.621214349285763
poly3,4.0106995718667,0.6245620583944895,0.9683848840335256,2.9936226522932783,6.401808162104263,9.621214441564282
exp,4.0106982767123185,0.6245588805220754,0.9683837224265975,2.993621047333269,6.401806980947654,9.621215112141808
log,4.01069958860587,0.6245620490300954,0.9683848996050033,2.9936226450689514,6.4018077074069035,9.621215146497311
power,4.010699521994085,0.6245621037510738,0.9683849525656341,2.993622763745856,6.401807829989776,9.621214299811747
hmult,4.010699513560208,0.6245621816726652,0.9683850723581929,2.9936226901404144,6.401807683310784,9.62121430527606
