c0,c1,rmse,kfold rmse
9.965582011385107,-2.676997593195167e-09,13.95686382136948,13.925706436227333
