c0,c1,rmse,kfold rmse
3.1913196320950368,3.3903828883189644,13.825135802149314,13.816238352884412
