c0,c1,rmse,kfold rmse
15.26409350942485,-0.5011655923359281,13.70218737629596,13.715799066497127
