train set,c0,"c1,1","c1,2",rmse,kfold rmse
gov,109.77515432052968,-285.46859085834444,213.10982071656235,14.443759455739798,14.471763819327503
bible,93.29169323141971,-254.71547903542856,191.74919967655927,11.981569900760741,11.999785010403013
