train set,train set size,test set,c0,c1,c2,c3,c4,c5,c6,rmse,kfold rmse
gov,1,flores,17.931693363941513,-25.292125426816874,0.0,0.0,0.0,0.0,0.0,2.0462912993495106,2.1966194324007318
gov,1,bible,4.1468031175898865,-6.311418866554331,0.0,0.0,0.0,0.0,0.0,0.7638727194649807,0.7964945630270546
gov,1,gov,-3.492695802338615,42.93744238886012,0.0,0.0,0.0,0.0,0.0,3.44862865032308,4.086887658334964
gov,10,flores,50.774360431099375,-73.86402325073533,0.0,0.0,0.0,0.0,0.0,2.349501776217557,2.536330784364172
gov,10,bible,12.805533400933811,-20.42374882739299,0.0,0.0,0.0,0.0,0.0,1.0467380829938393,1.0613982789492342
gov,10,gov,3.0847677542759793,60.092419152571516,0.0,0.0,0.0,0.0,0.0,3.150865061949146,5.092336663489718
gov,25,flores,56.789393338754365,-80.64637020886005,0.0,0.0,0.0,0.0,0.0,2.7608694981015667,3.0002275064367874
gov,25,bible,12.909404130745457,-19.74811985383303,0.0,0.0,0.0,0.0,0.0,1.249289947447546,1.260976763048486
gov,25,gov,3.108003553981682,67.29542326299514,0.0,0.0,0.0,0.0,0.0,3.823734480441548,6.303977027766823
gov,50,flores,59.42720421657724,-84.13964103894108,0.0,0.0,0.0,0.0,0.0,0.8521469952515605,1.6689559500679714
gov,50,bible,13.064415832969544,-20.273920135332368,0.0,0.0,0.0,0.0,0.0,0.354728817381869,0.6947472371631582
gov,50,gov,9.251823516325915,61.544075437845905,0.0,0.0,0.0,0.0,0.0,4.75580931738902,9.314398054582519
bible,1,flores,3.292824577570688,-4.122157366752625,0.0,0.0,0.0,0.0,0.0,0.5309761998296394,0.5449981920149949
bible,1,bible,6.244114030308423,20.44338945312881,0.0,0.0,0.0,0.0,0.0,2.978911665546492,3.7510968242574037
bible,1,gov,3.3411741124048575,-5.124511677018658,0.0,0.0,0.0,0.0,0.0,0.3406007388225117,0.34991554069788827
bible,10,flores,6.587255411604054,-8.171477141152295,0.0,0.0,0.0,0.0,0.0,0.7747966803122023,0.8310298517535695
bible,10,bible,11.64340650510518,30.347817617852094,0.0,0.0,0.0,0.0,0.0,3.4258255504987085,4.535607490454159
bible,10,gov,5.975263703278181,-8.869640290757355,0.0,0.0,0.0,0.0,0.0,0.6107055929947708,0.6296604861666004
bible,25,flores,6.89313793342675,-8.106751374950292,0.0,0.0,0.0,0.0,0.0,0.8034491162257618,0.8356769060944479
bible,25,bible,13.681420788448664,34.29764036156464,0.0,0.0,0.0,0.0,0.0,3.5514502054644477,4.499506785533202
bible,25,gov,6.139215567404317,-8.839195248501959,0.0,0.0,0.0,0.0,0.0,0.7342838167561652,0.7775079332635458
