train set,train set size,c0,c1,rmse,kfold rmse
gov,1,5.906956120992049,-9.100402176914613e-09,8.60780086301867,8.939967221055257
gov,10,13.929967566634923,-1.1378587564100395e-09,14.226134920500481,14.501185478227686
gov,25,15.935000320121159,-8.907248208439433e-10,15.631778211420587,15.915107281577537
gov,50,17.073207032316464,-2.366370725376414e-11,17.411350284392853,17.991687123665073
bible,1,3.3536525415843546,-9.833828570786446e-09,8.34521352878174,8.093107951480604
bible,10,8.152758095758996,3.349256513535991e-10,12.584993420842821,12.513994932339275
bible,25,9.707001778098315,-6.605547490123888e-09,14.370913714520155,14.299391235605722
