c0,c1,rmse,kfold rmse
10.095498496781232,-3.459009325286402e-09,13.932850308282179,13.903963004494578
