train set,c0,c1,rmse,kfold rmse
gov,12.640196226377762,5.6237383670093726e-05,14.695218889615047,14.81706282266957
bible,7.029733237769223,-4.184480731402979e-10,12.27752487258795,12.236454314666725
