init,kfold rmse of each slice
-1.0,1.688678042695163,0.16124511142454356,2.915589999691342,2.184546965968312,0.7643951502551423,1.425436290218964,2.4665156183885504,0.814306155919634,1.4589124487910268,6.486338074120659e-15,2.8665835232995054e-16,1.2972676148241318e-14,2.2086816598308063,18.353241597443528,2.5901305834234356,4.3502302330402705,35.48894675956331,5.305835404545138,0.3623481044621074,2.000535482278672,0.46172775684641115
-0.5,1.6886780412554117,0.16124511143293843,2.915590182310948,2.184546906423503,0.7643951468036349,1.4254365003208433,2.4665155929377134,0.8143061566499981,1.4589123012356673,5.4239517597451275e-14,1.0585179404199456e-12,1.3605857528721374e-14,4.307255502798607,39.71098843508904,2.5788237135028034,4.350230233040356,35.48894675955993,5.304094708852796,0.3623480994178319,2.0005356427158882,0.46172775264579524
0.0,1.6886780295822912,0.1612451115164348,2.9155897557834645,2.1845468897649734,0.7643951422963671,1.425436230281609,2.4665156148494587,0.8143061583937667,1.4589123569521925,5.0701427361369263e-14,1.134022760588239e-14,5.801557143511545e-15,2.297394669787601,39.78781819784265,2.5800054381108226,4.350230233040031,35.48894675955868,5.3107210664713165,0.36234810317027855,2.0005356909118457,0.4617277545608066
0.5,1.6886780376494275,0.16124511146320417,2.915590395783457,2.1845468509636103,0.7643951488751102,1.4254365305889194,2.466515614216757,0.8143061559400776,1.458912352171446,2.5121479338940403e-15,7.364386412590295e-16,1.0189952473779799e-13,2.4571582632271602,18.67554277389339,2.581788754208567,2.125793846803596,35.48894675955673,5.320303547033836,0.3623480994437232,2.000535675469778,0.4617277573325347
1.0,1.688678040595259,0.16124511137064185,2.915590241055009,2.1845468825528385,0.7643951518944265,1.4254362950806798,2.4665156085034576,0.8143061585157857,1.4589124879211384,6.153480596427404e-15,1.2094129133994282e-15,1.0048591735576161e-14,2.380135933968106,19.73396483483327,2.5849140315701935,4.350230233040122,35.488946759559994,5.309353400921314,0.36234810107305515,2.000535791961325,0.4617277547802505
