c0,"c1,1","c1,2","c1,3",rmse,kfold rmse
8.834133102868467,4.305228714566053,1.6696535159129442,1.12759519557666e-07,13.694335698474458,13.703870813524683
