train set,c0,c1,rmse,kfold rmse
gov,19.506190832741527,7.462894806326274,14.461536119528327,14.47650384765804
bible,12.599380937176635,5.240869611244629,12.009039804967117,12.02365106067776
