train set,c0,c1,rmse,kfold rmse
gov,12.93060225711947,-7.961748137677565e-09,14.64812923066192,14.750523966170274
bible,7.268556122088819,-9.587816864479969e-09,12.230929443163898,12.196845497777309
