train set,c0,c1,rmse,kfold rmse
gov,20.91902026485126,0.21036160339889437,13.805908846476036,13.80910444348012
bible,13.924367229952784,0.19895003250807294,11.777276617216438,11.78859973948607
