model,mean,min,25%,50%,75%,max
linear,13.967362441543685,13.967362441543685,13.967362441543685,13.967362441543685,13.967362441543685,13.967362441543685
