c0,"c1,1","c1,2",rmse,kfold rmse
7.586410107284105,22.918097009707473,-11.525985743802197,13.180380674831252,13.209156423287581
