c0,c1,rmse,kfold rmse
19.278824404103894,-19.893823908067557,13.20157642897728,13.23222462264577
