c0,c1,c2,rmse,kfold rmse
2.0818553093188608,1.812388012120482e-08,2.543842348610587,13.780703522987649,13.771663268638083
