,best min inits,best min rmse,best mean inits,best mean rmse,best max inits,best max rmse
simple,[-1.0],2.6010134800064758e-14,[-0.5],4.786655796240952e-09,[-0.5],5.125606227946586e-08
kfold,[0.5],0.0010436625912373554,[1.0],1.69584471321621,[1.0],5.912626930206272
