c0,c1,c2,rmse,kfold rmse
34.512587892439676,0.19715769143950232,-68.0680082009552,4.858563441340021,4.876573973395098
