c0,c1,c2,rmse,kfold rmse
2.4407214480966046,-3.725098576266665e-09,-1.5961828451495033,13.898193121841498,13.888503860192372
