language to,c0,c1,rmse,kfold rmse
ka,7.693673469387754,0.2880272108843538,10.825125441135846,10.831250439395735
gu,11.134331065759637,0.30787981859410435,10.408531351997638,10.419346210693703
hi,10.71689426285247,0.23424873644094307,11.196900424888604,11.202501146216381
si,11.250639306980544,0.2731306098953676,15.421442426721024,15.426094965132425
ta,9.352773269869767,0.23791736474933747,12.312829118887604,12.316658147611165
