language to,c0,c1,rmse,loo rmse
ka,7.69367348994277,0.2880272098650968,10.825125441135844,10.831409382395334
gu,11.134331065759639,0.3078798185941042,10.408531351997636,10.414390442431728
hi,10.71689421630715,0.2342487392606881,11.196900424888604,11.200740798957057
si,11.250639203441352,0.2731306118054041,15.421442426721024,15.430479662650606
ta,9.352773228362638,0.23791736606191552,12.312829118887606,12.320012768754001
