train set,c0,c1,rmse,kfold rmse
gov,2.8477489761893793,-1.64860836505899,14.66501376707042,14.716109481007097
bible,1.873408314254703,-1.5529208215876595,12.174213699008211,12.164923725073697
