c0,c1,rmse,kfold rmse
12.343890496031497,0.0472578610182225,13.704290096893846,13.712856115398926
