,best min inits,best min rmse,best mean inits,best mean rmse,best max inits,best max rmse
simple,[-0.5],0.1772309082557262,[-1.0],2.113482110596475,[0.5],5.0582319908911275
kfold,[1.0],0.3481060730366306,[1.0],2.609946412511862,[-1.0],9.935070419690158
