train set,train set size,c0,c1,rmse,kfold rmse
gov,1,12.895796717104481,-9.737651173354545,8.299342358099665,8.383291738595256
gov,10,30.01267732756189,-28.534623571256176,14.036169421973673,14.176702478430276
gov,25,31.509551717293977,-26.997959635505865,15.423085328025978,15.576753800367083
gov,50,25.278834706124055,-11.666200054993332,17.230987466833575,17.55386848634308
bible,1,-2.5637048640791007,18.245874091565465,7.818712940139681,7.8823041851479
bible,10,-2.5278139313663917,26.746237933805332,12.37600646523945,12.473163313558432
bible,25,-2.5545317367472893,29.99967906005775,14.188215756657597,14.298608903768592
