train set,c0,c1,rmse,kfold rmse
gov,20.23396661683938,0.49740650019207827,14.46153611951766,14.47650373070116
bible,13.177304814450967,0.5554112354724128,12.009039804958556,12.023651341287245
