,pareto,rawlsian,mean,min,25%,50%,75%,max
linear,False,False,13.523681193817614,12.245406501343776,12.884543847580694,13.523681193817614,14.162818540054534,14.801955886291452
poly2,False,False,13.583464278016969,12.363997117757757,12.973730697887362,13.583464278016969,14.193197858146576,14.80293143827618
poly3,False,False,13.581211331384107,12.294969185872391,12.938090258628248,13.581211331384107,14.224332404139965,14.867453476895822
exp,True,True,13.300792503602159,12.035903885565396,12.668348194583778,13.300792503602159,13.933236812620539,14.56568112163892
log,False,False,13.47368473197379,12.196845497777309,12.83526511487555,13.47368473197379,14.112104349072032,14.750523966170274
power,False,False,13.576718948462034,12.212047830642534,12.894383389552283,13.576718948462034,14.259054507371783,14.941390066281532
hybrid_mult,False,False,14.0282575597132,12.489717280848394,13.258987420280796,14.0282575597132,14.797527699145602,15.566797838578005
