train set,c0,c1,rmse,kfold rmse
gov,12.826919076996907,-1.2019769939823881e-09,14.664301575886094,14.770493787684911
bible,6.887713955269233,7.377989342807176e-10,12.307347359971429,12.265637188731194
