c0,c1,rmse,kfold rmse
10.056268970809368,-1.0958130396643058e-09,13.93997817385653,13.901284527917802
