train set,c0,c1,rmse,kfold rmse
gov,12.903474420631271,-3.237839343318859e-10,14.65229144550822,14.758132097634745
bible,7.038662237982159,-1.4708224100701495e-09,12.275702357968056,12.235902855072153
