c0,c1,"c2,1","c2,2","c2,3",rmse,kfold rmse
33.37538359762777,2.200219034310693,58.001977973718844,-484.5885220749922,519.9241547312075,4.425533067635367,4.449828598743617
