c0,c1,c2,rmse,kfold rmse
3.838613095563156,-1.2234916261621551,-4.121402195312872e-09,14.123822584441822,14.186463910549888
