model,none,size,lang,size+lang
linear,5.656378890650528,3.7558281575651637,5.093086042066756,3.569707885050043
poly2,5.6563878765504425,3.775549892713813,5.056288998240819,3.733336909601194
poly3,5.648622518967201,3.748610259956644,4.987234226456896,3.7690094361064053
exp,5.844333454829057,4.259547258683483,4.951183264316052,3.977114778224435
log,5.633948353942327,3.9600228935528854,4.92730877005255,3.48255121028604
power,6.769262392712602,5.76833248722452,5.645742463123872,352.9241592600694
hmult,7.163029195326267,6.419131869328744,6.023427084551399,28.127828251522885
