c0,c1,rmse,kfold rmse
10.97436170955097,-25.584876232984787,13.640981169343139,13.648472630490861
