train set,c0,c1,rmse,kfold rmse
gov,4.619232706623323,0.7486920174544223,14.341638099025978,14.326843418367192
bible,0.43886042351593346,0.7885605344677162,12.317132164334538,12.244369912601037
