model,log likelihood,R2 coefficient,normality pearson p-value,normality shapiro p-value,homocedasticity levene p-value,homocedasticity bartlett p-value
linear,-69.79065135027265,-0.047249613994192474,0.16187522960166306,0.0010174090275540948,0.0043013148100065025,2.9598814501364164e-08
poly2,-69.79657785138966,-0.047939455100282524,0.1618752295446158,0.0010174090275540948,0.00430131480630971,2.959881437031592e-08
poly3,-69.78497247862099,-0.046589022856220685,0.16187438432056042,0.0010173902846872807,0.004301280015610415,2.9596294266068405e-08
exp,-67.11342669941308,0.22221262836372502,0.10926957469553028,0.0008412893512286246,0.0016065625471279692,7.224482462963765e-09
log,-60.76864810019645,0.6156791365159631,0.0186498786163413,0.0005490502808243036,0.003895556218536022,2.9738990647419696e-07
power,-59.29708901529563,0.6736497403548856,0.01549002118148633,0.0010917522013187408,0.04504634369406396,0.005778871888494555
hmult,-60.008915036519895,0.6467899223219148,0.025663780777549057,0.002971854992210865,0.04827857465425662,0.008712616061240654
