model,pareto,rawlsian,1-flores,1-bible,1-gov,10-flores,10-bible,10-gov,25-flores,25-bible,25-gov,50-flores,50-bible,50-gov
linear,True,False,3.717795045453689,9.035149579689344,9.74652738714516,5.80087945504019,13.629769371980922,16.955945632003424,6.760435250272543,15.408157974566938,18.82596582087978,3.575962404316731,2.335950912726264,5.597735526570399
poly2,True,False,3.717795045453689,9.22576755720367,9.795446961850372,5.718227542996829,13.822247808934762,16.956534276518887,6.910316992824646,15.59801325734971,18.940436026653447,3.7646292291516543,2.335950912726264,5.409021929352574
poly3,True,False,3.717795045453689,9.034451992481891,9.70508331240396,5.721234278794982,13.629815096382044,16.950882157844585,6.7160877268971495,15.471924209910457,18.831494288898,3.5762358287120097,2.335950912726264,5.5617907359070005
exp,True,False,3.717795045453689,8.535797510069967,9.645255922034286,5.474802314864243,13.19049428081088,17.05143619400443,6.579103819881464,15.023412143999211,18.94968027774533,4.322086476211656,2.335950912726264,4.508458468465659
log,True,True,3.717795045453689,9.0400285746451,9.69790365280335,5.7297221599748624,13.629761150291824,16.949646843524295,6.715998773901874,15.457437564933652,18.82459679150297,3.525384249049903,2.335950912726264,5.388262063632191
power,True,False,3.717795045453689,8.54414185386318,9.691074392424667,5.265473852968809,13.288218374758284,17.124544600248736,6.325349353332542,15.15507291922388,19.028124219418444,1.763287533600867,2.335950912726264,7.826090076867225
hmult,True,False,3.01695210435963,8.572411922506054,9.714776040495348,5.249293362284351,13.309484988955663,17.2232959347803,6.308658308205908,15.179896525162231,19.242027579588854,1.7803398408389906,1.457166199626293,10.83222735643798
