model,mean,min,25%,50%,75%,max
linear,9.282522863387117,2.335950912726264,5.127750406291222,7.897792414980944,14.074366522627425,18.82596582087978
poly2,9.349532295084709,2.335950912726264,4.997923754302343,8.068042275014157,14.266189171038498,18.940436026653447
poly3,9.271062132201003,2.335950912726264,5.1007918132936725,7.875269859689521,14.090342374764148,18.831494288898
exp,9.111189447188924,2.335950912726264,4.4618654704021585,7.557450664975716,13.648723746607963,18.94968027774533
log,9.251040648536664,2.335950912726264,4.9706453090875655,7.878013674273488,14.08668025395228,18.82459679150297
power,9.172093594573884,1.763287533600867,4.87855415109003,8.185115965365203,13.754932010874683,19.028124219418444
hybrid_mult,9.323877513603467,1.457166199626293,4.691208047803171,9.1435939815007,13.777087873007305,19.242027579588854
