c0,"c1,1","c1,2",rmse,kfold rmse
1016.8223049140678,-4157.60097521869,4299.642559408254,13.698232046675013,13.713091578320311
