c0,"c1,1","c1,2",rmse,kfold rmse
9.445886753349663,-5.588185935952698e-10,0.32588409598003265,14.047441723253222,14.013452933749736
