model,log likelihood,R2 coefficient,normality pearson p-value,normality shapiro p-value,homocedasticity levene p-value,homocedasticity bartlett p-value
linear,-221.6276941607428,-0.025796807591585313,0.02834206104025326,1.9023846107302234e-05,1.5689983300080514e-07,1.434902921112149e-09
poly2,-222.08278101233915,-0.04323321626691312,0.028340349085116526,1.902943586173933e-05,1.567762781660392e-07,1.434917992617713e-09
poly3,-221.73467151542852,-0.029869204339507016,0.028342061216655383,1.9023846107302234e-05,1.56899845571249e-07,1.434902912366984e-09
exp,-221.04172863952013,-0.003774362172951351,0.024323302670423052,3.6706278478959575e-05,5.8891937476197316e-08,3.261785860434338e-09
log,-221.7329747301246,-0.029804485375684475,0.028342061043762627,1.9023846107302234e-05,1.5689983324406104e-07,1.4349029209417001e-09
power,-221.18233385362095,-0.00901525245309176,0.030192135406416465,2.5805924451560713e-05,1.2687941860025783e-07,2.4763459778997734e-09
hmult,-221.29832340454405,-0.013359214406007958,0.029901723256025654,3.289791493443772e-05,1.0723326248416984e-07,4.078142694092392e-09
