model,log likelihood,R2 coefficient,normality pearson p-value,normality shapiro p-value,homocedasticity levene p-value,homocedasticity bartlett p-value
linear,-220.93983282024593,6.662069774399093e-06,0.028202525183456683,1.9445817088126205e-05,1.474895724732004e-07,1.438563825773827e-09
poly2,-220.939833386352,6.641103020732508e-06,0.028201349047338828,1.94493550225161e-05,1.47430198255576e-07,1.43862567450773e-09
poly3,-220.9398346699711,6.593561889811639e-06,0.028199860964863443,1.9452892956905998e-05,1.473740549771338e-07,1.4387188541226157e-09
exp,-220.93983244227908,6.676068453170814e-06,0.028202404918882765,1.9446380974841304e-05,1.4747117293617782e-07,1.4385610332913656e-09
log,-220.93983802714243,6.469223022054216e-06,0.02820364032340609,1.9440954929450527e-05,1.4768840106382805e-07,1.4386080071493399e-09
power,-220.93983756687544,6.4862698364587246e-06,0.028203827573994505,1.944039286172483e-05,1.4768955280142749e-07,1.4385924219875774e-09
hmult,-220.93989717026568,4.278748748309802e-06,0.028287020264913806,1.919251008075662e-05,1.5304388469813613e-07,1.4357759411493547e-09
