model,pareto,rawlsian,gov-flores,gov-bible,gov-gov,bible-flores,bible-bible,bible-gov
linear,True,False,4.668046721324886,1.080126740941433,9.287313083838963,0.9087120407837064,6.9384059013506985,0.6317024520923074
poly2,True,False,4.695276891451216,1.0823720627021196,9.31849822284622,0.8992037423368519,6.915197858161311,0.6297473680710577
poly3,True,False,4.715376565938502,1.0831111380020102,9.339417783680677,0.897806376335048,6.916438792261991,0.628394419801863
exp,True,True,4.665239006457822,1.091526533751265,9.282492285509296,0.911922176762298,6.923886492548294,0.6373177969770921
log,True,False,4.667785326282326,1.0804882368875863,9.287802469800326,0.9091735594749896,6.93955891515149,0.6320347855698764
power,True,False,4.665339318141273,1.0884963796766802,9.287173483757526,0.9125232261561698,6.937671586725363,0.636968555454091
hmult,True,False,4.666671381098819,1.0816758038156098,9.814413995038302,0.9103076108064906,7.144409592153217,0.6328559785622447
