train set,c0,c1,rmse,kfold rmse
gov,12.912909343617171,2.009749801861911e-11,14.650838285781589,14.752758403916403
bible,6.99374514193521,-2.1705184273080895e-09,12.284933519816121,12.245389875476183
