language to,c0,c1,rmse,loo rmse
ka,6.631298570340412,0.6496144440056282,10.786658762572582,10.792801852659505
gu,10.093237632508616,0.6670717042638826,10.361918934155863,10.367678555275726
hi,9.19752913452639,0.6441041498258478,11.149266716514836,11.153229582074843
si,9.745994277416745,0.6804218043168188,15.367866110882346,15.376837972560464
ta,7.82718463499909,0.6481734957814886,12.261649749986837,12.268764261099056
