train set,test set,c0,c1,rmse,kfold rmse
gov,flores,5.874793735690158,0.25628251870280017,3.528519166746403,3.551955071702531
gov,bible,1.0725264413360969,0.22869306042063373,1.1767107399174201,1.1834201373174058
gov,gov,20.711822657611936,0.19318565239550786,4.576643278205537,4.613000530735151
bible,flores,1.1919292569343063,0.25400343742663867,0.7598603913979269,0.7664006574652279
bible,bible,17.318339377892023,0.19232541967820704,3.5042530687018623,3.557626116593341
bible,gov,0.6829783162451476,0.25021959981441827,0.6458528863019344,0.6502569337558002
