language to,c0,c1,rmse,kfold rmse
ka,31.350054677283776,-60.16080749733601,5.127407358348294,5.127737080629573
gu,36.15399247525508,-63.44089730575597,5.236136870306576,5.236619839396176
hi,38.507172109136334,-70.89660209453105,4.270334429408007,4.2866448060096065
si,46.24592144427532,-83.29244008180525,5.551017419594497,5.554988058787827
ta,36.35030096285718,-65.17754112663336,5.001951357660045,5.013473541849978
