c0,"c1,1","c1,2",rmse,kfold rmse
10.845965734278087,3.0525925282700106,-1.6213094986139827e-09,13.69873334161694,13.703346338008151
