model,log likelihood,R2 coefficient,normality pearson p-value,normality shapiro p-value,homocedasticity levene p-value,homocedasticity bartlett p-value
linear,-176.69562758651736,-0.043336972325134226,0.016337347401229194,8.789677252707406e-08,3.141530413063471e-10,6.307790925785182e-24
poly2,-176.69428213492594,-0.043274584884257505,0.01633734740406113,8.789677252707406e-08,3.141530408057718e-10,6.307791023809969e-24
poly3,-176.83494503435463,-0.04981723834455187,0.016336601487392917,8.784584082377478e-08,3.142850221266953e-10,6.2820457910166344e-24
exp,-176.00904600912304,-0.011980667028841596,0.018017993580680344,2.542185200127278e-07,1.1991024325981735e-10,2.6372741891040543e-22
log,-176.68614804008277,-0.04289749329851733,0.016337347392976664,8.789677252707406e-08,3.1415304276505664e-10,6.307790640133138e-24
power,-176.32163775798267,-0.026138197987694678,0.016456040520231988,3.3966134083129873e-07,4.5810011848958435e-09,3.0687152729716987e-16
hmult,-176.8481847142025,-0.050435164313632264,0.018172909431862783,1.0757016752904747e-06,1.8747623844674886e-08,1.123534600999265e-12
