model,log likelihood,R2 coefficient,normality pearson p-value,normality shapiro p-value,homocedasticity levene p-value,homocedasticity bartlett p-value
linear,-175.74098992018415,4.1369879277830535e-06,0.01630431033788953,8.562544451251597e-08,3.202615532500345e-10,5.298369166221653e-24
poly2,-175.74098992037753,4.136979331881285e-06,0.01630427648061498,8.562345499285584e-08,3.2026809851167247e-10,5.2974614666029226e-24
poly3,-175.74098992016323,4.136988857372792e-06,0.016304329197733676,8.562765430042418e-08,3.202579075415223e-10,5.298874894533044e-24
exp,-175.74098992021098,4.136986734959436e-06,0.016304347627872168,8.562831510516844e-08,3.2025434507828853e-10,5.299369171903716e-24
log,-175.74098992024614,4.136985171765417e-06,0.01630435708375641,8.562831510516844e-08,3.2025251736759796e-10,5.29962279649561e-24
power,-175.74098992016317,4.136988859926305e-06,0.016304324430193317,8.562698639025257e-08,3.202588291148309e-10,5.298747045532474e-24
hmult,-175.74098992021135,4.13698671730689e-06,0.016304302521853237,8.562566478076405e-08,3.202630641864456e-10,5.298159600283623e-24
