c0,"c1,1","c1,2",rmse,kfold rmse
10.131718603551956,-1.0271680297318185e-09,5.343684801572391e-06,13.92636365535231,13.901171592695423
