c0,c1,c2,c3,rmse,kfold rmse
1.6960926681323807,-7.3727646573716255e-09,-1.3756713586161526,-0.9919591831961494,13.797128593922219,13.764811700427005
