c0,c1,c2,rmse,kfold rmse
1.7804875524845802,-2.4303314143920636,-1.007499491170488e-09,13.743949538868142,13.739800731492398
