c0,c1,c2,rmse,kfold rmse
9.482751579559103,-6.4925348148104385e-09,-0.030556653621744766,14.055696234266142,13.786472748053185
