model,log likelihood,R2 coefficient,normality pearson p-value,normality shapiro p-value,homocedasticity levene p-value,homocedasticity bartlett p-value
linear,-52.86917034786588,-0.10215590611460579,0.15685438748994113,0.00037085669464431703,0.02638094380256951,1.755457436865335e-08
poly2,-52.86091107481484,-0.10094283996371356,0.1568543870937594,0.00037085669464431703,0.026380943406704955,1.7554581459392024e-08
poly3,-52.92271839964584,-0.11005317165007233,0.15685441600071492,0.0003708550939336419,0.026380848241213402,1.7554064101121576e-08
exp,-52.39756367264787,-0.03498536476948311,0.15454003283895987,0.0005138865672051907,0.02155180509816101,8.055671620104809e-08
log,-52.850407968932345,-0.09940214312648332,0.15685438761099915,0.00037085669464431703,0.02638094339680883,1.755457220198956e-08
power,-52.31233541110905,-0.023290605107683326,0.18176937095496398,0.0008945352165028453,0.00987428116707772,3.7429638730399864e-06
hmult,-52.37390772148342,-0.031726032545882354,0.18860565818494202,0.0012295873602852225,0.009825455341935874,1.586383057118097e-05
