model,normality p-value,AIC of centered model,BIC of centered model,log likelihood,R2 coefficient,homocedasticity levene p-value,homocedasticity bartlett p-value
linear,,78.96313504950753,81.35758420417997,-38.481567524753764,-0.020262318378897692,0.318419841414449,0.13717288217750295
poly2,,79.08707769548046,81.4815268501529,-38.54353884774023,-0.03440995691984616,0.318419841414449,0.13717288217750295
poly3,,78.96870839167259,81.36315754634504,-38.484354195836296,-0.02089432193475349,0.318419841414449,0.13717288217750295
exp,,78.78579430485118,81.18024345952362,-38.39289715242559,-0.00035530503550829096,0.31841984141444946,0.13717288217750295
log,,78.95966792434098,81.35411707901342,-38.47983396217049,-0.019869352169421317,0.318419841414449,0.13717288217750295
power,,78.78319499016723,81.17764414483968,-38.391597495083616,-6.643139342910054e-05,0.31841984141444946,0.13717288217750295
hmult,,78.78321967089873,81.17766882557117,-38.391609835449366,-6.917388286442616e-05,0.31841984141444946,0.13717288217750295
