model,log likelihood,R2 coefficient,normality pearson p-value,normality shapiro p-value,homocedasticity levene p-value,homocedasticity bartlett p-value
linear,-62.52066857565493,-0.026235582894558185,0.19073992126622394,0.046233098953962326,0.26115718037575947,0.07116661326704068
poly2,-62.52075604769266,-0.026247551886704246,0.1907399132956191,0.046233098953962326,0.26115717280343775,0.0711666148914314
poly3,-62.511437413226766,-0.02497324692844005,0.19056955903945103,0.046314138919115067,0.2609953547460565,0.07120159293280667
exp,-62.67146147726693,-0.04707760827070118,0.17016557707932783,0.07192277163267136,0.26921896986744215,0.10053922255086263
log,-62.48598227087244,-0.02150036512095066,0.20800875772051938,0.038415830582380295,0.28457350969658807,0.06952535096688676
power,-62.506308210560036,-0.024272513834360243,0.3548449932295915,0.14727339148521423,0.1855500492422384,0.07319883350158607
hmult,-63.02977823170829,-0.0983165745822625,0.48472150566780126,0.2843214273452759,0.14012065788701145,0.11134563186242187
