train set,test set,c0,c1,rmse,kfold rmse
gov,flores,-2.378076844363889e-10,3.9169847897885766,4.459469176309277,4.383399197833013
gov,bible,-4.019253545225333e-11,0.35538613310424,1.5848959698211684,1.56114320765935
gov,gov,14.064351706642533,7.402559759767768,5.3988586706738415,5.296239914791478
bible,flores,-1.290436503928247e-09,0.3947964165716192,1.4894111136949424,1.4686720321964484
bible,bible,12.424489548037359,5.731550555406586,4.5501498493729775,4.460873347520794
bible,gov,0.0,0.0,1.3576941236277535,1.3576941236277535
