init,rmse of each slice
-1.0,2.031501636615889e-10,6.061036804996453e-11,1.304290124860926e-09,3.625951518598705e-09,9.447977083350459e-11,5.096970823384533e-09,6.4543284437096355e-09,4.4333085622358484e-10,5.4731829825520193e-11,4.60010667831455e-09,2.0916575157490133e-09,2.415191847220174e-10,2.406424128822966e-10,1.5279519639492606e-09,8.892960154968343e-10,3.404598174098099e-11,2.0955955259767935e-09,3.364350664904252e-10,1.1852399411690247e-12,1.9681485403773885e-09,3.8624213649352955e-10
-0.5,4.2303035565545194e-11,7.434350413981456e-11,5.436614526569079e-11,5.107394036259018e-10,1.3274471995110017e-12,6.443745840638371e-10,2.4699745052297573e-09,4.2174237136776944e-13,5.369108231334853e-09,9.13665923124495e-09,9.170049074024267e-10,1.5008168495524765e-08,1.316031547247858e-09,2.9648981663576375e-10,1.1135782992707461e-11,2.1460426818661525e-10,1.902350444211611e-09,4.632812544193958e-11,1.8383563802805958e-10,4.0514537155995954e-10,9.962203904873275e-11
0.0,1.6928884625008459e-09,1.454357783109749e-10,1.1639333067207403e-09,8.076665570642253e-09,9.724264640780526e-10,3.5393172761484515e-09,1.0598183144697526e-09,5.48214327556525e-10,8.560962343996649e-10,6.882738723777581e-09,3.2376679140743676e-08,9.304960290490241e-11,3.118061072062506e-11,1.0083576277186377e-09,5.479372236616432e-10,1.3851096003637277e-11,2.208341809099759e-09,8.202934051276546e-10,1.5834248616529958e-09,3.440595997745834e-09,3.4205182654408997e-10
0.5,1.136539145273808e-09,3.993105925845863e-11,5.179492527313219e-10,4.9423995490649e-10,1.442232845079085e-10,1.8608171063062886e-09,5.122890909529231e-11,3.745108744519877e-11,2.937373366672328e-09,9.194840503704586e-09,7.934283988311478e-10,3.614417680098749e-09,1.107900435203578e-11,3.904568347849073e-09,4.1496943001715595e-12,3.4266634698936117e-10,3.836714035275048e-09,1.8908735487930444e-10,2.895840441431484e-10,7.381061843435822e-10,1.2531718139399433e-10
1.0,3.0655006174003187e-09,1.363316701629922e-10,6.185329959716159e-10,3.734306249154587e-10,5.6003466013586485e-09,6.777675295112965e-10,1.143673081287274e-09,3.2167518395371116e-10,1.6634888332600643e-09,9.373328697203768e-09,1.6974029978558632e-10,1.5044034200314585e-10,1.5492810134552227e-10,3.095339092341548e-09,9.57272084316604e-10,2.27211186867895e-10,1.948788288656027e-10,5.733119251709375e-11,3.5977464877741824e-10,1.6692502742349182e-09,1.3520144203298316e-10
