c0,"c1,1","c1,2",rmse,kfold rmse
12.534969373625584,5.068216595241225e-09,0.003699295478286161,13.704614640637525,13.711726705965035
