model,normality p-value,AIC of centered model,BIC of centered model,log likelihood,R2 coefficient,homocedasticity levene p-value,homocedasticity bartlett p-value
linear,0.02869265141183994,215.5296689868414,220.3320637501657,-106.7648344934207,-0.09473348003489424,4.6492548429304243e-05,5.386564637363742e-12
poly2,0.02869265493344079,215.50528255891618,220.3076773222405,-106.75264127945809,-0.0938439536531186,4.649254709465104e-05,5.3865600854751205e-12
poly3,0.028692650465414363,215.5306057480987,220.33300051142302,-106.76530287404935,-0.09476766403230075,4.649254878799134e-05,5.38656586068007e-12
exp,0.02019295928798792,212.78143300496936,217.58382776829367,-105.39071650248468,0.0010963282408512631,7.363811734406991e-05,6.706925548776054e-10
log,0.028692651423116618,214.7723396291867,219.574734392511,-106.38616981459334,-0.06744359305209868,4.649254842503046e-05,5.386564622787737e-12
power,0.049978913550760326,214.3900210985103,219.1924158618346,-106.19501054925514,-0.05392645797732465,0.00017112407985753843,4.118341904777252e-09
hmult,0.08193979121594575,215.69082666832668,220.493221431651,-106.84541333416334,-0.10063012767191992,0.0002227893627132838,4.991137789533481e-06
