init,kfold rmse of each slice
-1.0,1.9270130558324094,0.7593879246535155,3.665547127090257,2.3442899321438593,1.0201382040633753,3.476410089983276,2.771286177356634,1.218903355819403,4.181212265591608,1.0099279576026285,0.4012909452052902,5.107464752272697,0.590743719700995,2.9009504956380896,0.37082651307602993,1.0036489400383728,3.5588349552312035,0.7100222106849287,0.8024704031536241,3.710238770582535,0.7250928366338656
-0.5,1.9270169134217527,0.7593880300297812,3.6655497023142427,2.344305981958256,1.0201384732555763,3.47642910058808,2.7712902058611935,1.2189023644888057,4.181237233048303,1.0099479821714556,0.40129253435074363,5.107489259641626,0.5907587962862972,2.901001485639564,0.37082708840175554,1.0036611118179888,3.5585905250383774,0.7100413745085312,0.8024707462152189,3.710222694559173,0.7250902952833936
0.0,1.927011142010308,0.7593880796711893,3.6655696801729825,2.3442919107181357,1.0201382999091684,3.4764473667555325,2.7712874961140597,1.2189023590275763,4.18124283982038,1.0099338111759057,0.4012938188462164,5.1074701431703495,0.5907553764624005,2.9009728976545173,0.370823811439619,1.0036386514912825,3.558565542301897,0.7100371754294488,0.8024694486551358,3.7102675049243556,0.7250925127468962
0.5,1.927011423298567,0.7593880053481716,3.6655511956234905,2.344284284264779,1.020137867543176,3.476447731036654,2.771284142139313,1.218902517829051,4.181251450177214,1.0099348258384027,0.401289929011414,5.10744939879666,0.5907540790007341,2.9009107810876436,0.3708254665327705,1.0036634244455942,3.5585437371726663,0.7100405295408732,0.8024703960337581,3.7102233102897135,0.7250939315495692
1.0,1.9270073931839982,0.7593879463679956,3.665553324990528,2.34429997897445,1.0201378156030483,3.476470899442901,2.771286227912198,1.2189024506923272,4.181234471990049,1.009941168448408,0.40129159690068894,5.1074475163447195,0.5907766861858361,2.9009820563793682,0.37081292534811733,1.0036597147990958,3.5585620260682895,0.7100367178443883,0.8024670898852375,3.7102342260088657,0.7250889352529801
