init,kfold rmse of each slice
-1.0,1.9450991065648564,0.7229643704251731,3.3676474955652447,2.305878038901073,1.0045803697027937,1.5714062646028444,2.6418270324960127,1.162647159509855,1.725229706104377,0.9107396033848443,0.10279284800777577,1.6914300309505966e-14,0.5136209159955619,4.549788125542755,0.33857277077130593,0.7483575910060416,7.2561257745711,0.6160548009751953,0.6739345766755687,2.869188546388941,0.6675901729633293
-0.5,1.9450990956284453,0.7229643693768508,3.367646741636272,2.305878063887969,1.004580376974845,1.5714063483369214,2.6418270638514048,1.1626471586020075,1.7252289614181548,0.9107395850013521,0.1027928485760353,4.1023203976182695e-15,0.5136209143615741,4.549760499868415,0.33857277077934794,0.7483575890598391,7.256125256707449,0.6160548134443665,0.6739345764337525,2.869184991300215,0.6675901726520057
0.0,1.9450991092134926,0.7229643638627887,3.367647615269145,2.305878039768672,1.0045803524732986,1.5714064177463234,2.6418270500112158,1.1626471265017317,1.7252292073225814,0.9107395786556515,0.10279284764814282,5.801557143511545e-15,0.5136209132048385,4.54978961680541,0.33857276513095486,0.74835758120205,7.2561270270814395,0.6160547830401226,0.6739345761785728,2.8691873841711195,0.6675901665118381
0.5,1.9450991122471428,0.7229643748265365,3.3676474042338915,2.305878058829185,1.0045803709866283,1.571406206565637,2.641827057548068,1.1626471624856023,1.7252295583139579,0.9107395883922461,0.10279284858450922,2.051160198809135e-14,0.5136209157042549,4.549785393635684,0.3385727664638236,0.7483575906838289,7.256127168727343,0.6160548077779404,0.6739345766893036,2.869188037617161,0.6675901741592185
1.0,1.9450990980399954,0.7229643732628104,3.3676469418924317,2.305878039111226,1.0045803719736899,1.571406460272442,2.641827063262777,1.1626471484490168,1.7252293208649456,0.9107395826274284,0.10279284785531773,1.0048591735576161e-14,0.5136209151665118,4.549792026420017,0.33857277096811206,0.7483575905611886,7.2561254887600795,0.6160548074991667,0.6739345762936628,2.8691872903599167,0.6675901685541827
