model,normality p-value,AIC of centered model,BIC of centered model,log likelihood,R2 coefficient,homocedasticity levene p-value,homocedasticity bartlett p-value
linear,0.016337347402814367,355.38804094929895,361.0013659288396,-176.69402047464948,-0.043262452354076775,3.141530422420009e-10,6.307791123656397e-24
poly2,0.01633734740268004,355.38913647729765,361.0024614568383,-176.69456823864883,-0.04328785095716525,3.141530419854747e-10,6.3077910938532106e-24
poly3,0.016386796369185403,356.174149747774,361.78747472731465,-177.087074873887,-0.06164740883421849,3.5024031914026487e-10,2.684565111521829e-23
exp,0.017989834592549707,353.6973105225724,359.3106355021131,-175.8486552612862,-0.004792436439593706,1.385368474797813e-09,3.980731794141003e-14
log,0.01633734740110696,355.34395526158636,360.957280241127,-176.67197763079318,-0.04224088744731924,3.1415304110991135e-10,6.3077908919402916e-24
power,0.016830657233489334,355.16757245199085,360.7808974315315,-176.58378622599542,-0.03816369704829037,9.793773800630205e-10,1.0755539400286218e-16
hmult,0.016337347401317794,355.38821014324714,361.0015351227878,-176.69410507162357,-0.04326637488797047,3.1415304124286554e-10,6.3077909223566494e-24
