train set,c0,c1,rmse,kfold rmse
gov,11.973289367320687,0.011753657953445401,14.076058029577647,14.084446510245646
bible,7.115698008083709,0.022112993826186953,11.825360860937622,11.837056938716984
