train set,c0,c1,rmse,kfold rmse
gov,11.865871316765439,-1.2862177574216909,14.581919705448888,14.688232025208707
bible,7.034771546436223,-7.767441858985488e-09,12.276495728012897,12.198216806500149
