train set,c0,c1,rmse,kfold rmse
gov,13.152382202665391,-2.120768002646991,14.387452222878714,14.409689680101337
bible,8.43335042301315,-1.8772760798733292,11.984143845259261,11.9969936715911
