c0,c1,c2,rmse,kfold rmse
4.062791813529773,7.862112007408072,-12.31631050592701,7.225229242398896,7.251055824631413
