c0,c1,c2,c3,rmse,kfold rmse
1.5777503084215194,-1.2149418012311377e-09,1.2286363781472882,1.2747487270725657,13.796157002275889,13.793238845009505
