train set,c0,c1,rmse,kfold rmse
gov,12.941139660105167,-1.1453036531887898e-09,14.64652571163358,14.797839185490517
bible,6.993282387032889,-7.140060663092917e-10,12.285029441562125,12.236400615505472
