model,log likelihood,R2 coefficient,normality pearson p-value,normality shapiro p-value,homocedasticity levene p-value,homocedasticity bartlett p-value
linear,-6.130657138324687,-0.003590354501640025,,0.09528855234384537,0.0008683321880713212,0.043743158684259716
poly2,-6.130901360135065,-0.0036883987517724037,,0.09528855234384537,0.000868332665170149,0.04374317067301249
poly3,-6.1308945163681035,-0.00368565115173225,,0.09528855234384537,0.000868332147066989,0.04374315765388276
exp,-6.125069182596988,-0.0013496522356581941,,0.09528855234384537,0.0008683321895130508,0.04374315872048804
log,-6.128743528542313,-0.0028224563026857385,,0.09528855234384537,0.0008683321820442547,0.04374315853280867
power,-5.953468631182901,0.06507734804005239,,0.04093277454376221,0.002989380329006991,0.04904487025697798
hmult,-6.130903910015272,-0.003689422466367276,,0.09528855234384537,0.0008683319980446624,0.04374315390917571
