model,log likelihood,R2 coefficient,normality pearson p-value,normality shapiro p-value,homocedasticity levene p-value,homocedasticity bartlett p-value
linear,-4.219057718894824,-0.04959005486589474,,0.4178089201450348,0.3293162926156257,0.46708825285806266
poly2,-4.115571634755909,-0.007029824362809967,,0.4163757562637329,0.3276560774710589,0.46609469416149785
poly3,-4.118614746774874,-0.008256372540853985,,0.4178089201450348,0.32931610149528523,0.46708813928842374
exp,-4.118843624315791,-0.008348683662042111,,0.4178089201450348,0.3293162926589676,0.4670882529464654
log,-4.118695788015557,-0.008289057209554862,,0.4178089201450348,0.329316293100262,0.46708825391038034
power,-4.12605586916951,-0.011261866801414833,,0.4178089201450348,0.32931629318659084,0.4670882540963912
hmult,-4.1237165123140525,-0.010316028448811743,,0.4178089201450348,0.3293162928254696,0.4670882533182883
