model,log likelihood,R2 coefficient,normality pearson p-value,normality shapiro p-value,homocedasticity levene p-value,homocedasticity bartlett p-value
linear,-11.083321242387933,-0.0005183386056608619,,0.3658103942871094,0.8929007671643652,0.9852182273500076
poly2,-11.083280796526683,-0.0005021520062369333,,0.3658115863800049,0.8929009109296366,0.9852183091942203
poly3,-11.06767831907539,0.005722528608389399,,0.3936194181442261,0.901419190015306,0.9915865994046389
exp,-11.083290668946416,-0.0005061029649138238,,0.3658103942871094,0.8929007924297945,0.9852182417283608
log,-10.8721878758236,0.08050910978467896,,0.8279503583908081,0.8918926865827732,0.978056857813837
power,-10.796953078077097,0.10776797401484628,,0.927135705947876,0.7823336121707761,0.9035958398283491
hmult,-10.789511206121816,0.1104199754822015,,0.9145585298538208,0.7104692215709792,0.8580186257439015
