train set,c0,"c1,1","c1,2",rmse,kfold rmse
gov,8.492718669340574,0.6736703485407354,-0.009183597491726056,13.826063242029793,13.837913611301497
bible,5.650241946600893,0.6246574504587764,-0.01490136043477043,11.775325111501397,11.798655100249636
