c0,c1,rmse,kfold rmse
10.107558830502501,-1.3128469118650571e-09,13.930680457016578,13.900972473212013
