model,log likelihood,R2 coefficient,normality pearson p-value,normality shapiro p-value,homocedasticity levene p-value,homocedasticity bartlett p-value
linear,-12.685829758924887,-0.00026602518467444547,,0.874294638633728,0.9289716140531589,0.9343190489965425
poly2,-12.685836275286439,-0.00026863242609920235,,0.874294638633728,0.9289716565064181,0.9343190184501178
poly3,-12.660684698071869,0.009744248665610966,,0.933169424533844,0.9896243334928464,0.8917413694431481
exp,-12.670937556516593,0.005674728710098331,,0.9098039269447327,0.8256043391157841,0.7740913630590426
log,-12.685829689000572,-0.0002659972075085282,,0.874294638633728,0.9289716136749365,0.9343190493712873
power,-12.69188536445867,-0.0026918485554283667,,0.8926202058792114,0.9269178717736596,0.9414767454010675
hmult,-12.685832969771807,-0.0002673098659342621,,0.874294638633728,0.9289716129407584,0.9343190520125979
