model,log likelihood,R2 coefficient,normality pearson p-value,normality shapiro p-value,homocedasticity levene p-value,homocedasticity bartlett p-value
linear,-5.94791546330023,-0.003967550762623784,,0.13080571591854095,0.0015131537139991451,0.057604198143524826
poly2,-5.947948643227318,-0.003980875479099311,,0.13080571591854095,0.001513153714450341,0.05760419815197874
poly3,-5.947925277528878,-0.0039714920371991536,,0.13080571591854095,0.0015131537154818952,0.05760419817130652
exp,-5.94792343854854,-0.003970753523937498,,0.13080571591854095,0.0015131537146856212,0.057604198156387
log,-4.868717217229151,0.34800579011457355,,0.19228118658065796,0.008805316157574255,0.13355323914575448
power,-2.5061364537548467,0.7465913568685152,,0.2687065303325653,0.3180296198031639,0.6022051268426643
hmult,-2.7968941362401507,0.7153368791684014,,0.13507868349552155,0.7972499016778052,0.8062244767942023
