c0,c1,rmse,kfold rmse
10.117022472669662,-2.089612576538765e-10,13.928984868356634,13.904063971940687
