c0,c1,c2,rmse,kfold rmse
9.111177417702181e-09,1.6256162409869933e-07,-2.4129622179619132,14.206241398112386,14.207996703921406
