c0,c1,c2,c3,rmse,kfold rmse
4.830216808623243,1.5236185959140214,4.291132071825311,-2.0871416131279436e-09,14.024507499709744,13.842622136973208
