c0,c1,c2,c3,rmse,kfold rmse
-3.688884296748678e-10,-1.193678851610517e-07,-3.4315684744487513,3.537458923474701e-08,13.786989035663561,13.78471449300816
