init,rmse of each slice
-1.0,8.191008484249486e-15,1.0043051299172228e-12,2.1668058686430105e-13,1.2362433309039429e-11,7.775525243622074e-15,8.55606755492907e-15,2.9382467130482347e-14,4.908140166416058e-15,1.0286931382582825e-13,6.044522363056671e-13,5.6755458148555766e-15,5.463791815988215e-13,4.3160690805810524e-13,3.137671763769791e-14,7.329434215233895e-16,4.519757794925054e-15,1.3605857528721374e-14,3.951312703709894e-15,2.5510982866352577e-15,2.155182825177789e-14,1.999390946523937e-12
-0.5,1.0696928264801432e-14,7.764020158062481e-13,2.4951586085355497e-13,1.007994467209351e-14,9.40968867923228e-15,1.3941855222546866e-14,2.9382467130482347e-14,8.413703434414036e-15,7.738068114839496e-14,8.04065262968133e-13,2.2055934006209998e-15,3.619353396761097e-13,2.4577241916762463e-13,3.419967498102412e-14,1.3426356273935429e-15,7.635020234118201e-15,2.051160198809135e-14,1.841749024227639e-11,5.464282685093744e-15,2.9468255538244704e-14,1.3928473341834918e-12
0.0,3.2135002224670306e-14,3.1271062880608213e-15,1.8999546053238614e-14,1.62223302266268e-14,6.039654070845892e-15,5.194742904687428e-14,2.118680692630395e-13,2.883161769441044e-15,2.716653083485869e-13,2.0511601988091347e-15,3.6259732146947156e-16,1.1826357194998667e-12,7.418472257182771e-14,1.5985895680567793e-13,1.5933463597212768e-12,6.125373197167204e-15,1.3605857528721374e-14,5.592971379261015e-12,6.169484474161015e-15,1.780047826983007e-13,3.4402585322391098e-15
0.5,6.3210604212777655e-15,4.674254400315494e-13,1.896962810720381e-13,6.274867277267801e-12,8.856908120402015e-15,7.280896430443988e-15,3.3853465451931e-14,1.3081800817409782e-14,9.726912229921029e-14,1.5308307534722943e-12,2.485841995025279e-15,3.7779230518874683e-13,1.4792309829230967e-13,2.5121479338940402e-14,9.480333893807275e-16,6.231770613552999e-15,1.2306961192854808e-14,2.479221898065409e-15,3.1086244689504383e-15,3.891802844472395e-14,1.063857057257601e-12
1.0,7.119291619286993e-15,9.98962778896831e-13,1.5331101866219889e-13,2.2928081194013645e-14,4.9164205652118054e-15,7.280896430443988e-15,1.6046314201838945e-14,1.995809242713428e-14,8.383199885743479e-14,1.674681548904669e-13,6.616780201862999e-15,8.611355842471719e-13,1.6012259329667277e-13,1.1234667099445444e-14,1.1515498097674389e-15,2.886579864025407e-15,1.2306961192854808e-14,3.1766091585135414e-15,1.995932757225581e-15,3.2715844421378896e-14,3.1531115736861523e-15
