c0,"c1,1","c1,2",c2,rmse,kfold rmse
-0.2697458469755915,0.20726240878587665,-0.0010258146997549778,-1.4927350838064992,6.757474420677016,6.801679708916869
