c0,c1,rmse,kfold rmse
10.11835107095942,-1.6291085003011685e-09,13.928747323458836,13.900238894852182
