c0,c1,c2,rmse,kfold rmse
9.873701375386036,-7.205863038459865e-09,-0.0013180942809115246,13.974298763938146,13.89838777923098
