c0,"c1,1","c1,2","c1,3",rmse,kfold rmse
6.008127361555784,1.096505474329676,-0.04177403434806617,0.0005053290055262277,13.131649269797101,13.171596193396226
