language to,c0,c1,c2,rmse,kfold rmse
ka,7.438950866168765,0.007910639786767221,0.2880272109010696,10.821559931034484,10.828214353869075
gu,11.413542484566316,-0.008671163546187098,0.3078798200241736,10.404075629211423,10.41511132530222
hi,10.88828178696043,-0.005028556367824746,0.2341074689314933,11.19559183241719,11.201479751878265
si,11.45693156311345,-0.006052671742174311,0.2729605713360871,15.420065918728744,15.42494138885501
ta,9.404461546605432,-0.0015165512804774378,0.23787476359818344,12.312720888741028,12.316806421006246
