c0,c1,rmse,kfold rmse
7.300505656833333,0.6525291413398554,13.173180328129833,13.183318130449427
