c0,c1,c2,rmse,kfold rmse
3.859693642145686,-0.8201664155403382,-5.9754676618881925e-09,13.823328671994442,13.808972100347647
