c0,"c1,1","c1,2","c2,1","c2,2",rmse,kfold rmse
38.65371367217813,0.32108067049626926,-0.0028016939113912247,-110.62237073529855,64.58645868549858,4.628035509821157,4.73899548757777
