c0,"c1,1","c1,2",rmse,kfold rmse
7.586434283699897,0.4583599314019212,-0.004610367144562179,13.180380674828093,13.209156673858278
