train set,train set size,c0,c1,rmse,kfold rmse
gov,1,2.512716530196725e-08,-1.9998670461927608,9.207281568952908,9.220226874486832
gov,10,6.717857214746423,-2.2134486564003075,14.647641676213214,15.534943936107691
gov,25,9.113958140405389,-2.1890653403187823,15.978500416541515,16.842820909136545
gov,50,7.854584861968917,-2.4954326880863182,17.744601163124223,19.270500378316942
bible,1,4.5301008381007837e-07,-1.7602515102338057,8.197521295549736,8.192442327099547
bible,10,0.6732157711231168,-2.2495558825748696,13.061728614147588,12.848289569608264
bible,25,2.2440922860659125,-2.2459407302642487,14.791376237956968,14.564346340100665
