c0,c1,c2,c3,rmse,kfold rmse
1.578361288200648,-0.6230035060433319,-3.5562555528112465e-06,-1.5553406107768972,13.802029129920257,13.7991350698845
