c0,c1,rmse,kfold rmse
10.131539906777206,-4.986434620586948e-10,13.926395896619043,13.897176327285402
