c0,c1,c2,rmse,kfold rmse
4.218302395660465e-05,-3.444198101400353,-6.843321322403595e-09,13.785149342692812,13.785066528663103
