train set,c0,c1,rmse,kfold rmse
gov,12.622198348132171,-4.2421507882874345e-09,14.69832924978947,14.80192603768692
bible,7.042255453232819,-2.195778600507986e-09,12.274970696729678,12.237826024092877
