c0,c1,rmse,kfold rmse
1.7130440283218165,2.0657254514995422,13.891070270500405,13.88750678403707
