train set,test set,c0,"c1,1","c1,2","c1,3",rmse,kfold rmse
gov,flores,8.399932441826163,5.012429165212689e-08,-3.951403968896952e-08,2.0745870601966798e-08,5.772473370437324,5.781547120174083
gov,bible,0.0,0.0,0.0,0.0,2.271685619876913,2.271685619876913
gov,gov,30.407120418735627,-2.116943511389359e-09,1.5291763473561085e-05,-0.055903345873017214,10.04632312254835,10.340125775444054
bible,flores,0.0,0.0,0.0,0.0,2.2374092160353682,2.2374092160353682
bible,bible,18.513546023581164,6.646067311375911,-3.032533055037267e-09,0.27119868700850847,7.747338716726021,7.756707652606279
bible,gov,0.0,0.0,0.0,0.0,1.3576941236277535,1.3576941236277535
