train set,train set size,c0,c1,rmse,kfold rmse
gov,1,6.183357294019969,-4.0979806674516235,8.13766505780051,8.205748915861763
gov,10,14.450006545519564,-1.7571619094786723,13.967686252901306,14.085971568623512
gov,25,16.450010321898187,-1.753915671658009,15.34062990643562,15.469727109598404
gov,50,17.900005309907435,-1.240822953481729,17.191535384860313,17.56533139248411
bible,1,5.0833344515795975,-3.0967184940366534,7.763549684500268,7.817229040010008
bible,10,9.30001161609279,-1.7172043103774979,12.348501183606688,12.434412767813052
bible,25,10.916666894961292,-1.3945166672766138,14.169005035771214,14.26921453836762
