c0,c1,c2,rmse,kfold rmse
6.989386790011864,0.6514974081655068,-3.662689308170616,12.966479061735281,12.976593704603932
