c0,c1,c2,c3,c4,rmse,kfold rmse
1.5757988173259105,0.0004628110434038888,-2.1074807077658842e-10,1.0190798306636895,1.4285615623970045,13.807720890724658,13.802986544577193
