model,normality p-value,AIC of centered model,BIC of centered model,log likelihood,R2 coefficient,homocedasticity levene p-value,homocedasticity bartlett p-value
linear,0.01633734740172995,355.35511927004615,360.9684442495868,-176.67755963502307,-0.042499488103646677,3.1415304151425244e-10,6.307790959981966e-24
poly2,0.01645800025642875,355.49585729556446,361.1091822751051,-176.74792864778223,-0.045765021261966465,3.940025244982209e-10,3.2759127868658105e-23
poly3,0.016597990499734813,355.62569949240174,361.2390244719424,-176.81284974620087,-0.048786810401188374,4.751739932991969e-10,1.6643987396438815e-22
exp,0.01800527291722513,354.31199810257687,359.92532308211753,-176.15599905128843,-0.018611793221919193,3.2938227741324387e-09,3.7353450049047286e-17
log,0.016337347401165003,355.3889998862264,361.00232486576704,-176.6944999431132,-0.043284684210745494,3.1415304117016283e-10,6.307790913436142e-24
power,0.016337347398678932,355.3962545928113,361.009579572352,-176.69812729640566,-0.04345289164185262,3.141530398794683e-10,6.307790708601433e-24
hmult,0.01633734740121538,355.38809829098665,361.0014232705273,-176.69404914549332,-0.04326378174225387,3.1415304119631864e-10,6.307790917587025e-24
