model,log likelihood,R2 coefficient,normality pearson p-value,normality shapiro p-value,homocedasticity levene p-value,homocedasticity bartlett p-value
linear,-221.73237927015046,-0.029781774242706893,0.028342061039988053,1.9023846107302234e-05,1.5689983298423178e-07,1.434902921108127e-09
poly2,-221.86642678403655,-0.03490706753345996,0.028341495936322764,1.9022862034034915e-05,1.5690605721790556e-07,1.4345541899626055e-09
poly3,-221.98596444462,-0.03949909075979119,0.02999926794754678,2.69075644609984e-05,1.887752545705568e-07,1.8907827235628684e-09
exp,-221.8966501607571,-0.03606617490287878,0.03782622690652822,0.00010874136205529794,4.95429283479079e-07,1.6798918128251195e-08
log,-221.73347749083854,-0.02982366130378522,0.02834206103952748,1.9023846107302234e-05,1.5689983298930204e-07,1.4349029208238343e-09
power,-221.33092958054442,-0.01458372285591647,0.02649619275508345,1.855548907769844e-05,1.979641789308578e-07,9.08012141971605e-10
hmult,-221.73384112376718,-0.029837530945104884,0.028342061036285948,1.9023846107302234e-05,1.5689983302498635e-07,1.4349029188231743e-09
