model,normality p-value,AIC of centered model,BIC of centered model,log likelihood,R2 coefficient,homocedasticity levene p-value,homocedasticity bartlett p-value
linear,0.028342061039988053,445.4647585403009,451.44272663342946,-221.73237927015046,-0.029781774242706893,1.5689983298423178e-07,1.434902921108127e-09
poly2,0.028341495936322764,445.7328535680731,451.71082166120163,-221.86642678403655,-0.03490706753345996,1.5690605721790556e-07,1.4345541899626055e-09
poly3,0.02999926794754678,445.97192888924,451.94989698236856,-221.98596444462,-0.03949909075979119,1.887752545705568e-07,1.8907827235628684e-09
exp,0.03782622690652822,445.7933003215142,451.77126841464275,-221.8966501607571,-0.03606617490287878,4.95429283479079e-07,1.6798918128251195e-08
log,0.02834206103952748,445.4669549816771,451.4449230748056,-221.73347749083854,-0.02982366130378522,1.5689983298930204e-07,1.4349029208238343e-09
power,0.02649619275508345,444.66185916108884,450.6398272542174,-221.33092958054442,-0.01458372285591647,1.979641789308578e-07,9.08012141971605e-10
hmult,0.028342061036285948,445.46768224753436,451.4456503406629,-221.73384112376718,-0.029837530945104884,1.5689983302498635e-07,1.4349029188231743e-09
