language to,c0,"c1,1","c1,2",rmse,kfold rmse
ka,3.522376466987078,1.1057561947076968,-0.028132716818785593,10.739753945729614,10.814152077084769
gu,7.869753086403044,0.8506790123482565,-0.020432098765510522,11.436216027910502,11.541449295790478
hi,8.422233795238602,0.41842746702452993,-0.00399049957894189,12.121970406445312,12.127077109978417
si,8.47421556487419,0.5050417838838289,-0.005204438251379363,16.449661021914586,16.45977272854964
ta,6.980514642556355,0.39863961964263356,-0.003727471984890576,13.393659477592967,13.399974574394308
