train set,c0,c1,rmse,kfold rmse
gov,9.20397157642946,0.725934866706333,14.472329243004435,14.488216079911371
bible,4.190768587101631,1.1997919546686266,12.00660963413857,12.020286243891054
