c0,c1,c2,c3,rmse,kfold rmse
-3.652167705059085e-07,-1.692730362408107e-07,-3.431474890021616,-3.3977626057297134e-07,13.787006047679693,13.78504988178489
