,models,Normality p-value,AIC of centered model,BIC of centered model,LogLikelyhood,R2 coefficient,Homocedasticity Levene p-value,Homocedasticity bartlett p-value
0,linear,,11.051877997338844,11.249102574675064,-4.525938998669422,-2.873619142612634,0.0,
1,poly2,,10.53751956925401,10.73474414659023,-4.268759784627005,-2.2632917971339896,0.0,
2,poly3,,9.52212342207148,9.719347999407699,-3.76106171103574,-1.3262814703598704,0.0,
3,exp,,15.598642601519277,15.795867178855497,-6.7993213007596385,-16.63309352517986,0.0,
4,log,,12.595241643296408,12.792466220632628,-5.297620821648204,-5.4795029207203765,0.0,
5,power,,15.598642601519277,15.795867178855497,-6.7993213007596385,-16.63309352517986,0.0,
6,mult,,15.598642601519277,15.795867178855497,-6.7993213007596385,-16.63309352517986,0.0,
7,hybrid_mult,,12.460171964218132,12.657396541554352,-5.230085982109066,-5.194244604316547,0.0,
8,scaling,,15.598642601519277,15.795867178855497,-6.7993213007596385,-16.63309352517986,0.0,
