,models,Normality p-value,AIC of centered model,BIC of centered model,LogLikelyhood,R2 coefficient,Homocedasticity Levene p-value,Homocedasticity bartlett p-value
0,linear,,19.85474867634717,20.05197325368339,-8.927374338173585,0.5624193422077982,0.0,
1,poly2,,19.252169154982763,19.44939373231898,-8.626084577491381,0.6420471731946091,0.0,
2,poly3,,20.1896741488086,20.386898726144818,-9.0948370744043,0.5107356807390573,0.0,
3,exp,,19.837251985941393,20.03447656327761,-8.918625992970696,0.5649639856208021,0.0,
4,log,,17.007891909031226,17.205116486367444,-7.503945954515613,0.8305922054754142,0.0,
5,power,,18.607206484017308,18.804431061353526,-8.303603242008654,0.7112926191859212,0.0,
6,mult,,18.607206484017308,18.804431061353526,-8.303603242008654,0.7112926191859212,0.0,
7,hybrid_mult,,19.3866920787746,19.58391665611082,-8.6933460393873,0.6256309095578313,0.0,
8,scaling,,18.70433145522397,18.901556032560187,-8.352165727611984,0.7017927715141195,0.0,
