,models,Normality p-value,AIC of centered model,BIC of centered model,LogLikelyhood,R2 coefficient,Homocedasticity Levene p-value,Homocedasticity bartlett p-value
0,linear,,6.1725708201093905,6.3697953974456105,-2.0862854100546953,0.3844671850133775,0.0,
1,poly2,,8.54567538045395,8.74289995779017,-3.272837690226975,-0.3576670645011426,0.0,
2,poly3,,0.12013649321090414,0.3173610705471237,0.9399317533945479,0.9181400263155506,0.0,
3,exp,,12.181028167454201,12.378252744790421,-5.090514083727101,-3.5610465116279073,1.4427289015936856e-16,
4,log,,12.181028167454201,12.378252744790421,-5.090514083727101,-3.5610465116279073,1.4427289015936856e-16,
5,power,,12.181028167454201,12.378252744790421,-5.090514083727101,-3.5610465116279073,1.4427289015936856e-16,
6,mult,,12.181028167454201,12.378252744790421,-5.090514083727101,-3.5610465116279073,1.4427289015936856e-16,
7,hybrid_mult,,7.8388368413766845,8.036061418712904,-2.9194184206883422,-0.07267441860465129,0.0,
8,scaling,,12.181028167454201,12.378252744790421,-5.090514083727101,-3.5610465116279073,1.4427289015936856e-16,
