,models,Normality p-value,AIC of centered model,BIC of centered model,LogLikelyhood,R2 coefficient,Homocedasticity Levene p-value,Homocedasticity bartlett p-value
0,linear,,13.503251543575523,13.700476120911743,-5.7516257717877615,-1.4928464447309864,0.0,
1,poly2,,11.901700695339066,12.098925272675286,-4.950850347669533,-0.4616631413800836,0.0,
2,poly3,,12.067386440952365,12.264611018288585,-5.033693220476183,-0.5446595146533972,0.0,
3,exp,,18.592779279494593,18.79000385683081,-8.296389639747296,-12.598159509202455,0.0,
4,log,,13.840612099626659,14.037836676962879,-5.9203060498133295,-1.789545632275801,0.0,
5,power,,18.592779279494593,18.79000385683081,-8.296389639747296,-12.598159509202455,0.0,
6,mult,,18.592779279494593,18.79000385683081,-8.296389639747296,-12.598159509202455,0.0,
7,hybrid_mult,,10.086561470296417,10.283786047632637,-4.043280735148208,0.20186017934016853,0.0,
8,scaling,,11.917472511929597,12.114697089265817,-4.958736255964799,-0.4693677372075835,0.0,
