c0,c1,rmse,kfold rmse
7.359872935251852,0.2388718380369256,13.142728867894645,13.150389691404587
