c0,c1,rmse,kfold rmse
10.062910935572031,8.041081221957174e-09,13.938763843686038,13.901316315996743
