model,normality p-value,AIC of centered model,BIC of centered model,log likelihood,R2 coefficient,homocedasticity levene p-value,homocedasticity bartlett p-value
linear,,105.13187168239061,108.54797208459503,-51.565935841195305,-0.12026411420898908,0.2663055116294908,0.5075821182062563
poly2,,105.17597872041128,108.5920791226157,-51.58798936020564,-0.12356306418764373,0.26630551099013183,0.5075821172358393
poly3,,105.17194307327227,108.5880434754767,-51.58597153663614,-0.12326081791041132,0.2663055095025164,0.5075821149779304
exp,,105.25346262090355,108.66956302310797,-51.626731310451774,-0.1293819501589053,0.2255379097696519,0.3132627547236945
log,,105.15009061552954,108.56619101773396,-51.57504530776477,-0.12162560867381322,0.2663055116479195,0.5075821182342315
power,,109.17082091758142,112.58692131978584,-53.58541045879071,-0.46642542549571675,0.5701127730602064,0.5281736685070385
hmult,,109.7727100770352,113.18881047923962,-53.8863550385176,-0.5264636191782839,0.5794606471890316,0.544917997019702
