model,normality p-value,AIC of centered model,BIC of centered model,log likelihood,R2 coefficient,homocedasticity levene p-value,homocedasticity bartlett p-value
linear,,136.23928919440723,140.02003271019956,-67.11964459720362,-0.06370358025789691,0.20202059675904488,0.23677285116798782
poly2,,136.2692579329709,140.05000144876323,-67.13462896648545,-0.06547604728214695,0.20202048394970426,0.2367728022853416
poly3,,136.27639511229827,140.0571386280906,-67.13819755614914,-0.06589860291806371,0.20199392329435936,0.23676129254379571
exp,,137.86732799003192,141.64807150582425,-67.93366399501596,-0.16439700632035215,0.28250007392811344,0.2357446158798316
log,,136.27150895650706,140.0522524722994,-67.13575447825353,-0.06560930070630411,0.2020215210952906,0.23677325170159377
power,,139.71786017271918,143.4986036885115,-68.85893008635959,-0.2904754358061865,0.5309335313320631,0.3958902389035187
hmult,,139.62572249459757,143.4064660103899,-68.81286124729878,-0.28388667941643164,0.4638271322672335,0.41995212543763316
