model,log likelihood,R2 coefficient,normality pearson p-value,normality shapiro p-value,homocedasticity levene p-value,homocedasticity bartlett p-value
linear,-57.09735598514931,-0.23097489126947068,0.6898522994398373,0.7694095969200134,0.9176367570339907,0.9847477332693343
poly2,-57.097322095550105,-0.23097025602867483,0.6898523019694239,0.7694095969200134,0.9176367543619254,0.984747736931888
poly3,-57.124423824310256,-0.23468266748722444,0.689882030268222,0.7694361209869385,0.9176053524099786,0.9847907783474834
exp,-56.81443226542275,-0.19287991627910261,0.8763373670357665,0.8371136784553528,0.7183318390871309,0.7195120206916095
log,-56.454402502091554,-0.1461026355280095,0.5388663241459793,0.6692342162132263,0.5619393902460137,0.6700682942008254
power,-54.5591548221945,0.07152878609447999,0.8256377466640253,0.7999125719070435,0.34761812127672664,0.5335521369233721
hmult,-55.12619622432253,0.011148688797571027,0.9090324822548868,0.9385087490081787,0.47633314018072503,0.5449339758503464
