c0,c1,c2,c3,rmse,kfold rmse
2.2694380395808125,2.5459831582959302,0.47512960206068733,-4.686959144054149e-09,13.73487330028079,13.734889458417179
