c0,c1,c2,rmse,kfold rmse
-12.986014000848312,-0.18903142000438036,-18.355495192678845,4.955354997942212,4.97801004406826
