init,kfold rmse of each slice
-1.0,2.094899772079151,0.7235515974899407,3.2864394698809196,2.854498921138097,1.0709838280256643,0.7044770708249297,3.2947728937429877,1.2249936242962183,0.7261265345382825,1.2172905669424818e-13,6.17321274240988e-14,9.209686451197087e-14,0.5791847181375469,1.4137276958900082,0.40205700981845216,0.9119918505103417,0.4613045606813073,0.7227492564174038,0.7632292780672643,0.64028290203172,0.7381354479049149
-0.5,2.094899727978342,0.7235515820323212,3.2864394985406524,2.854498886589501,1.0709837850468855,0.7044770744737147,3.294772720023006,1.2249936088646414,0.7261265320917999,9.849841277745622e-14,7.745082181693174e-14,2.0097183471152322e-14,0.5791846848010427,1.4137276963146896,0.40205699837374115,0.9119919372502995,0.46130443762379664,0.7227492424481797,0.763229323706669,0.6402817258268825,0.7381354335345766
0.0,2.09489978464418,0.7235516113794895,3.286439476112817,2.854498959029571,1.0709837915702924,0.7044771009655462,3.294772666826595,1.2249936635269811,0.7261265319393448,4.009480444379786e-13,9.686597930999085e-13,9.603285838349171e-14,0.579184690443778,1.4137276918227362,0.40205704258086794,0.9119919233283648,0.46130424244649093,0.7227491849137161,0.763229304137762,0.6402815422514101,0.7381354473232447
0.5,2.094899797574995,0.723551577349407,3.2864394784338526,2.854498887602017,1.070983788954112,0.7044770759330276,3.2947729603450733,1.22499362657325,0.726126533314332,2.210880487872976e-13,4.3476915779837474e-14,3.759838749409412e-14,0.5791847025490036,1.4137276983410276,0.40205703381841223,0.9119918930293748,0.46130434757488503,0.7227492225308434,0.7632292770098679,0.6402821825176658,0.7381354504769064
1.0,2.0948998573541817,0.7235516004392484,3.2864394901684655,2.854498826766115,1.070983824298595,0.7044771005827278,3.294772649346518,1.2249936669989385,0.72612650764243,2.192535786472553e-13,6.137327875886047e-14,2.721171505744275e-14,0.5791847313260071,1.4137276953145022,0.40205702101663,0.911991950754206,0.461304212809108,0.7227492227425879,0.7632292940554035,0.6402812450372627,0.7381354417299633
