language to,c0,c1,rmse,kfold rmse
ka,20.441079606317317,9.118718128037568,9.995952655599828,10.019178562395096
gu,22.84678084012878,7.7967153080706435,10.052389649128395,10.07929467979934
hi,25.096783446877236,9.534680749414543,10.614993637762323,10.651330305726951
si,27.04479325668611,10.73937985277532,14.781574616514932,14.800577778733588
ta,22.337084213439653,8.204445456186996,11.83806927179165,11.854813553061096
