init,kfold rmse of each slice
-1.0,2.055849658199956,0.7587874411674946,3.049760747039363,2.8215793192113923,1.0762768992108858,1.7233384795400766,3.246775063974411,1.2353247043581865,2.1435184012644055,1.4503892858778862e-15,8.04381929373821e-15,2.2732271512849724,0.5682384983946769,2.339273405575106,0.3883412938190004,0.8957057521380467,2.207514976852278,0.7110321154610931,0.7509590133118731,2.355007296083541,0.7325402783343657
-0.5,2.055852804901429,0.7587931026075172,3.049762247551814,2.821586864113357,1.0762771057643825,1.7233500611824368,3.2467902249808653,1.2353231304100747,2.143525952632896,1.3213675252893015e-14,6.126084160680148e-14,2.2732892515006062,0.5682390027801866,2.3392699692510517,0.38834138791178413,0.8956976919849693,2.2075145281239092,0.7110367901092179,0.7509587882011782,2.3550068612545343,0.7325416978383769
0.0,2.0558583917465962,0.7587928008649153,3.0497609412779885,2.821597300085855,1.0762785944456967,1.723349805671974,3.246751440970897,1.235323741442213,2.143536211117858,1.0255800994045674e-15,2.8665835232995054e-16,2.273249846671368,0.5682419406432466,2.339274665571517,0.38834361639439013,0.8957054553822628,2.207514580293573,0.7110437349486418,0.7509597822518901,2.355008107860818,0.732541322526021
0.5,2.05585779659071,0.7587893433011249,3.0497611276735226,2.821588715923379,1.07627766316402,1.723349144351504,3.2467750414876875,1.2353221471064753,2.1435315199114653,2.0511601988091347e-15,1.3322676295501878e-15,2.2732538189695743,0.5682522183468429,2.3392860421145603,0.3883433948481213,0.8957100208157524,2.2075149507928833,0.7110436056079863,0.7509590781542761,2.3550067780351363,0.7325396134349628
1.0,2.055849828748007,0.7587931720574816,3.049762092540132,2.8215937389011336,1.076276720531899,1.7233406724969915,3.2467724151990827,1.235324807645133,2.1435294917423087,1.4503892858778862e-15,2.061195947551698e-13,2.273322489612379,0.5682398785590146,2.33928020951979,0.38834012959226083,0.8957125387216008,2.2075150516454443,0.7110454110447033,0.750959380357317,2.355007759563626,0.7325403067048792
