c0,c1,c2,c3,rmse,kfold rmse
3.630661660996603,-0.28923556249772736,-4.175747532135017e-09,0.0004216884713591518,13.729121367986693,13.7220964410775
