c0,c1,rmse,kfold rmse
10.10032193040561,-3.300920804678899e-09,13.93198128158511,13.904896453556841
