c0,c1,rmse,kfold rmse
11.551402409652388,-2.404284915364547e-08,13.704541592979693,13.711545642208156
