train set,train set size,test set,c0,c1,c2,rmse,kfold rmse
gov,1,flores,3.481631488352942,2.08914946286164,0.0,2.213313696453718,2.5659765397550833
gov,1,bible,-0.7283959233592167,2.8924505897788633,0.0,0.7573495009320713,0.8917460413367854
gov,1,gov,4.899878557106014,26.600965084159853,0.0,3.0478057020123126,3.267906484205994
gov,10,flores,17.157200201858657,-9.932675043276138,0.0,3.3427810621927763,4.019362532414876
gov,10,bible,2.223461162380228,-0.3427117629818557,0.0,1.2560306007323045,1.4436437064294028
gov,10,gov,25.80551761799558,16.72725120445695,0.0,3.4975044823522836,3.6179174655573285
gov,25,flores,19.336177286119604,-9.445090425814746,0.0,3.8147467416886434,4.603939181229147
gov,25,bible,1.8949465867675517,1.130257601980458,0.0,1.4154318617060682,1.6122052342489384
gov,25,gov,28.880708524008313,18.118568791516697,0.0,4.20279267358061,4.385421077358102
gov,50,flores,35.36432156812762,-39.56273269665339,0.0,1.2234103887307,2.814043553268664
gov,50,bible,7.153773861717662,-9.32246157747303,0.0,0.4432179304980196,1.019473578479367
gov,50,gov,29.971251677837348,23.108602261136664,0.0,5.0005269434042425,11.502028143564372
bible,1,flores,0.24265786207473375,1.6389020963798957,0.0,0.5325530015427092,0.6024666213495351
bible,1,bible,15.103298285872398,3.5804594060735346,0.0,3.0449525946158857,3.1089949107631387
bible,1,gov,0.5574963746960665,0.15411938266557162,0.0,0.3824145732418009,0.43592069528390237
bible,10,flores,1.039517941831274,2.3172603294311087,0.0,0.8010185436170997,0.9618806589269967
bible,10,bible,27.828344755233488,-0.3518329362643157,0.0,3.577928420874551,3.6020983240562137
bible,10,gov,0.9227765163466294,0.7046669694041642,0.0,0.6787277030084273,0.7847183484033292
bible,25,flores,1.230091878780774,2.5963913374520557,0.0,0.8224685965836157,0.9693243710212598
bible,25,bible,32.2885235255839,-0.9872990120252041,0.0,3.737361356546944,3.740648172124349
bible,25,gov,0.5354736772632328,1.7644022671578259,0.0,0.7802315399346288,0.9272794129527313
