model,log likelihood,R2 coefficient,normality pearson p-value,normality shapiro p-value,homocedasticity levene p-value,homocedasticity bartlett p-value
linear,-401.2764671456454,-0.03384077190496004,0.001381842305224655,1.3542122978549287e-09,8.72903030785312e-17,1.2808495731856684e-37
poly2,-401.2195020366469,-0.0326517016422474,0.001381842363067455,1.354196532687979e-09,8.729048084910441e-17,1.2808573755844115e-37
poly3,-401.0914652714076,-0.029984094894650593,0.0013818451256710404,1.3542398313859394e-09,8.729897304768813e-17,1.2812302704770406e-37
exp,-400.18549518811307,-0.011304351048055272,0.0012093349941963035,5.0971085130413485e-08,1.1645588361231368e-14,5.432301523079232e-20
log,-400.862695922836,-0.025234900209698763,0.0013818423051150444,1.3542122978549287e-09,8.729030271819966e-17,1.2808495581623622e-37
power,-401.8812526925939,-0.04654960402673547,0.0010163439249509776,2.415275268674577e-08,2.002491757911124e-14,2.51552251875892e-25
hmult,-401.24953559548277,-0.03327844136545366,0.0013818423051496385,1.3542122978549287e-09,8.729030283198737e-17,1.2808495629055392e-37
