c0,c1,rmse,kfold rmse
10.021491434126945,-3.982219630928465e-09,13.94638635744104,13.901375711426434
