train set,c0,c1,rmse,kfold rmse
gov,11.235138261924048,10.717304143324144,14.02175115655756,14.029698834685973
bible,6.857553108060112,11.176866529321098,11.812671930625664,11.824266529034201
