c0,c1,rmse,kfold rmse
10.256506478928236,-0.8776544821314125,13.702187376330599,13.715267648677628
