c0,c1,rmse,kfold rmse
10.108937526604505,-1.3679842233215974e-10,13.930433050472244,13.902186826869631
