model,normality p-value,AIC of centered model,BIC of centered model,log likelihood,R2 coefficient,homocedasticity levene p-value,homocedasticity bartlett p-value
linear,,29.92808345144951,31.14695927631771,-13.964041725724755,-0.6678756929117204,0.928971613707769,0.9343190492480723
poly2,,29.93040273536006,31.14927856022826,-13.96520136768003,-0.6686495278240068,0.9289721619880545,0.9343185547875319
poly3,,30.09814988935277,31.317025714220968,-14.049074944676384,-0.7255814464727681,0.9290762284782745,0.9342255575782061
exp,,26.52776613065968,27.746641955527878,-12.26388306532984,0.15507945668979828,0.3520353872467253,0.3013259351431514
log,,29.974578721284235,31.193454546152434,-13.987289360642118,-0.6834576956481677,0.9289716136614701,0.9343190493303504
power,,29.627991561557856,30.846867386426055,-13.813995780778928,-0.5707173071376219,0.7073384333392639,0.8415814691246994
hmult,,30.387768803338798,31.606644628206997,-14.193884401669399,-0.8284851678107743,0.6977023600265198,0.8300642941136074
