model,normality p-value,AIC of centered model,BIC of centered model,log likelihood,R2 coefficient,homocedasticity levene p-value,homocedasticity bartlett p-value
linear,,28.283519558587408,29.502395383455607,-13.141759779293704,-1.2793575320677553,0.8929007671501517,0.9852182273432409
poly2,,32.49676252448182,33.715638349350016,-15.248381262240908,-4.2938311688311686,0.8929007671342128,0.9852182273328498
poly3,,32.49676252448182,33.715638349350016,-15.248381262240908,-4.2938311688311686,0.8929007671342128,0.9852182273328498
exp,,32.49676252448182,33.715638349350016,-15.248381262240908,-4.2938311688311686,0.8929007671342128,0.9852182273328498
log,,28.25880724998283,29.47768307485103,-13.129403624991415,-1.2681196888985005,0.8929007673091504,0.985218227446298
power,,24.504848405200395,25.723724230068594,-11.252424202600197,-0.07053592588904634,0.9764618700130314,0.9635215653698814
hmult,,24.41184390468424,25.63071972955244,-11.20592195234212,-0.0508070503316147,0.9983434783340405,0.9505338508696065
