model,log likelihood,R2 coefficient,normality pearson p-value,normality shapiro p-value,homocedasticity levene p-value,homocedasticity bartlett p-value
linear,-9.569755350293311,-0.21249439703981987,,0.609275758266449,,
poly2,-9.545802799361581,-0.19328660783564922,,0.609275758266449,,
poly3,-9.58685896865569,-0.22639887966799077,,0.5651823282241821,,
exp,-8.277065917975772,0.4878374541984438,,0.8328123092651367,,
log,-9.57782413000308,-0.21903420415070096,,0.609275758266449,,
power,-10.53603863854677,-1.3091248077877795,,0.8240307569503784,,
hmult,-11.555099230634736,-3.5550764290003203,,0.5580775737762451,,
