model,normality p-value,AIC of centered model,BIC of centered model,log likelihood,R2 coefficient,homocedasticity levene p-value,homocedasticity bartlett p-value
linear,,30.793745144216153,32.01262096908435,-14.396872572108077,-0.5680948604558402,0.6499171275560861,0.6715865301664188
poly2,,31.347917534121915,32.56679335899012,-14.673958767060958,-0.7518912099680555,0.6498085375797511,0.6714707302476957
poly3,,31.21433244315199,32.43320826802019,-14.607166221575994,-0.7057056185176325,0.6507307010460625,0.6724535812990717
exp,,29.860398544852732,31.07927436972093,-13.930199272426366,-0.3010766291205078,0.520644973921756,0.5020401703028418
log,,30.34490667254283,31.56378249741103,-14.172453336271415,-0.43346375750994803,0.649917127642056,0.6715865302579844
power,,25.606919690580604,26.825795515448803,-11.803459845290302,0.4442872044116537,0.5393180778406387,0.7094726317470366
hmult,,25.55165781687243,26.77053364174063,-11.775828908436216,0.45039533363258055,0.5266968565283335,0.6970738555011533
