model,log likelihood,R2 coefficient,normality pearson p-value,normality shapiro p-value,homocedasticity levene p-value,homocedasticity bartlett p-value
linear,-14.396872572108077,-0.5680948604558402,,0.9027411341667175,0.6499171275560861,0.6715865301664188
poly2,-14.673958767060958,-0.7518912099680555,,0.9026943445205688,0.6498085375797511,0.6714707302476957
poly3,-14.607166221575994,-0.7057056185176325,,0.9030898213386536,0.6507307010460625,0.6724535812990717
exp,-13.930199272426366,-0.3010766291205078,,0.8002968430519104,0.520644973921756,0.5020401703028418
log,-14.172453336271415,-0.43346375750994803,,0.9027411341667175,0.649917127642056,0.6715865302579844
power,-11.803459845290302,0.4442872044116537,,0.8816076517105103,0.5393180778406387,0.7094726317470366
hmult,-11.775828908436216,0.45039533363258055,,0.8735929727554321,0.5266968565283335,0.6970738555011533
