model,mean,min,25%,50%,75%,max
linear,9.031055231887327,1.050419681686017,4.980314417138371,7.64430924538077,13.684167394123914,19.07792406998326
poly2,9.05918216043903,1.0645399187906248,5.008379739353156,7.7498785621798,13.684167505320177,19.077927757228565
poly3,9.091565268884134,1.0793783474115577,5.037438554790654,7.87864175584854,13.684166440021936,19.077926231559417
exp,9.029117746713267,1.0462973962936486,4.973705645555233,7.650496389625303,13.684096547558118,19.077764562119693
log,9.005449599486717,1.0345348896938404,4.948326975631105,7.56259266086112,13.684166519774934,19.07792594990193
power,9.079515729858931,1.0293478653906174,4.872452046670945,8.161332345589107,13.684167174330632,19.07792617492371
hmult,8.973327105084053,1.035618988657136,4.947601125864571,7.427555353589483,13.672656230648572,19.03423151052098
