language to,c0,"c1,1","c1,2","c1,3",rmse,kfold rmse
ka,0.05917830033257321,7.643267459253442,-0.8796415189181139,0.023862298725428326,10.747090734671374,10.75339860940937
gu,3.24933544246861,7.769929200997015,-0.8865770548316547,0.023979078030726346,10.304275631809174,10.315379782835487
hi,8.398683713303683,0.9971772852601246,-0.03876731507588258,0.0004820325824370517,11.112131920146512,11.11840978962203
si,8.174882290073716,1.2618642867350904,-0.04947643629689953,0.0006086639548071998,15.313736593082625,15.318880099460994
ta,6.921050069859594,0.9975966352871118,-0.03728079891889419,0.00045227559037082886,12.228354679209827,12.232265320525583
