train set,c0,c1,rmse,kfold rmse
gov,15.71618896747253,-0.10173618047311558,14.474250881414031,14.485687265907497
bible,7.507340122140855,0.6171382102962335,12.02091629955346,12.034365868088727
