c0,c1,rmse,kfold rmse
10.107778308498593,-8.673143582069853e-10,13.930641062923218,13.901329783156097
