train set,train set size,c0,"c1,1","c1,2","c1,3",rmse,kfold rmse
gov,1,5.690452240424002,-5.180512380659291e-05,-7.002092712704845e-10,1.3827083768220345e-05,8.667663841018996,9.032188965598275
gov,10,13.916675743667554,0.021141241737252434,0.05031520238662182,-6.333713820391379e-10,14.222120170700803,14.672389077459508
gov,25,16.75293406212048,2.1056013578732664e-10,-1.5515069042715955e-05,0.056504627223088306,15.518889520403047,15.910644543369244
gov,50,12.76059015067584,5.089546903254428,-1.1691558126018766e-09,-0.23419075802747114,17.551941405728172,17.978624643574882
bible,1,3.7670843183152063,-1.9194386341275784e-09,4.953773354176799e-05,5.5439202833082174e-05,8.210368389992508,8.15628347656789
bible,10,5.695867935436255,2.2846951430734492,-3.720058244738099e-09,0.0022787091767066613,12.77161439442184,12.537982243928687
bible,25,7.511754164381816,3.011298328964568,-3.079047465904941e-11,-0.11513409187893169,14.394470656262552,14.30317166069282
