train set size,c0,c1,rmse,kfold rmse
1,11.97260428029953,8.135736360702346,8.089894244607335,8.096179819179195
10,16.34295281708719,5.195584358221928,13.544355459576767,13.55607202034894
25,18.778638533456764,6.124674995619365,15.165983501097623,15.178783921483083
50,18.940056246553794,-1.0962483718971736,17.231624673625006,17.557708530137873
