c0,c1,c2,c3,rmse,kfold rmse
10.157235575639616,-8.520569467475158e-09,-0.008803583816069264,-0.08750436018319684,13.919870215822607,13.921718610212926
