model,normality p-value,AIC of centered model,BIC of centered model,log likelihood,R2 coefficient,homocedasticity levene p-value,homocedasticity bartlett p-value
linear,,124.65698639058931,128.07308679279373,-61.328493195294655,-0.03414950706199149,0.036710798814445035,5.29471646682557e-08
poly2,,124.64355140284962,128.05965180505405,-61.32177570142481,-0.03322366934793619,0.03710319246977488,9.281884999585919e-08
poly3,,124.72049537442709,128.1365957766315,-61.360247687213544,-0.03853730828917956,0.038303771058734705,1.8542971786470371e-07
exp,,124.43221397334936,127.84831437555378,-61.21610698667468,-0.01876848356702232,0.05521016944757931,1.632849714075433e-05
log,,124.61150839823225,128.02760880043667,-61.30575419911612,-0.031018852431158317,0.03671079881479122,5.294716456228689e-08
power,,124.60944990636305,128.02555030856746,-61.30472495318153,-0.03087737254423839,0.03671079881610042,5.294716416153769e-08
hmult,,124.61208958321097,128.0281899854154,-61.30604479160549,-0.031058800716385004,0.036710798828432395,5.2947160386698144e-08
