model,normality p-value,AIC of centered model,BIC of centered model,log likelihood,R2 coefficient,homocedasticity levene p-value,homocedasticity bartlett p-value
linear,,107.67628008989809,111.0923804921025,-52.83814004494904,-0.09760529551058972,0.026380943734117444,1.755457507321069e-08
poly2,,107.76601978055189,111.18212018275631,-52.88300989027594,-0.10419156149360442,0.024955501627644722,3.913516116314223e-08
poly3,,107.50162819280608,110.9177285950105,-52.75081409640304,-0.08489948570592154,0.026293133889839466,1.8398372634090423e-08
exp,,106.64227301310677,110.0583734153112,-52.32113650655339,-0.024492120384223437,0.019178664856428992,3.4406498869671363e-06
log,,107.7380137107367,111.15411411294112,-52.86900685536835,-0.1021318804802398,0.026380943805077786,1.7554574365191106e-08
power,,107.74959791301013,111.16569831521456,-52.87479895650507,-0.10298336380545492,0.02638094377736403,1.7554573973217894e-08
hmult,,107.73739693868619,111.15349734089061,-52.868698469343094,-0.10208656380258985,0.026380943801015008,1.7554574307728235e-08
