model,normality p-value,AIC of centered model,BIC of centered model,log likelihood,R2 coefficient,homocedasticity levene p-value,homocedasticity bartlett p-value
linear,,78.95747312004501,81.35192227471745,-38.478736560022504,-0.01962066986721367,0.3184198414330166,0.13717288217800147
poly2,,78.98206854191342,81.37651769658586,-38.49103427095671,-0.022410925272393856,0.3296006821854812,0.13804932046269427
poly3,,79.03724228487279,81.43169143954523,-38.518621142436395,-0.028697980891861707,0.34194640596690407,0.14001394643484097
exp,,79.06425204068019,81.45870119535263,-38.532126020340094,-0.03178982704555322,0.433041426510079,0.17733819374733945
log,,78.97007765927478,81.36452681394722,-38.48503882963739,-0.02104965347506793,0.318419841399757,0.13717288217710924
power,,78.89342070915569,81.28786986382813,-38.446710354577846,-0.012389857430702644,0.265647739174845,0.15555252523170593
hmult,,78.97010617949911,81.36455533417156,-38.485053089749556,-0.021052889098545746,0.3184198414030967,0.13717288217719797
