model,log likelihood,R2 coefficient,normality pearson p-value,normality shapiro p-value,homocedasticity levene p-value,homocedasticity bartlett p-value
linear,-62.515509687319145,-0.025529927645042694,0.19073992126740896,0.046233098953962326,0.26115718037347846,0.07116661326698416
poly2,-62.555571521442666,-0.03102253215264028,0.2000035062473058,0.051309242844581604,0.2557594584802376,0.07062788548837866
poly3,-62.53019490497197,-0.02753991216647589,0.20017380862318035,0.05147376284003258,0.2556814104562355,0.0706263338681802
exp,-62.640922278029336,-0.04282268871260775,0.28780789859766764,0.1378132402896881,0.2041624493218348,0.08973947139517764
log,-62.52166226398756,-0.026371559678960876,0.19073992126232298,0.046233098953962326,0.2611571803771465,0.07116661326755937
power,-62.394258659192346,-0.009083686347719722,0.16140264928653772,0.046468865126371384,0.2892696009311938,0.08923650732696273
hmult,-62.52134843986372,-0.026328613890069574,0.19073992125518127,0.046233098953962326,0.2611571803822966,0.07116661326836748
