model,normality p-value,AIC of centered model,BIC of centered model,log likelihood,R2 coefficient,homocedasticity levene p-value,homocedasticity bartlett p-value
linear,,109.3242336792782,112.74033408148262,-53.6621168396391,-0.08812600161813444,0.04924989492229192,0.0004450872121138952
poly2,,109.36427863557539,112.78037903777981,-53.682139317787694,-0.09103481321032936,0.04924895900083684,0.0004450935764351773
poly3,,109.56516753782954,112.98126794003396,-53.78258376891477,-0.10574488205847166,0.0384906699199902,0.0005632778180377805
exp,,108.70616376775888,112.1222641699633,-53.35308188387944,-0.04420130449561932,0.01911168440124527,0.0015616313637325633
log,,109.37714619984426,112.79324660204868,-53.68857309992213,-0.09197114546866425,0.04924989491739025,0.0004450872119645013
power,,109.35988322341464,112.77598362561906,-53.67994161170732,-0.09071515686761122,0.049249894870002336,0.000445087210818518
hmult,,109.3594476617596,112.77554806396402,-53.6797238308798,-0.09068348574751073,0.049249894922051986,0.0004450872120772368
